employee_id,job_role,total_required_skills,current_skills_count,matched_skills_count,missing_skills_count,career_readiness_pct,missing_skills_list,current_skills_list
1,Sales Executive,19,9,9,10,47.37,Adobe Acrobat|Adobe Creative Cloud software|Adobe InDesign|Adobe Photoshop|Apple macOS|Microsoft Office software|Monitoring|Reading Comprehension|Speaking|Writing,Active Learning|Active Listening|Adobe Illustrator|Autodesk AutoCAD|Critical Thinking|Microsoft Excel|Microsoft Outlook|Microsoft PowerPoint|Salesforce software
2,Research Scientist,22,11,11,11,50.0,Amazon Web Services AWS software|Ansible software|Apache Spark|Bash|Critical Thinking|Git|GitHub|Go|Learning Strategies|Monitoring|Writing,Active Learning|Active Listening|Apache Hadoop|Apache Kafka|C|C++|Docker|Mathematics|Reading Comprehension|Science|Speaking
4,Laboratory Technician,20,9,9,11,45.0,Active Learning|Billing software|Commercial plate reader software|Critical Thinking|Database software|Google Docs|MEDITECH software|Microsoft PowerPoint|Microsoft Word|SAP software|Speaking,Active Listening|Data entry software|Microsoft Excel|Microsoft Office software|Microsoft Outlook|Monitoring|Reading Comprehension|Science|Writing
5,Research Scientist,22,10,10,12,45.45,Active Learning|Active Listening|Apache Hadoop|C|Docker|GitHub|Go|Mathematics|Monitoring|Reading Comprehension|Science|Speaking,Amazon Web Services AWS software|Ansible software|Apache Kafka|Apache Spark|Bash|C++|Critical Thinking|Git|Learning Strategies|Writing
7,Laboratory Technician,20,9,9,11,45.0,Active Learning|Active Listening|Billing software|Critical Thinking|Data entry software|Database software|Microsoft Office software|Microsoft Word|Monitoring|SAP software|Science,Commercial plate reader software|Google Docs|MEDITECH software|Microsoft Excel|Microsoft Outlook|Microsoft PowerPoint|Reading Comprehension|Speaking|Writing
8,Laboratory Technician,20,9,9,11,45.0,Active Learning|Billing software|Commercial plate reader software|Google Docs|Microsoft Office software|Microsoft PowerPoint|Microsoft Word|Reading Comprehension|Science|Speaking|Writing,Active Listening|Critical Thinking|Data entry software|Database software|MEDITECH software|Microsoft Excel|Microsoft Outlook|Monitoring|SAP software
10,Laboratory Technician,20,10,10,10,50.0,Commercial plate reader software|Critical Thinking|Data entry software|Database software|Google Docs|Microsoft Office software|Microsoft PowerPoint|Monitoring|Science|Speaking,Active Learning|Active Listening|Billing software|MEDITECH software|Microsoft Excel|Microsoft Outlook|Microsoft Word|Reading Comprehension|SAP software|Writing
11,Laboratory Technician,20,8,8,12,40.0,Active Listening|Critical Thinking|Data entry software|Google Docs|Microsoft Office software|Microsoft Outlook|Microsoft PowerPoint|Monitoring|Reading Comprehension|Science|Speaking|Writing,Active Learning|Billing software|Commercial plate reader software|Database software|MEDITECH software|Microsoft Excel|Microsoft Word|SAP software
12,Manufacturing Director,20,10,10,10,50.0,Active Learning|Active Listening|Adobe Acrobat|Adobe Creative Cloud software|Apple macOS|Autodesk AutoCAD|Microsoft Excel|Microsoft PowerPoint|Reading Comprehension|Writing,Adobe Photoshop|Amazon Web Services AWS software|Apache Hadoop|Atlassian Confluence|Atlassian JIRA|Critical Thinking|Learning Strategies|Microsoft Office software|Monitoring|Speaking
13,Healthcare Representative,19,11,11,8,57.89,Apache Hadoop|HubSpot software|Intuit QuickBooks|Microsoft Excel|Microsoft Office software|Reading Comprehension|Salesforce software|Speaking,Active Learning|Active Listening|Amazon Web Services AWS software|Critical Thinking|Google Analytics|Google Workspace software|IBM SPSS Statistics|Linux|Microsoft Outlook|Monitoring|Writing
14,Laboratory Technician,20,9,9,11,45.0,Active Listening|Critical Thinking|Data entry software|Database software|Google Docs|Microsoft PowerPoint|Microsoft Word|Monitoring|Science|Speaking|Writing,Active Learning|Billing software|Commercial plate reader software|MEDITECH software|Microsoft Excel|Microsoft Office software|Microsoft Outlook|Reading Comprehension|SAP software
15,Laboratory Technician,20,10,10,10,50.0,Commercial plate reader software|Critical Thinking|Data entry software|Database software|Microsoft Excel|Microsoft Office software|Microsoft PowerPoint|Microsoft Word|Speaking|Writing,Active Learning|Active Listening|Billing software|Google Docs|MEDITECH software|Microsoft Outlook|Monitoring|Reading Comprehension|SAP software|Science
16,Research Scientist,22,10,10,12,45.45,Active Learning|Amazon Web Services AWS software|Ansible software|Apache Hadoop|Apache Kafka|Bash|C++|Learning Strategies|Monitoring|Reading Comprehension|Speaking|Writing,Active Listening|Apache Spark|C|Critical Thinking|Docker|Git|GitHub|Go|Mathematics|Science
18,Laboratory Technician,20,8,8,12,40.0,Active Learning|Active Listening|Billing software|Commercial plate reader software|Critical Thinking|Data entry software|Google Docs|MEDITECH software|Microsoft Word|Reading Comprehension|Speaking|Writing,Database software|Microsoft Excel|Microsoft Office software|Microsoft Outlook|Microsoft PowerPoint|Monitoring|SAP software|Science
19,Laboratory Technician,20,9,9,11,45.0,Active Listening|Billing software|Database software|Microsoft Excel|Microsoft Office software|Microsoft PowerPoint|Microsoft Word|Monitoring|Reading Comprehension|Speaking|Writing,Active Learning|Commercial plate reader software|Critical Thinking|Data entry software|Google Docs|MEDITECH software|Microsoft Outlook|SAP software|Science
20,Manufacturing Director,20,10,10,10,50.0,Active Listening|Adobe Acrobat|Adobe Creative Cloud software|Adobe Photoshop|Apache Hadoop|Apple macOS|Learning Strategies|Microsoft Office software|Reading Comprehension|Speaking,Active Learning|Amazon Web Services AWS software|Atlassian Confluence|Atlassian JIRA|Autodesk AutoCAD|Critical Thinking|Microsoft Excel|Microsoft PowerPoint|Monitoring|Writing
21,Research Scientist,22,10,10,12,45.45,Active Learning|Amazon Web Services AWS software|C|C++|Critical Thinking|Docker|Git|GitHub|Mathematics|Reading Comprehension|Science|Speaking,Active Listening|Ansible software|Apache Hadoop|Apache Kafka|Apache Spark|Bash|Go|Learning Strategies|Monitoring|Writing
22,Laboratory Technician,20,8,8,12,40.0,Active Listening|Billing software|Critical Thinking|Data entry software|Database software|Google Docs|Microsoft Excel|Microsoft Office software|Microsoft PowerPoint|Microsoft Word|Monitoring|Writing,Active Learning|Commercial plate reader software|MEDITECH software|Microsoft Outlook|Reading Comprehension|SAP software|Science|Speaking
23,Manager,20,14,14,6,70.0,Active Listening|Adobe Acrobat|Atlassian Confluence|Critical Thinking|Microsoft PowerPoint|Writing,Active Learning|Adobe Creative Cloud software|Adobe Photoshop|Amazon Web Services AWS software|Apache Hadoop|Apple macOS|Atlassian JIRA|Autodesk AutoCAD|Learning Strategies|Microsoft Excel|Microsoft Office software|Monitoring|Reading Comprehension|Speaking
24,Research Scientist,22,10,10,12,45.45,Active Listening|Amazon Web Services AWS software|Ansible software|C|C++|Critical Thinking|Docker|Go|Mathematics|Reading Comprehension|Science|Speaking,Active Learning|Apache Hadoop|Apache Kafka|Apache Spark|Bash|Git|GitHub|Learning Strategies|Monitoring|Writing
26,Manufacturing Director,20,9,9,11,45.0,Active Learning|Active Listening|Adobe Creative Cloud software|Apache Hadoop|Atlassian Confluence|Autodesk AutoCAD|Learning Strategies|Microsoft Excel|Microsoft Office software|Reading Comprehension|Writing,Adobe Acrobat|Adobe Photoshop|Amazon Web Services AWS software|Apple macOS|Atlassian JIRA|Critical Thinking|Microsoft PowerPoint|Monitoring|Speaking
27,Sales Representative,19,9,9,10,47.37,Adobe Acrobat|Adobe Illustrator|Adobe InDesign|Apple macOS|Autodesk AutoCAD|Critical Thinking|Microsoft Excel|Microsoft PowerPoint|Reading Comprehension|Salesforce software,Active Learning|Active Listening|Adobe Creative Cloud software|Adobe Photoshop|Microsoft Office software|Microsoft Outlook|Monitoring|Speaking|Writing
28,Research Director,22,12,12,10,54.55,Active Learning|Active Listening|Critical Thinking|ESRI ArcGIS software|Learning Strategies|Microsoft Access|Microsoft Office software|Microsoft Outlook|Reading Comprehension|Science,Adobe Acrobat|Adobe Photoshop|IBM SPSS Statistics|Mathematics|Microsoft Excel|Microsoft PowerPoint|Microsoft Project|Microsoft SharePoint|Microsoft Visio|Monitoring|Speaking|Writing
30,Research Scientist,22,8,8,14,36.36,Active Learning|Active Listening|Amazon Web Services AWS software|Apache Hadoop|Apache Kafka|Apache Spark|Bash|Critical Thinking|GitHub|Go|Learning Strategies|Mathematics|Reading Comprehension|Speaking,Ansible software|C|C++|Docker|Git|Monitoring|Science|Writing
31,Research Scientist,22,10,10,12,45.45,Amazon Web Services AWS software|Ansible software|Apache Hadoop|Apache Kafka|C++|Critical Thinking|Git|GitHub|Go|Mathematics|Reading Comprehension|Writing,Active Learning|Active Listening|Apache Spark|Bash|C|Docker|Learning Strategies|Monitoring|Science|Speaking
32,Manager,20,13,13,7,65.0,Adobe Acrobat|Adobe Photoshop|Amazon Web Services AWS software|Atlassian JIRA|Learning Strategies|Microsoft Office software|Reading Comprehension,Active Learning|Active Listening|Adobe Creative Cloud software|Apache Hadoop|Apple macOS|Atlassian Confluence|Autodesk AutoCAD|Critical Thinking|Microsoft Excel|Microsoft PowerPoint|Monitoring|Speaking|Writing
33,Research Scientist,22,11,11,11,50.0,Active Learning|Apache Hadoop|C++|Critical Thinking|Learning Strategies|Mathematics|Monitoring|Reading Comprehension|Science|Speaking|Writing,Active Listening|Amazon Web Services AWS software|Ansible software|Apache Kafka|Apache Spark|Bash|C|Docker|Git|GitHub|Go
35,Sales Executive,19,9,9,10,47.37,Active Learning|Adobe Acrobat|Adobe Illustrator|Adobe Photoshop|Apple macOS|Autodesk AutoCAD|Microsoft Outlook|Reading Comprehension|Salesforce software|Writing,Active Listening|Adobe Creative Cloud software|Adobe InDesign|Critical Thinking|Microsoft Excel|Microsoft Office software|Microsoft PowerPoint|Monitoring|Speaking
36,Healthcare Representative,19,12,12,7,63.16,Active Learning|Active Listening|Apache Hadoop|Critical Thinking|Google Workspace software|HubSpot software|IBM SPSS Statistics,Amazon Web Services AWS software|Google Analytics|Intuit QuickBooks|Linux|Microsoft Excel|Microsoft Office software|Microsoft Outlook|Monitoring|Reading Comprehension|Salesforce software|Speaking|Writing
38,Manager,20,12,12,8,60.0,Active Listening|Apache Hadoop|Critical Thinking|Microsoft Office software|Microsoft PowerPoint|Monitoring|Speaking|Writing,Active Learning|Adobe Acrobat|Adobe Creative Cloud software|Adobe Photoshop|Amazon Web Services AWS software|Apple macOS|Atlassian Confluence|Atlassian JIRA|Autodesk AutoCAD|Learning Strategies|Microsoft Excel|Reading Comprehension
39,Laboratory Technician,20,9,9,11,45.0,Active Learning|Active Listening|Commercial plate reader software|Critical Thinking|Data entry software|MEDITECH software|Microsoft Excel|Microsoft Office software|Monitoring|Science|Speaking,Billing software|Database software|Google Docs|Microsoft Outlook|Microsoft PowerPoint|Microsoft Word|Reading Comprehension|SAP software|Writing
40,Healthcare Representative,19,9,9,10,47.37,Active Learning|Active Listening|Amazon Web Services AWS software|Intuit QuickBooks|Linux|Microsoft Excel|Microsoft Office software|Monitoring|Reading Comprehension|Speaking,Apache Hadoop|Critical Thinking|Google Analytics|Google Workspace software|HubSpot software|IBM SPSS Statistics|Microsoft Outlook|Salesforce software|Writing
41,Laboratory Technician,20,10,10,10,50.0,Active Learning|Active Listening|Billing software|Commercial plate reader software|Critical Thinking|Database software|Microsoft Excel|Microsoft Office software|Microsoft PowerPoint|Monitoring,Data entry software|Google Docs|MEDITECH software|Microsoft Outlook|Microsoft Word|Reading Comprehension|SAP software|Science|Speaking|Writing
42,Sales Representative,19,11,11,8,57.89,Adobe Acrobat|Adobe Photoshop|Apple macOS|Autodesk AutoCAD|Critical Thinking|Monitoring|Salesforce software|Writing,Active Learning|Active Listening|Adobe Creative Cloud software|Adobe Illustrator|Adobe InDesign|Microsoft Excel|Microsoft Office software|Microsoft Outlook|Microsoft PowerPoint|Reading Comprehension|Speaking
45,Research Scientist,22,10,10,12,45.45,Active Learning|Apache Hadoop|Apache Kafka|Bash|Docker|Git|GitHub|Go|Monitoring|Reading Comprehension|Science|Writing,Active Listening|Amazon Web Services AWS software|Ansible software|Apache Spark|C|C++|Critical Thinking|Learning Strategies|Mathematics|Speaking
46,Research Scientist,22,10,10,12,45.45,Active Learning|Active Listening|Ansible software|Apache Spark|Bash|GitHub|Go|Learning Strategies|Mathematics|Monitoring|Speaking|Writing,Amazon Web Services AWS software|Apache Hadoop|Apache Kafka|C|C++|Critical Thinking|Docker|Git|Reading Comprehension|Science
47,Sales Representative,19,8,8,11,42.11,Active Learning|Adobe Acrobat|Adobe Illustrator|Adobe InDesign|Adobe Photoshop|Apple macOS|Microsoft Excel|Microsoft Outlook|Microsoft PowerPoint|Reading Comprehension|Speaking,Active Listening|Adobe Creative Cloud software|Autodesk AutoCAD|Critical Thinking|Microsoft Office software|Monitoring|Salesforce software|Writing
49,Sales Representative,19,8,8,11,42.11,Active Listening|Adobe Illustrator|Adobe Photoshop|Autodesk AutoCAD|Critical Thinking|Microsoft Office software|Microsoft Outlook|Microsoft PowerPoint|Monitoring|Reading Comprehension|Speaking,Active Learning|Adobe Acrobat|Adobe Creative Cloud software|Adobe InDesign|Apple macOS|Microsoft Excel|Salesforce software|Writing
51,Research Scientist,22,10,10,12,45.45,Active Learning|Amazon Web Services AWS software|Apache Hadoop|Apache Kafka|Apache Spark|C|GitHub|Go|Learning Strategies|Monitoring|Reading Comprehension|Science,Active Listening|Ansible software|Bash|C++|Critical Thinking|Docker|Git|Mathematics|Speaking|Writing
52,Sales Executive,19,9,9,10,47.37,Active Listening|Adobe Acrobat|Adobe Creative Cloud software|Adobe Illustrator|Adobe InDesign|Adobe Photoshop|Autodesk AutoCAD|Microsoft Outlook|Salesforce software|Writing,Active Learning|Apple macOS|Critical Thinking|Microsoft Excel|Microsoft Office software|Microsoft PowerPoint|Monitoring|Reading Comprehension|Speaking
53,Laboratory Technician,20,8,8,12,40.0,Active Learning|Active Listening|Critical Thinking|Data entry software|Google Docs|MEDITECH software|Microsoft Excel|Microsoft Office software|Microsoft PowerPoint|Microsoft Word|Monitoring|Speaking,Billing software|Commercial plate reader software|Database software|Microsoft Outlook|Reading Comprehension|SAP software|Science|Writing
54,Laboratory Technician,20,8,8,12,40.0,Active Listening|Billing software|Data entry software|Database software|Microsoft Excel|Microsoft Office software|Microsoft Word|Monitoring|Reading Comprehension|SAP software|Science|Writing,Active Learning|Commercial plate reader software|Critical Thinking|Google Docs|MEDITECH software|Microsoft Outlook|Microsoft PowerPoint|Speaking
55,Laboratory Technician,20,8,8,12,40.0,Billing software|Commercial plate reader software|Critical Thinking|Data entry software|Database software|Google Docs|Microsoft Office software|Microsoft Word|Monitoring|Science|Speaking|Writing,Active Learning|Active Listening|MEDITECH software|Microsoft Excel|Microsoft Outlook|Microsoft PowerPoint|Reading Comprehension|SAP software
56,Sales Executive,19,9,9,10,47.37,Active Learning|Adobe Acrobat|Adobe Illustrator|Adobe InDesign|Apple macOS|Microsoft Office software|Microsoft Outlook|Monitoring|Speaking|Writing,Active Listening|Adobe Creative Cloud software|Adobe Photoshop|Autodesk AutoCAD|Critical Thinking|Microsoft Excel|Microsoft PowerPoint|Reading Comprehension|Salesforce software
57,Laboratory Technician,20,10,10,10,50.0,Billing software|Commercial plate reader software|Google Docs|MEDITECH software|Microsoft Excel|Microsoft Office software|Microsoft PowerPoint|Microsoft Word|Reading Comprehension|SAP software,Active Learning|Active Listening|Critical Thinking|Data entry software|Database software|Microsoft Outlook|Monitoring|Science|Speaking|Writing
58,Research Director,22,14,14,8,63.64,Critical Thinking|IBM SPSS Statistics|Microsoft Outlook|Microsoft Visio|Monitoring|Reading Comprehension|Speaking|Writing,Active Learning|Active Listening|Adobe Acrobat|Adobe Photoshop|ESRI ArcGIS software|Learning Strategies|Mathematics|Microsoft Access|Microsoft Excel|Microsoft Office software|Microsoft PowerPoint|Microsoft Project|Microsoft SharePoint|Science
60,Sales Executive,19,9,9,10,47.37,Active Listening|Adobe Creative Cloud software|Adobe InDesign|Apple macOS|Microsoft Excel|Microsoft Office software|Microsoft PowerPoint|Reading Comprehension|Speaking|Writing,Active Learning|Adobe Acrobat|Adobe Illustrator|Adobe Photoshop|Autodesk AutoCAD|Critical Thinking|Microsoft Outlook|Monitoring|Salesforce software
61,Research Scientist,22,10,10,12,45.45,Active Learning|Ansible software|C|C++|Docker|Git|GitHub|Learning Strategies|Mathematics|Monitoring|Reading Comprehension|Science,Active Listening|Amazon Web Services AWS software|Apache Hadoop|Apache Kafka|Apache Spark|Bash|Critical Thinking|Go|Speaking|Writing
62,Sales Executive,19,10,10,9,52.63,Active Listening|Adobe Illustrator|Adobe Photoshop|Apple macOS|Critical Thinking|Microsoft Office software|Microsoft Outlook|Microsoft PowerPoint|Speaking,Active Learning|Adobe Acrobat|Adobe Creative Cloud software|Adobe InDesign|Autodesk AutoCAD|Microsoft Excel|Monitoring|Reading Comprehension|Salesforce software|Writing
63,Laboratory Technician,20,8,8,12,40.0,Active Learning|Active Listening|Billing software|Commercial plate reader software|Critical Thinking|Database software|Google Docs|Microsoft PowerPoint|Microsoft Word|Monitoring|Science|Writing,Data entry software|MEDITECH software|Microsoft Excel|Microsoft Office software|Microsoft Outlook|Reading Comprehension|SAP software|Speaking
64,Laboratory Technician,20,13,13,7,65.0,Google Docs|MEDITECH software|Microsoft Excel|Microsoft Office software|Microsoft PowerPoint|Microsoft Word|Writing,Active Learning|Active Listening|Billing software|Commercial plate reader software|Critical Thinking|Data entry software|Database software|Microsoft Outlook|Monitoring|Reading Comprehension|SAP software|Science|Speaking
65,Laboratory Technician,20,8,8,12,40.0,Active Listening|Billing software|Commercial plate reader software|Critical Thinking|Database software|Google Docs|MEDITECH software|Microsoft Outlook|Microsoft Word|Reading Comprehension|Science|Speaking,Active Learning|Data entry software|Microsoft Excel|Microsoft Office software|Microsoft PowerPoint|Monitoring|SAP software|Writing
68,Sales Executive,19,9,9,10,47.37,Active Learning|Adobe Illustrator|Adobe Photoshop|Apple macOS|Autodesk AutoCAD|Microsoft Outlook|Monitoring|Reading Comprehension|Speaking|Writing,Active Listening|Adobe Acrobat|Adobe Creative Cloud software|Adobe InDesign|Critical Thinking|Microsoft Excel|Microsoft Office software|Microsoft PowerPoint|Salesforce software
70,Healthcare Representative,19,9,9,10,47.37,Active Listening|Amazon Web Services AWS software|Critical Thinking|IBM SPSS Statistics|Intuit QuickBooks|Linux|Microsoft Excel|Microsoft Office software|Monitoring|Reading Comprehension,Active Learning|Apache Hadoop|Google Analytics|Google Workspace software|HubSpot software|Microsoft Outlook|Salesforce software|Speaking|Writing
72,Sales Executive,19,8,8,11,42.11,Active Learning|Active Listening|Adobe Acrobat|Adobe Creative Cloud software|Adobe Illustrator|Adobe InDesign|Apple macOS|Critical Thinking|Microsoft Office software|Monitoring|Salesforce software,Adobe Photoshop|Autodesk AutoCAD|Microsoft Excel|Microsoft Outlook|Microsoft PowerPoint|Reading Comprehension|Speaking|Writing
73,Research Director,22,12,12,10,54.55,Active Learning|Active Listening|ESRI ArcGIS software|Learning Strategies|Microsoft Office software|Microsoft Outlook|Microsoft PowerPoint|Microsoft SharePoint|Reading Comprehension|Writing,Adobe Acrobat|Adobe Photoshop|Critical Thinking|IBM SPSS Statistics|Mathematics|Microsoft Access|Microsoft Excel|Microsoft Project|Microsoft Visio|Monitoring|Science|Speaking
74,Sales Executive,19,9,9,10,47.37,Active Learning|Active Listening|Adobe Creative Cloud software|Adobe Illustrator|Adobe Photoshop|Autodesk AutoCAD|Critical Thinking|Microsoft Office software|Microsoft PowerPoint|Monitoring,Adobe Acrobat|Adobe InDesign|Apple macOS|Microsoft Excel|Microsoft Outlook|Reading Comprehension|Salesforce software|Speaking|Writing
75,Laboratory Technician,20,8,8,12,40.0,Active Listening|Billing software|Commercial plate reader software|Database software|Google Docs|MEDITECH software|Microsoft Office software|Microsoft Word|Reading Comprehension|SAP software|Science|Speaking,Active Learning|Critical Thinking|Data entry software|Microsoft Excel|Microsoft Outlook|Microsoft PowerPoint|Monitoring|Writing
76,Laboratory Technician,20,10,10,10,50.0,Active Learning|Active Listening|Billing software|Commercial plate reader software|Google Docs|Microsoft Excel|Microsoft Word|Monitoring|SAP software|Writing,Critical Thinking|Data entry software|Database software|MEDITECH software|Microsoft Office software|Microsoft Outlook|Microsoft PowerPoint|Reading Comprehension|Science|Speaking
77,Manufacturing Director,20,9,9,11,45.0,Adobe Acrobat|Adobe Creative Cloud software|Amazon Web Services AWS software|Apple macOS|Atlassian JIRA|Autodesk AutoCAD|Critical Thinking|Microsoft Excel|Monitoring|Reading Comprehension|Writing,Active Learning|Active Listening|Adobe Photoshop|Apache Hadoop|Atlassian Confluence|Learning Strategies|Microsoft Office software|Microsoft PowerPoint|Speaking
78,Manufacturing Director,20,10,10,10,50.0,Active Listening|Adobe Acrobat|Apache Hadoop|Atlassian Confluence|Atlassian JIRA|Autodesk AutoCAD|Microsoft Excel|Microsoft Office software|Microsoft PowerPoint|Reading Comprehension,Active Learning|Adobe Creative Cloud software|Adobe Photoshop|Amazon Web Services AWS software|Apple macOS|Critical Thinking|Learning Strategies|Monitoring|Speaking|Writing
79,Laboratory Technician,20,10,10,10,50.0,Active Listening|Commercial plate reader software|MEDITECH software|Microsoft Excel|Microsoft Office software|Microsoft PowerPoint|Microsoft Word|Monitoring|Reading Comprehension|Speaking,Active Learning|Billing software|Critical Thinking|Data entry software|Database software|Google Docs|Microsoft Outlook|SAP software|Science|Writing
80,Research Director,22,15,15,7,68.18,Adobe Photoshop|Learning Strategies|Microsoft PowerPoint|Microsoft SharePoint|Reading Comprehension|Science|Speaking,Active Learning|Active Listening|Adobe Acrobat|Critical Thinking|ESRI ArcGIS software|IBM SPSS Statistics|Mathematics|Microsoft Access|Microsoft Excel|Microsoft Office software|Microsoft Outlook|Microsoft Project|Microsoft Visio|Monitoring|Writing
81,Sales Executive,19,13,13,6,68.42,Adobe Acrobat|Adobe Illustrator|Adobe InDesign|Adobe Photoshop|Microsoft Excel|Speaking,Active Learning|Active Listening|Adobe Creative Cloud software|Apple macOS|Autodesk AutoCAD|Critical Thinking|Microsoft Office software|Microsoft Outlook|Microsoft PowerPoint|Monitoring|Reading Comprehension|Salesforce software|Writing
83,Healthcare Representative,19,11,11,8,57.89,Amazon Web Services AWS software|Google Analytics|Google Workspace software|Intuit QuickBooks|Microsoft Office software|Monitoring|Salesforce software|Speaking,Active Learning|Active Listening|Apache Hadoop|Critical Thinking|HubSpot software|IBM SPSS Statistics|Linux|Microsoft Excel|Microsoft Outlook|Reading Comprehension|Writing
84,Manager,20,12,12,8,60.0,Adobe Creative Cloud software|Apache Hadoop|Autodesk AutoCAD|Critical Thinking|Learning Strategies|Microsoft Excel|Microsoft Office software|Reading Comprehension,Active Learning|Active Listening|Adobe Acrobat|Adobe Photoshop|Amazon Web Services AWS software|Apple macOS|Atlassian Confluence|Atlassian JIRA|Microsoft PowerPoint|Monitoring|Speaking|Writing
85,Manufacturing Director,20,9,9,11,45.0,Active Learning|Adobe Acrobat|Adobe Creative Cloud software|Amazon Web Services AWS software|Apache Hadoop|Autodesk AutoCAD|Microsoft Excel|Microsoft Office software|Microsoft PowerPoint|Monitoring|Writing,Active Listening|Adobe Photoshop|Apple macOS|Atlassian Confluence|Atlassian JIRA|Critical Thinking|Learning Strategies|Reading Comprehension|Speaking
86,Research Scientist,22,14,14,8,63.64,Active Listening|Apache Kafka|Apache Spark|Critical Thinking|Git|GitHub|Go|Speaking,Active Learning|Amazon Web Services AWS software|Ansible software|Apache Hadoop|Bash|C|C++|Docker|Learning Strategies|Mathematics|Monitoring|Reading Comprehension|Science|Writing
88,Research Scientist,22,10,10,12,45.45,Active Learning|Active Listening|Amazon Web Services AWS software|Apache Hadoop|Bash|C++|Critical Thinking|Git|GitHub|Go|Mathematics|Writing,Ansible software|Apache Kafka|Apache Spark|C|Docker|Learning Strategies|Monitoring|Reading Comprehension|Science|Speaking
90,Research Scientist,22,9,9,13,40.91,Active Learning|Amazon Web Services AWS software|Ansible software|Apache Hadoop|Apache Spark|Bash|C++|Critical Thinking|GitHub|Learning Strategies|Reading Comprehension|Speaking|Writing,Active Listening|Apache Kafka|C|Docker|Git|Go|Mathematics|Monitoring|Science
91,Sales Executive,19,11,11,8,57.89,Active Listening|Adobe Photoshop|Apple macOS|Critical Thinking|Microsoft Excel|Monitoring|Speaking|Writing,Active Learning|Adobe Acrobat|Adobe Creative Cloud software|Adobe Illustrator|Adobe InDesign|Autodesk AutoCAD|Microsoft Office software|Microsoft Outlook|Microsoft PowerPoint|Reading Comprehension|Salesforce software
94,Research Scientist,22,10,10,12,45.45,Active Learning|Amazon Web Services AWS software|Apache Hadoop|Apache Spark|C++|Go|Learning Strategies|Mathematics|Monitoring|Reading Comprehension|Science|Speaking,Active Listening|Ansible software|Apache Kafka|Bash|C|Critical Thinking|Docker|Git|GitHub|Writing
95,Research Scientist,22,9,9,13,40.91,Active Listening|Ansible software|Apache Hadoop|Apache Spark|C|C++|Docker|Git|Go|Learning Strategies|Mathematics|Monitoring|Speaking,Active Learning|Amazon Web Services AWS software|Apache Kafka|Bash|Critical Thinking|GitHub|Reading Comprehension|Science|Writing
96,Research Scientist,22,11,11,11,50.0,Active Listening|Amazon Web Services AWS software|Ansible software|Bash|C++|Docker|Git|GitHub|Mathematics|Reading Comprehension|Science,Active Learning|Apache Hadoop|Apache Kafka|Apache Spark|C|Critical Thinking|Go|Learning Strategies|Monitoring|Speaking|Writing
97,Laboratory Technician,20,9,9,11,45.0,Active Learning|Active Listening|Billing software|MEDITECH software|Microsoft Excel|Microsoft PowerPoint|Microsoft Word|Monitoring|SAP software|Speaking|Writing,Commercial plate reader software|Critical Thinking|Data entry software|Database software|Google Docs|Microsoft Office software|Microsoft Outlook|Reading Comprehension|Science
98,Manufacturing Director,20,10,10,10,50.0,Active Learning|Adobe Creative Cloud software|Adobe Photoshop|Amazon Web Services AWS software|Apache Hadoop|Critical Thinking|Learning Strategies|Microsoft Office software|Monitoring|Writing,Active Listening|Adobe Acrobat|Apple macOS|Atlassian Confluence|Atlassian JIRA|Autodesk AutoCAD|Microsoft Excel|Microsoft PowerPoint|Reading Comprehension|Speaking
100,Sales Executive,19,11,11,8,57.89,Adobe Acrobat|Microsoft Excel|Microsoft Office software|Microsoft Outlook|Microsoft PowerPoint|Monitoring|Speaking|Writing,Active Learning|Active Listening|Adobe Creative Cloud software|Adobe Illustrator|Adobe InDesign|Adobe Photoshop|Apple macOS|Autodesk AutoCAD|Critical Thinking|Reading Comprehension|Salesforce software
101,Research Director,22,13,13,9,59.09,Adobe Acrobat|Learning Strategies|Microsoft Access|Microsoft Excel|Microsoft PowerPoint|Microsoft Project|Microsoft SharePoint|Microsoft Visio|Speaking,Active Learning|Active Listening|Adobe Photoshop|Critical Thinking|ESRI ArcGIS software|IBM SPSS Statistics|Mathematics|Microsoft Office software|Microsoft Outlook|Monitoring|Reading Comprehension|Science|Writing
102,Research Director,22,12,12,10,54.55,Adobe Acrobat|ESRI ArcGIS software|IBM SPSS Statistics|Learning Strategies|Mathematics|Microsoft Access|Microsoft Office software|Microsoft Project|Microsoft SharePoint|Reading Comprehension,Active Learning|Active Listening|Adobe Photoshop|Critical Thinking|Microsoft Excel|Microsoft Outlook|Microsoft PowerPoint|Microsoft Visio|Monitoring|Science|Speaking|Writing
103,Human Resources,20,11,11,9,55.0,Active Listening|Adobe Acrobat|Adobe Photoshop|Critical Thinking|Learning Strategies|Microsoft Excel|Microsoft Office software|Speaking|Writing,Active Learning|Adobe Creative Cloud software|Adobe Illustrator|Adobe InDesign|Applicant tracking software|Microsoft Outlook|Microsoft PowerPoint|Monitoring|Oracle HRIS|Reading Comprehension|Workday software
104,Laboratory Technician,20,10,10,10,50.0,Active Learning|Billing software|Commercial plate reader software|MEDITECH software|Microsoft Excel|Microsoft Outlook|Microsoft PowerPoint|Microsoft Word|Monitoring|Speaking,Active Listening|Critical Thinking|Data entry software|Database software|Google Docs|Microsoft Office software|Reading Comprehension|SAP software|Science|Writing
105,Research Scientist,22,10,10,12,45.45,Active Learning|Active Listening|Apache Kafka|Bash|C|Critical Thinking|Go|Learning Strategies|Monitoring|Reading Comprehension|Speaking|Writing,Amazon Web Services AWS software|Ansible software|Apache Hadoop|Apache Spark|C++|Docker|Git|GitHub|Mathematics|Science
106,Sales Executive,19,12,12,7,63.16,Active Learning|Microsoft Office software|Microsoft Outlook|Microsoft PowerPoint|Monitoring|Reading Comprehension|Writing,Active Listening|Adobe Acrobat|Adobe Creative Cloud software|Adobe Illustrator|Adobe InDesign|Adobe Photoshop|Apple macOS|Autodesk AutoCAD|Critical Thinking|Microsoft Excel|Salesforce software|Speaking
107,Research Scientist,22,13,13,9,59.09,Active Learning|Amazon Web Services AWS software|Ansible software|Apache Kafka|Bash|C|Git|GitHub|Science,Active Listening|Apache Hadoop|Apache Spark|C++|Critical Thinking|Docker|Go|Learning Strategies|Mathematics|Monitoring|Reading Comprehension|Speaking|Writing
110,Manufacturing Director,20,9,9,11,45.0,Active Learning|Adobe Acrobat|Adobe Photoshop|Amazon Web Services AWS software|Apache Hadoop|Apple macOS|Atlassian Confluence|Atlassian JIRA|Microsoft Excel|Monitoring|Speaking,Active Listening|Adobe Creative Cloud software|Autodesk AutoCAD|Critical Thinking|Learning Strategies|Microsoft Office software|Microsoft PowerPoint|Reading Comprehension|Writing
112,Manufacturing Director,20,16,16,4,80.0,Active Learning|Active Listening|Microsoft Office software|Writing,Adobe Acrobat|Adobe Creative Cloud software|Adobe Photoshop|Amazon Web Services AWS software|Apache Hadoop|Apple macOS|Atlassian Confluence|Atlassian JIRA|Autodesk AutoCAD|Critical Thinking|Learning Strategies|Microsoft Excel|Microsoft PowerPoint|Monitoring|Reading Comprehension|Speaking
113,Sales Representative,19,8,8,11,42.11,Active Learning|Active Listening|Adobe Acrobat|Adobe InDesign|Critical Thinking|Microsoft Excel|Microsoft PowerPoint|Reading Comprehension|Salesforce software|Speaking|Writing,Adobe Creative Cloud software|Adobe Illustrator|Adobe Photoshop|Apple macOS|Autodesk AutoCAD|Microsoft Office software|Microsoft Outlook|Monitoring
116,Laboratory Technician,20,10,10,10,50.0,Active Learning|Commercial plate reader software|Critical Thinking|Data entry software|MEDITECH software|Microsoft Excel|Microsoft Office software|Microsoft Word|Science|Writing,Active Listening|Billing software|Database software|Google Docs|Microsoft Outlook|Microsoft PowerPoint|Monitoring|Reading Comprehension|SAP software|Speaking
117,Healthcare Representative,19,9,9,10,47.37,Active Listening|Amazon Web Services AWS software|Critical Thinking|HubSpot software|IBM SPSS Statistics|Intuit QuickBooks|Monitoring|Reading Comprehension|Salesforce software|Writing,Active Learning|Apache Hadoop|Google Analytics|Google Workspace software|Linux|Microsoft Excel|Microsoft Office software|Microsoft Outlook|Speaking
118,Sales Executive,19,9,9,10,47.37,Active Listening|Adobe Creative Cloud software|Adobe Illustrator|Adobe InDesign|Apple macOS|Autodesk AutoCAD|Critical Thinking|Microsoft Excel|Monitoring|Reading Comprehension,Active Learning|Adobe Acrobat|Adobe Photoshop|Microsoft Office software|Microsoft Outlook|Microsoft PowerPoint|Salesforce software|Speaking|Writing
119,Healthcare Representative,19,12,12,7,63.16,Active Listening|Critical Thinking|Intuit QuickBooks|Linux|Microsoft Office software|Speaking|Writing,Active Learning|Amazon Web Services AWS software|Apache Hadoop|Google Analytics|Google Workspace software|HubSpot software|IBM SPSS Statistics|Microsoft Excel|Microsoft Outlook|Monitoring|Reading Comprehension|Salesforce software
120,Sales Executive,19,9,9,10,47.37,Active Learning|Adobe Creative Cloud software|Adobe Illustrator|Autodesk AutoCAD|Microsoft Office software|Microsoft PowerPoint|Reading Comprehension|Salesforce software|Speaking|Writing,Active Listening|Adobe Acrobat|Adobe InDesign|Adobe Photoshop|Apple macOS|Critical Thinking|Microsoft Excel|Microsoft Outlook|Monitoring
121,Sales Executive,19,9,9,10,47.37,Active Listening|Autodesk AutoCAD|Microsoft Excel|Microsoft Office software|Microsoft Outlook|Microsoft PowerPoint|Monitoring|Reading Comprehension|Salesforce software|Writing,Active Learning|Adobe Acrobat|Adobe Creative Cloud software|Adobe Illustrator|Adobe InDesign|Adobe Photoshop|Apple macOS|Critical Thinking|Speaking
124,Healthcare Representative,19,12,12,7,63.16,Active Listening|Amazon Web Services AWS software|Apache Hadoop|Microsoft Office software|Monitoring|Salesforce software|Writing,Active Learning|Critical Thinking|Google Analytics|Google Workspace software|HubSpot software|IBM SPSS Statistics|Intuit QuickBooks|Linux|Microsoft Excel|Microsoft Outlook|Reading Comprehension|Speaking
125,Sales Executive,19,10,10,9,52.63,Adobe Illustrator|Adobe Photoshop|Apple macOS|Autodesk AutoCAD|Critical Thinking|Microsoft Outlook|Monitoring|Reading Comprehension|Speaking,Active Learning|Active Listening|Adobe Acrobat|Adobe Creative Cloud software|Adobe InDesign|Microsoft Excel|Microsoft Office software|Microsoft PowerPoint|Salesforce software|Writing
126,Research Director,22,12,12,10,54.55,Active Listening|Adobe Photoshop|ESRI ArcGIS software|Mathematics|Microsoft Access|Microsoft Excel|Microsoft Project|Monitoring|Reading Comprehension|Writing,Active Learning|Adobe Acrobat|Critical Thinking|IBM SPSS Statistics|Learning Strategies|Microsoft Office software|Microsoft Outlook|Microsoft PowerPoint|Microsoft SharePoint|Microsoft Visio|Science|Speaking
128,Sales Executive,19,8,8,11,42.11,Active Listening|Adobe Acrobat|Adobe Creative Cloud software|Adobe Illustrator|Adobe InDesign|Adobe Photoshop|Autodesk AutoCAD|Microsoft Excel|Microsoft Office software|Monitoring|Reading Comprehension,Active Learning|Apple macOS|Critical Thinking|Microsoft Outlook|Microsoft PowerPoint|Salesforce software|Speaking|Writing
129,Sales Executive,19,8,8,11,42.11,Active Learning|Active Listening|Adobe Illustrator|Adobe InDesign|Autodesk AutoCAD|Critical Thinking|Microsoft Office software|Monitoring|Reading Comprehension|Salesforce software|Writing,Adobe Acrobat|Adobe Creative Cloud software|Adobe Photoshop|Apple macOS|Microsoft Excel|Microsoft Outlook|Microsoft PowerPoint|Speaking
131,Sales Executive,19,15,15,4,78.95,Apple macOS|Critical Thinking|Microsoft Excel|Microsoft Office software,Active Learning|Active Listening|Adobe Acrobat|Adobe Creative Cloud software|Adobe Illustrator|Adobe InDesign|Adobe Photoshop|Autodesk AutoCAD|Microsoft Outlook|Microsoft PowerPoint|Monitoring|Reading Comprehension|Salesforce software|Speaking|Writing
132,Laboratory Technician,20,11,11,9,55.0,Billing software|Commercial plate reader software|Google Docs|Microsoft Excel|Microsoft Office software|Microsoft Outlook|Monitoring|Science|Writing,Active Learning|Active Listening|Critical Thinking|Data entry software|Database software|MEDITECH software|Microsoft PowerPoint|Microsoft Word|Reading Comprehension|SAP software|Speaking
133,Human Resources,20,9,9,11,45.0,Active Learning|Adobe Acrobat|Adobe Photoshop|Applicant tracking software|Microsoft Excel|Microsoft Outlook|Microsoft PowerPoint|Reading Comprehension|Speaking|Workday software|Writing,Active Listening|Adobe Creative Cloud software|Adobe Illustrator|Adobe InDesign|Critical Thinking|Learning Strategies|Microsoft Office software|Monitoring|Oracle HRIS
134,Research Scientist,22,9,9,13,40.91,Ansible software|Apache Kafka|Apache Spark|C|C++|Critical Thinking|Docker|Git|Learning Strategies|Mathematics|Monitoring|Science|Writing,Active Learning|Active Listening|Amazon Web Services AWS software|Apache Hadoop|Bash|GitHub|Go|Reading Comprehension|Speaking
137,Laboratory Technician,20,8,8,12,40.0,Billing software|Commercial plate reader software|Critical Thinking|Data entry software|Database software|Google Docs|MEDITECH software|Microsoft Excel|Microsoft Outlook|Microsoft PowerPoint|Microsoft Word|Science,Active Learning|Active Listening|Microsoft Office software|Monitoring|Reading Comprehension|SAP software|Speaking|Writing
138,Research Scientist,22,12,12,10,54.55,Active Learning|Amazon Web Services AWS software|Ansible software|Apache Hadoop|Apache Kafka|Bash|Critical Thinking|Docker|Go|Science,Active Listening|Apache Spark|C|C++|Git|GitHub|Learning Strategies|Mathematics|Monitoring|Reading Comprehension|Speaking|Writing
139,Healthcare Representative,19,11,11,8,57.89,Amazon Web Services AWS software|HubSpot software|IBM SPSS Statistics|Microsoft Office software|Microsoft Outlook|Monitoring|Reading Comprehension|Writing,Active Learning|Active Listening|Apache Hadoop|Critical Thinking|Google Analytics|Google Workspace software|Intuit QuickBooks|Linux|Microsoft Excel|Salesforce software|Speaking
140,Manager,20,14,14,6,70.0,Adobe Creative Cloud software|Apache Hadoop|Learning Strategies|Microsoft Office software|Speaking|Writing,Active Learning|Active Listening|Adobe Acrobat|Adobe Photoshop|Amazon Web Services AWS software|Apple macOS|Atlassian Confluence|Atlassian JIRA|Autodesk AutoCAD|Critical Thinking|Microsoft Excel|Microsoft PowerPoint|Monitoring|Reading Comprehension
141,Research Director,22,15,15,7,68.18,Adobe Photoshop|ESRI ArcGIS software|IBM SPSS Statistics|Mathematics|Microsoft Access|Microsoft Visio|Science,Active Learning|Active Listening|Adobe Acrobat|Critical Thinking|Learning Strategies|Microsoft Excel|Microsoft Office software|Microsoft Outlook|Microsoft PowerPoint|Microsoft Project|Microsoft SharePoint|Monitoring|Reading Comprehension|Speaking|Writing
142,Sales Executive,19,8,8,11,42.11,Active Listening|Adobe Creative Cloud software|Adobe InDesign|Adobe Photoshop|Apple macOS|Autodesk AutoCAD|Critical Thinking|Microsoft Outlook|Monitoring|Speaking|Writing,Active Learning|Adobe Acrobat|Adobe Illustrator|Microsoft Excel|Microsoft Office software|Microsoft PowerPoint|Reading Comprehension|Salesforce software
143,Research Scientist,22,9,9,13,40.91,Active Learning|Active Listening|Amazon Web Services AWS software|Ansible software|Apache Kafka|Apache Spark|C|Critical Thinking|Docker|Git|Go|Learning Strategies|Science,Apache Hadoop|Bash|C++|GitHub|Mathematics|Monitoring|Reading Comprehension|Speaking|Writing
144,Laboratory Technician,20,8,8,12,40.0,Active Learning|Billing software|Critical Thinking|Data entry software|MEDITECH software|Microsoft Excel|Microsoft Office software|Microsoft Outlook|Reading Comprehension|SAP software|Science|Writing,Active Listening|Commercial plate reader software|Database software|Google Docs|Microsoft PowerPoint|Microsoft Word|Monitoring|Speaking
145,Healthcare Representative,19,12,12,7,63.16,Active Learning|Active Listening|Apache Hadoop|IBM SPSS Statistics|Intuit QuickBooks|Linux|Monitoring,Amazon Web Services AWS software|Critical Thinking|Google Analytics|Google Workspace software|HubSpot software|Microsoft Excel|Microsoft Office software|Microsoft Outlook|Reading Comprehension|Salesforce software|Speaking|Writing
147,Laboratory Technician,20,10,10,10,50.0,Active Learning|Active Listening|Billing software|Commercial plate reader software|Critical Thinking|Database software|Microsoft Office software|Microsoft Word|Monitoring|Writing,Data entry software|Google Docs|MEDITECH software|Microsoft Excel|Microsoft Outlook|Microsoft PowerPoint|Reading Comprehension|SAP software|Science|Speaking
148,Manager,20,13,13,7,65.0,Adobe Creative Cloud software|Adobe Photoshop|Amazon Web Services AWS software|Atlassian Confluence|Atlassian JIRA|Critical Thinking|Microsoft Office software,Active Learning|Active Listening|Adobe Acrobat|Apache Hadoop|Apple macOS|Autodesk AutoCAD|Learning Strategies|Microsoft Excel|Microsoft PowerPoint|Monitoring|Reading Comprehension|Speaking|Writing
150,Laboratory Technician,20,9,9,11,45.0,Active Listening|Commercial plate reader software|Database software|Google Docs|Microsoft Excel|Microsoft Outlook|Microsoft PowerPoint|Monitoring|Reading Comprehension|SAP software|Speaking,Active Learning|Billing software|Critical Thinking|Data entry software|MEDITECH software|Microsoft Office software|Microsoft Word|Science|Writing
151,Research Scientist,22,11,11,11,50.0,Active Listening|Amazon Web Services AWS software|Ansible software|Apache Hadoop|Apache Kafka|C|Critical Thinking|Docker|Git|GitHub|Speaking,Active Learning|Apache Spark|Bash|C++|Go|Learning Strategies|Mathematics|Monitoring|Reading Comprehension|Science|Writing
152,Sales Executive,19,10,10,9,52.63,Active Learning|Active Listening|Adobe Creative Cloud software|Adobe Illustrator|Autodesk AutoCAD|Microsoft Outlook|Microsoft PowerPoint|Reading Comprehension|Speaking,Adobe Acrobat|Adobe InDesign|Adobe Photoshop|Apple macOS|Critical Thinking|Microsoft Excel|Microsoft Office software|Monitoring|Salesforce software|Writing
153,Manager,20,11,11,9,55.0,Active Learning|Adobe Acrobat|Adobe Photoshop|Amazon Web Services AWS software|Microsoft Excel|Monitoring|Reading Comprehension|Speaking|Writing,Active Listening|Adobe Creative Cloud software|Apache Hadoop|Apple macOS|Atlassian Confluence|Atlassian JIRA|Autodesk AutoCAD|Critical Thinking|Learning Strategies|Microsoft Office software|Microsoft PowerPoint
154,Sales Executive,19,9,9,10,47.37,Adobe Acrobat|Adobe InDesign|Apple macOS|Autodesk AutoCAD|Microsoft Excel|Microsoft Office software|Microsoft Outlook|Salesforce software|Speaking|Writing,Active Learning|Active Listening|Adobe Creative Cloud software|Adobe Illustrator|Adobe Photoshop|Critical Thinking|Microsoft PowerPoint|Monitoring|Reading Comprehension
155,Laboratory Technician,20,9,9,11,45.0,Active Learning|Billing software|Database software|Google Docs|Microsoft Excel|Microsoft Outlook|Microsoft PowerPoint|Microsoft Word|Monitoring|SAP software|Writing,Active Listening|Commercial plate reader software|Critical Thinking|Data entry software|MEDITECH software|Microsoft Office software|Reading Comprehension|Science|Speaking
158,Manager,20,13,13,7,65.0,Active Learning|Apache Hadoop|Atlassian JIRA|Autodesk AutoCAD|Microsoft Office software|Microsoft PowerPoint|Speaking,Active Listening|Adobe Acrobat|Adobe Creative Cloud software|Adobe Photoshop|Amazon Web Services AWS software|Apple macOS|Atlassian Confluence|Critical Thinking|Learning Strategies|Microsoft Excel|Monitoring|Reading Comprehension|Writing
159,Research Scientist,22,11,11,11,50.0,Active Listening|Ansible software|Apache Spark|C|Critical Thinking|Docker|Git|Go|Learning Strategies|Science|Speaking,Active Learning|Amazon Web Services AWS software|Apache Hadoop|Apache Kafka|Bash|C++|GitHub|Mathematics|Monitoring|Reading Comprehension|Writing
160,Sales Executive,19,9,9,10,47.37,Active Learning|Active Listening|Adobe Illustrator|Adobe Photoshop|Critical Thinking|Microsoft Excel|Microsoft Office software|Microsoft Outlook|Salesforce software|Writing,Adobe Acrobat|Adobe Creative Cloud software|Adobe InDesign|Apple macOS|Autodesk AutoCAD|Microsoft PowerPoint|Monitoring|Reading Comprehension|Speaking
161,Research Scientist,22,10,10,12,45.45,Amazon Web Services AWS software|Apache Kafka|Apache Spark|C|Docker|Git|GitHub|Go|Mathematics|Monitoring|Science|Speaking,Active Learning|Active Listening|Ansible software|Apache Hadoop|Bash|C++|Critical Thinking|Learning Strategies|Reading Comprehension|Writing
162,Research Director,22,14,14,8,63.64,Active Learning|Learning Strategies|Microsoft Access|Microsoft Excel|Microsoft Project|Microsoft Visio|Reading Comprehension|Speaking,Active Listening|Adobe Acrobat|Adobe Photoshop|Critical Thinking|ESRI ArcGIS software|IBM SPSS Statistics|Mathematics|Microsoft Office software|Microsoft Outlook|Microsoft PowerPoint|Microsoft SharePoint|Monitoring|Science|Writing
163,Sales Executive,19,10,10,9,52.63,Active Learning|Active Listening|Adobe Acrobat|Adobe Illustrator|Critical Thinking|Microsoft Outlook|Microsoft PowerPoint|Monitoring|Reading Comprehension,Adobe Creative Cloud software|Adobe InDesign|Adobe Photoshop|Apple macOS|Autodesk AutoCAD|Microsoft Excel|Microsoft Office software|Salesforce software|Speaking|Writing
164,Research Scientist,22,10,10,12,45.45,Active Listening|Amazon Web Services AWS software|Ansible software|Apache Hadoop|Apache Kafka|Apache Spark|Bash|Critical Thinking|Git|Go|Learning Strategies|Speaking,Active Learning|C|C++|Docker|GitHub|Mathematics|Monitoring|Reading Comprehension|Science|Writing
165,Healthcare Representative,19,16,16,3,84.21,Critical Thinking|Monitoring|Speaking,Active Learning|Active Listening|Amazon Web Services AWS software|Apache Hadoop|Google Analytics|Google Workspace software|HubSpot software|IBM SPSS Statistics|Intuit QuickBooks|Linux|Microsoft Excel|Microsoft Office software|Microsoft Outlook|Reading Comprehension|Salesforce software|Writing
167,Sales Representative,19,7,7,12,36.84,Adobe Acrobat|Adobe Illustrator|Adobe InDesign|Adobe Photoshop|Autodesk AutoCAD|Critical Thinking|Microsoft Excel|Microsoft Office software|Monitoring|Salesforce software|Speaking|Writing,Active Learning|Active Listening|Adobe Creative Cloud software|Apple macOS|Microsoft Outlook|Microsoft PowerPoint|Reading Comprehension
169,Laboratory Technician,20,8,8,12,40.0,Active Learning|Active Listening|Billing software|Commercial plate reader software|Critical Thinking|Database software|Microsoft Office software|Microsoft Outlook|Microsoft PowerPoint|Science|Speaking|Writing,Data entry software|Google Docs|MEDITECH software|Microsoft Excel|Microsoft Word|Monitoring|Reading Comprehension|SAP software
170,Manufacturing Director,20,11,11,9,55.0,Adobe Acrobat|Adobe Photoshop|Apple macOS|Atlassian Confluence|Autodesk AutoCAD|Learning Strategies|Microsoft PowerPoint|Monitoring|Speaking,Active Learning|Active Listening|Adobe Creative Cloud software|Amazon Web Services AWS software|Apache Hadoop|Atlassian JIRA|Critical Thinking|Microsoft Excel|Microsoft Office software|Reading Comprehension|Writing
171,Research Scientist,22,13,13,9,59.09,Active Listening|Amazon Web Services AWS software|Ansible software|Apache Hadoop|Bash|C++|Docker|Git|Speaking,Active Learning|Apache Kafka|Apache Spark|C|Critical Thinking|GitHub|Go|Learning Strategies|Mathematics|Monitoring|Reading Comprehension|Science|Writing
174,Sales Executive,19,11,11,8,57.89,Adobe Acrobat|Adobe Creative Cloud software|Microsoft Excel|Microsoft Office software|Microsoft PowerPoint|Salesforce software|Speaking|Writing,Active Learning|Active Listening|Adobe Illustrator|Adobe InDesign|Adobe Photoshop|Apple macOS|Autodesk AutoCAD|Critical Thinking|Microsoft Outlook|Monitoring|Reading Comprehension
175,Sales Executive,19,8,8,11,42.11,Adobe Acrobat|Adobe Creative Cloud software|Adobe Illustrator|Adobe InDesign|Apple macOS|Autodesk AutoCAD|Critical Thinking|Microsoft PowerPoint|Monitoring|Reading Comprehension|Writing,Active Learning|Active Listening|Adobe Photoshop|Microsoft Excel|Microsoft Office software|Microsoft Outlook|Salesforce software|Speaking
176,Sales Executive,19,10,10,9,52.63,Active Listening|Adobe Acrobat|Adobe Creative Cloud software|Adobe InDesign|Autodesk AutoCAD|Critical Thinking|Microsoft PowerPoint|Monitoring|Writing,Active Learning|Adobe Illustrator|Adobe Photoshop|Apple macOS|Microsoft Excel|Microsoft Office software|Microsoft Outlook|Reading Comprehension|Salesforce software|Speaking
177,Human Resources,20,9,9,11,45.0,Adobe Acrobat|Adobe Illustrator|Adobe InDesign|Applicant tracking software|Microsoft Excel|Microsoft Office software|Microsoft PowerPoint|Monitoring|Oracle HRIS|Reading Comprehension|Writing,Active Learning|Active Listening|Adobe Creative Cloud software|Adobe Photoshop|Critical Thinking|Learning Strategies|Microsoft Outlook|Speaking|Workday software
178,Manufacturing Director,20,9,9,11,45.0,Active Learning|Active Listening|Adobe Photoshop|Apache Hadoop|Apple macOS|Atlassian Confluence|Critical Thinking|Microsoft Office software|Microsoft PowerPoint|Reading Comprehension|Writing,Adobe Acrobat|Adobe Creative Cloud software|Amazon Web Services AWS software|Atlassian JIRA|Autodesk AutoCAD|Learning Strategies|Microsoft Excel|Monitoring|Speaking
179,Manufacturing Director,20,12,12,8,60.0,Active Listening|Adobe Acrobat|Atlassian Confluence|Critical Thinking|Learning Strategies|Microsoft Office software|Microsoft PowerPoint|Reading Comprehension,Active Learning|Adobe Creative Cloud software|Adobe Photoshop|Amazon Web Services AWS software|Apache Hadoop|Apple macOS|Atlassian JIRA|Autodesk AutoCAD|Microsoft Excel|Monitoring|Speaking|Writing
182,Sales Executive,19,11,11,8,57.89,Active Learning|Adobe Acrobat|Adobe Creative Cloud software|Critical Thinking|Microsoft Excel|Microsoft Outlook|Reading Comprehension|Salesforce software,Active Listening|Adobe Illustrator|Adobe InDesign|Adobe Photoshop|Apple macOS|Autodesk AutoCAD|Microsoft Office software|Microsoft PowerPoint|Monitoring|Speaking|Writing
183,Sales Executive,19,8,8,11,42.11,Active Listening|Adobe Creative Cloud software|Adobe Illustrator|Adobe InDesign|Adobe Photoshop|Autodesk AutoCAD|Microsoft Office software|Microsoft Outlook|Microsoft PowerPoint|Salesforce software|Speaking,Active Learning|Adobe Acrobat|Apple macOS|Critical Thinking|Microsoft Excel|Monitoring|Reading Comprehension|Writing
184,Human Resources,20,10,10,10,50.0,Adobe Creative Cloud software|Applicant tracking software|Critical Thinking|Microsoft Office software|Microsoft Outlook|Microsoft PowerPoint|Reading Comprehension|Speaking|Workday software|Writing,Active Learning|Active Listening|Adobe Acrobat|Adobe Illustrator|Adobe InDesign|Adobe Photoshop|Learning Strategies|Microsoft Excel|Monitoring|Oracle HRIS
190,Laboratory Technician,20,10,10,10,50.0,Active Listening|Commercial plate reader software|Critical Thinking|Data entry software|Database software|Google Docs|MEDITECH software|Microsoft Office software|Microsoft Outlook|Reading Comprehension,Active Learning|Billing software|Microsoft Excel|Microsoft PowerPoint|Microsoft Word|Monitoring|SAP software|Science|Speaking|Writing
192,Research Scientist,22,11,11,11,50.0,Active Learning|Ansible software|Apache Spark|Critical Thinking|Git|GitHub|Go|Monitoring|Reading Comprehension|Science|Writing,Active Listening|Amazon Web Services AWS software|Apache Hadoop|Apache Kafka|Bash|C|C++|Docker|Learning Strategies|Mathematics|Speaking
193,Research Scientist,22,13,13,9,59.09,Amazon Web Services AWS software|Apache Kafka|Apache Spark|Critical Thinking|Go|Learning Strategies|Monitoring|Science|Speaking,Active Learning|Active Listening|Ansible software|Apache Hadoop|Bash|C|C++|Docker|Git|GitHub|Mathematics|Reading Comprehension|Writing
194,Research Scientist,22,10,10,12,45.45,Active Learning|Active Listening|Amazon Web Services AWS software|Apache Kafka|Apache Spark|C++|Critical Thinking|Docker|Learning Strategies|Reading Comprehension|Science|Speaking,Ansible software|Apache Hadoop|Bash|C|Git|GitHub|Go|Mathematics|Monitoring|Writing
195,Sales Executive,19,9,9,10,47.37,Active Listening|Adobe Acrobat|Adobe Illustrator|Adobe Photoshop|Apple macOS|Autodesk AutoCAD|Critical Thinking|Microsoft Outlook|Monitoring|Speaking,Active Learning|Adobe Creative Cloud software|Adobe InDesign|Microsoft Excel|Microsoft Office software|Microsoft PowerPoint|Reading Comprehension|Salesforce software|Writing
197,Research Scientist,22,10,10,12,45.45,Active Learning|Amazon Web Services AWS software|Ansible software|Apache Hadoop|Apache Spark|Bash|C|C++|Git|Learning Strategies|Monitoring|Writing,Active Listening|Apache Kafka|Critical Thinking|Docker|GitHub|Go|Mathematics|Reading Comprehension|Science|Speaking
198,Laboratory Technician,20,9,9,11,45.0,Active Learning|Commercial plate reader software|Critical Thinking|MEDITECH software|Microsoft PowerPoint|Microsoft Word|Monitoring|Reading Comprehension|SAP software|Speaking|Writing,Active Listening|Billing software|Data entry software|Database software|Google Docs|Microsoft Excel|Microsoft Office software|Microsoft Outlook|Science
199,Manager,20,12,12,8,60.0,Active Learning|Active Listening|Adobe Creative Cloud software|Apache Hadoop|Atlassian JIRA|Autodesk AutoCAD|Learning Strategies|Reading Comprehension,Adobe Acrobat|Adobe Photoshop|Amazon Web Services AWS software|Apple macOS|Atlassian Confluence|Critical Thinking|Microsoft Excel|Microsoft Office software|Microsoft PowerPoint|Monitoring|Speaking|Writing
200,Laboratory Technician,20,9,9,11,45.0,Active Learning|Active Listening|Critical Thinking|Data entry software|Database software|Microsoft Office software|Microsoft PowerPoint|Microsoft Word|Monitoring|Science|Speaking,Billing software|Commercial plate reader software|Google Docs|MEDITECH software|Microsoft Excel|Microsoft Outlook|Reading Comprehension|SAP software|Writing
201,Laboratory Technician,20,8,8,12,40.0,Active Learning|Commercial plate reader software|Critical Thinking|Data entry software|Database software|MEDITECH software|Microsoft Excel|Microsoft Outlook|Monitoring|Reading Comprehension|SAP software|Speaking,Active Listening|Billing software|Google Docs|Microsoft Office software|Microsoft PowerPoint|Microsoft Word|Science|Writing
202,Research Scientist,22,13,13,9,59.09,Active Learning|C++|Critical Thinking|Git|GitHub|Learning Strategies|Monitoring|Reading Comprehension|Speaking,Active Listening|Amazon Web Services AWS software|Ansible software|Apache Hadoop|Apache Kafka|Apache Spark|Bash|C|Docker|Go|Mathematics|Science|Writing
204,Sales Executive,19,9,9,10,47.37,Active Learning|Adobe Creative Cloud software|Adobe Illustrator|Apple macOS|Critical Thinking|Microsoft Office software|Microsoft PowerPoint|Monitoring|Reading Comprehension|Speaking,Active Listening|Adobe Acrobat|Adobe InDesign|Adobe Photoshop|Autodesk AutoCAD|Microsoft Excel|Microsoft Outlook|Salesforce software|Writing
205,Sales Representative,19,10,10,9,52.63,Active Listening|Adobe InDesign|Apple macOS|Autodesk AutoCAD|Critical Thinking|Microsoft Office software|Monitoring|Speaking|Writing,Active Learning|Adobe Acrobat|Adobe Creative Cloud software|Adobe Illustrator|Adobe Photoshop|Microsoft Excel|Microsoft Outlook|Microsoft PowerPoint|Reading Comprehension|Salesforce software
206,Laboratory Technician,20,12,12,8,60.0,Active Listening|Commercial plate reader software|Data entry software|Database software|Microsoft Excel|Microsoft Outlook|Reading Comprehension|Writing,Active Learning|Billing software|Critical Thinking|Google Docs|MEDITECH software|Microsoft Office software|Microsoft PowerPoint|Microsoft Word|Monitoring|SAP software|Science|Speaking
207,Sales Executive,19,9,9,10,47.37,Active Listening|Adobe Illustrator|Adobe Photoshop|Critical Thinking|Microsoft Excel|Microsoft Outlook|Microsoft PowerPoint|Salesforce software|Speaking|Writing,Active Learning|Adobe Acrobat|Adobe Creative Cloud software|Adobe InDesign|Apple macOS|Autodesk AutoCAD|Microsoft Office software|Monitoring|Reading Comprehension
208,Manufacturing Director,20,10,10,10,50.0,Adobe Acrobat|Adobe Photoshop|Amazon Web Services AWS software|Apache Hadoop|Atlassian JIRA|Critical Thinking|Microsoft Office software|Microsoft PowerPoint|Monitoring|Reading Comprehension,Active Learning|Active Listening|Adobe Creative Cloud software|Apple macOS|Atlassian Confluence|Autodesk AutoCAD|Learning Strategies|Microsoft Excel|Speaking|Writing
211,Manufacturing Director,20,10,10,10,50.0,Active Learning|Adobe Acrobat|Apache Hadoop|Apple macOS|Atlassian JIRA|Learning Strategies|Microsoft Excel|Microsoft Office software|Reading Comprehension|Writing,Active Listening|Adobe Creative Cloud software|Adobe Photoshop|Amazon Web Services AWS software|Atlassian Confluence|Autodesk AutoCAD|Critical Thinking|Microsoft PowerPoint|Monitoring|Speaking
214,Research Scientist,22,11,11,11,50.0,Active Learning|Amazon Web Services AWS software|C|Docker|Git|GitHub|Go|Mathematics|Reading Comprehension|Science|Writing,Active Listening|Ansible software|Apache Hadoop|Apache Kafka|Apache Spark|Bash|C++|Critical Thinking|Learning Strategies|Monitoring|Speaking
215,Sales Executive,19,10,10,9,52.63,Active Learning|Active Listening|Adobe Acrobat|Autodesk AutoCAD|Critical Thinking|Microsoft Excel|Monitoring|Salesforce software|Writing,Adobe Creative Cloud software|Adobe Illustrator|Adobe InDesign|Adobe Photoshop|Apple macOS|Microsoft Office software|Microsoft Outlook|Microsoft PowerPoint|Reading Comprehension|Speaking
216,Sales Representative,19,8,8,11,42.11,Active Learning|Active Listening|Adobe Acrobat|Adobe Illustrator|Adobe InDesign|Adobe Photoshop|Apple macOS|Microsoft Excel|Microsoft Office software|Reading Comprehension|Salesforce software,Adobe Creative Cloud software|Autodesk AutoCAD|Critical Thinking|Microsoft Outlook|Microsoft PowerPoint|Monitoring|Speaking|Writing
217,Research Scientist,22,9,9,13,40.91,Amazon Web Services AWS software|Ansible software|Apache Spark|C|Critical Thinking|GitHub|Go|Learning Strategies|Mathematics|Monitoring|Reading Comprehension|Science|Speaking,Active Learning|Active Listening|Apache Hadoop|Apache Kafka|Bash|C++|Docker|Git|Writing
218,Research Scientist,22,10,10,12,45.45,Active Learning|Amazon Web Services AWS software|Ansible software|Apache Spark|C|C++|Git|GitHub|Learning Strategies|Reading Comprehension|Science|Speaking,Active Listening|Apache Hadoop|Apache Kafka|Bash|Critical Thinking|Docker|Go|Mathematics|Monitoring|Writing
221,Research Scientist,22,10,10,12,45.45,Active Listening|Bash|C|C++|Critical Thinking|Docker|GitHub|Go|Monitoring|Science|Speaking|Writing,Active Learning|Amazon Web Services AWS software|Ansible software|Apache Hadoop|Apache Kafka|Apache Spark|Git|Learning Strategies|Mathematics|Reading Comprehension
223,Healthcare Representative,19,10,10,9,52.63,Active Listening|Critical Thinking|Google Analytics|Google Workspace software|Microsoft Excel|Microsoft Outlook|Monitoring|Reading Comprehension|Writing,Active Learning|Amazon Web Services AWS software|Apache Hadoop|HubSpot software|IBM SPSS Statistics|Intuit QuickBooks|Linux|Microsoft Office software|Salesforce software|Speaking
224,Research Scientist,22,9,9,13,40.91,Active Learning|Active Listening|Amazon Web Services AWS software|Ansible software|Bash|C|Docker|Git|GitHub|Go|Learning Strategies|Mathematics|Science,Apache Hadoop|Apache Kafka|Apache Spark|C++|Critical Thinking|Monitoring|Reading Comprehension|Speaking|Writing
226,Manager,20,12,12,8,60.0,Active Learning|Adobe Creative Cloud software|Amazon Web Services AWS software|Atlassian JIRA|Learning Strategies|Microsoft Excel|Monitoring|Reading Comprehension,Active Listening|Adobe Acrobat|Adobe Photoshop|Apache Hadoop|Apple macOS|Atlassian Confluence|Autodesk AutoCAD|Critical Thinking|Microsoft Office software|Microsoft PowerPoint|Speaking|Writing
227,Research Scientist,22,12,12,10,54.55,Active Learning|Ansible software|Apache Hadoop|Apache Kafka|Bash|C++|GitHub|Mathematics|Science|Speaking,Active Listening|Amazon Web Services AWS software|Apache Spark|C|Critical Thinking|Docker|Git|Go|Learning Strategies|Monitoring|Reading Comprehension|Writing
228,Sales Executive,19,10,10,9,52.63,Active Listening|Adobe Acrobat|Adobe Creative Cloud software|Apple macOS|Autodesk AutoCAD|Critical Thinking|Microsoft Office software|Monitoring|Speaking,Active Learning|Adobe Illustrator|Adobe InDesign|Adobe Photoshop|Microsoft Excel|Microsoft Outlook|Microsoft PowerPoint|Reading Comprehension|Salesforce software|Writing
230,Sales Executive,19,10,10,9,52.63,Active Listening|Adobe Acrobat|Adobe Creative Cloud software|Adobe Photoshop|Microsoft Excel|Microsoft PowerPoint|Monitoring|Reading Comprehension|Speaking,Active Learning|Adobe Illustrator|Adobe InDesign|Apple macOS|Autodesk AutoCAD|Critical Thinking|Microsoft Office software|Microsoft Outlook|Salesforce software|Writing
231,Research Scientist,22,10,10,12,45.45,Amazon Web Services AWS software|Ansible software|Apache Hadoop|Apache Spark|Bash|C|Git|Go|Learning Strategies|Reading Comprehension|Science|Writing,Active Learning|Active Listening|Apache Kafka|C++|Critical Thinking|Docker|GitHub|Mathematics|Monitoring|Speaking
233,Research Scientist,22,10,10,12,45.45,Active Learning|Active Listening|Apache Spark|C|Critical Thinking|Git|GitHub|Go|Learning Strategies|Mathematics|Reading Comprehension|Writing,Amazon Web Services AWS software|Ansible software|Apache Hadoop|Apache Kafka|Bash|C++|Docker|Monitoring|Science|Speaking
235,Sales Representative,19,7,7,12,36.84,Adobe Creative Cloud software|Adobe Illustrator|Adobe InDesign|Adobe Photoshop|Apple macOS|Critical Thinking|Microsoft Office software|Microsoft Outlook|Microsoft PowerPoint|Reading Comprehension|Salesforce software|Speaking,Active Learning|Active Listening|Adobe Acrobat|Autodesk AutoCAD|Microsoft Excel|Monitoring|Writing
238,Laboratory Technician,20,10,10,10,50.0,Active Learning|Active Listening|Commercial plate reader software|Database software|Google Docs|MEDITECH software|Microsoft Outlook|Microsoft PowerPoint|Science|Speaking,Billing software|Critical Thinking|Data entry software|Microsoft Excel|Microsoft Office software|Microsoft Word|Monitoring|Reading Comprehension|SAP software|Writing
239,Laboratory Technician,20,10,10,10,50.0,Active Learning|Active Listening|Critical Thinking|Data entry software|Google Docs|MEDITECH software|Microsoft PowerPoint|SAP software|Science|Writing,Billing software|Commercial plate reader software|Database software|Microsoft Excel|Microsoft Office software|Microsoft Outlook|Microsoft Word|Monitoring|Reading Comprehension|Speaking
240,Sales Executive,19,9,9,10,47.37,Adobe Creative Cloud software|Adobe Illustrator|Adobe Photoshop|Apple macOS|Critical Thinking|Microsoft Excel|Microsoft Office software|Microsoft Outlook|Monitoring|Salesforce software,Active Learning|Active Listening|Adobe Acrobat|Adobe InDesign|Autodesk AutoCAD|Microsoft PowerPoint|Reading Comprehension|Speaking|Writing
241,Research Scientist,22,13,13,9,59.09,Active Learning|Active Listening|Amazon Web Services AWS software|Bash|Critical Thinking|Docker|GitHub|Go|Science,Ansible software|Apache Hadoop|Apache Kafka|Apache Spark|C|C++|Git|Learning Strategies|Mathematics|Monitoring|Reading Comprehension|Speaking|Writing
242,Research Scientist,22,9,9,13,40.91,Amazon Web Services AWS software|Apache Hadoop|Apache Kafka|Bash|C|C++|Critical Thinking|Docker|Git|GitHub|Go|Reading Comprehension|Science,Active Learning|Active Listening|Ansible software|Apache Spark|Learning Strategies|Mathematics|Monitoring|Speaking|Writing
243,Laboratory Technician,20,8,8,12,40.0,Active Listening|Billing software|Commercial plate reader software|Database software|Google Docs|MEDITECH software|Microsoft Excel|Microsoft PowerPoint|Monitoring|Reading Comprehension|SAP software|Speaking,Active Learning|Critical Thinking|Data entry software|Microsoft Office software|Microsoft Outlook|Microsoft Word|Science|Writing
244,Sales Executive,19,12,12,7,63.16,Adobe Illustrator|Adobe Photoshop|Critical Thinking|Microsoft Excel|Microsoft Outlook|Reading Comprehension|Speaking,Active Learning|Active Listening|Adobe Acrobat|Adobe Creative Cloud software|Adobe InDesign|Apple macOS|Autodesk AutoCAD|Microsoft Office software|Microsoft PowerPoint|Monitoring|Salesforce software|Writing
245,Laboratory Technician,20,8,8,12,40.0,Active Listening|Billing software|Critical Thinking|Data entry software|Database software|MEDITECH software|Microsoft Outlook|Microsoft PowerPoint|Microsoft Word|Monitoring|SAP software|Science,Active Learning|Commercial plate reader software|Google Docs|Microsoft Excel|Microsoft Office software|Reading Comprehension|Speaking|Writing
246,Research Scientist,22,10,10,12,45.45,Active Learning|Apache Hadoop|Apache Spark|C++|Critical Thinking|Docker|Go|Learning Strategies|Mathematics|Science|Speaking|Writing,Active Listening|Amazon Web Services AWS software|Ansible software|Apache Kafka|Bash|C|Git|GitHub|Monitoring|Reading Comprehension
247,Research Scientist,22,11,11,11,50.0,Active Learning|Active Listening|Ansible software|Bash|Docker|Git|GitHub|Go|Mathematics|Monitoring|Speaking,Amazon Web Services AWS software|Apache Hadoop|Apache Kafka|Apache Spark|C|C++|Critical Thinking|Learning Strategies|Reading Comprehension|Science|Writing
248,Sales Representative,19,8,8,11,42.11,Active Learning|Active Listening|Adobe Acrobat|Adobe Creative Cloud software|Adobe Illustrator|Autodesk AutoCAD|Critical Thinking|Microsoft Excel|Microsoft Office software|Monitoring|Salesforce software,Adobe InDesign|Adobe Photoshop|Apple macOS|Microsoft Outlook|Microsoft PowerPoint|Reading Comprehension|Speaking|Writing
249,Laboratory Technician,20,9,9,11,45.0,Active Learning|Commercial plate reader software|Critical Thinking|Data entry software|Google Docs|Microsoft Excel|Microsoft PowerPoint|Microsoft Word|Monitoring|Reading Comprehension|Speaking,Active Listening|Billing software|Database software|MEDITECH software|Microsoft Office software|Microsoft Outlook|SAP software|Science|Writing
250,Manufacturing Director,20,9,9,11,45.0,Active Listening|Adobe Acrobat|Adobe Creative Cloud software|Adobe Photoshop|Apache Hadoop|Apple macOS|Atlassian Confluence|Monitoring|Reading Comprehension|Speaking|Writing,Active Learning|Amazon Web Services AWS software|Atlassian JIRA|Autodesk AutoCAD|Critical Thinking|Learning Strategies|Microsoft Excel|Microsoft Office software|Microsoft PowerPoint
252,Research Scientist,22,10,10,12,45.45,Active Learning|Ansible software|Apache Spark|C|C++|GitHub|Go|Learning Strategies|Mathematics|Monitoring|Reading Comprehension|Speaking,Active Listening|Amazon Web Services AWS software|Apache Hadoop|Apache Kafka|Bash|Critical Thinking|Docker|Git|Science|Writing
253,Manager,20,12,12,8,60.0,Active Learning|Active Listening|Adobe Photoshop|Apple macOS|Atlassian Confluence|Learning Strategies|Microsoft Excel|Monitoring,Adobe Acrobat|Adobe Creative Cloud software|Amazon Web Services AWS software|Apache Hadoop|Atlassian JIRA|Autodesk AutoCAD|Critical Thinking|Microsoft Office software|Microsoft PowerPoint|Reading Comprehension|Speaking|Writing
254,Research Director,22,17,17,5,77.27,Active Learning|Adobe Photoshop|Critical Thinking|Microsoft Excel|Monitoring,Active Listening|Adobe Acrobat|ESRI ArcGIS software|IBM SPSS Statistics|Learning Strategies|Mathematics|Microsoft Access|Microsoft Office software|Microsoft Outlook|Microsoft PowerPoint|Microsoft Project|Microsoft SharePoint|Microsoft Visio|Reading Comprehension|Science|Speaking|Writing
256,Manufacturing Director,20,10,10,10,50.0,Active Listening|Amazon Web Services AWS software|Autodesk AutoCAD|Critical Thinking|Microsoft Excel|Microsoft Office software|Microsoft PowerPoint|Reading Comprehension|Speaking|Writing,Active Learning|Adobe Acrobat|Adobe Creative Cloud software|Adobe Photoshop|Apache Hadoop|Apple macOS|Atlassian Confluence|Atlassian JIRA|Learning Strategies|Monitoring
258,Healthcare Representative,19,12,12,7,63.16,Apache Hadoop|Critical Thinking|Google Analytics|Google Workspace software|IBM SPSS Statistics|Microsoft Excel|Speaking,Active Learning|Active Listening|Amazon Web Services AWS software|HubSpot software|Intuit QuickBooks|Linux|Microsoft Office software|Microsoft Outlook|Monitoring|Reading Comprehension|Salesforce software|Writing
259,Manager,20,15,15,5,75.0,Active Learning|Adobe Photoshop|Atlassian JIRA|Autodesk AutoCAD|Reading Comprehension,Active Listening|Adobe Acrobat|Adobe Creative Cloud software|Amazon Web Services AWS software|Apache Hadoop|Apple macOS|Atlassian Confluence|Critical Thinking|Learning Strategies|Microsoft Excel|Microsoft Office software|Microsoft PowerPoint|Monitoring|Speaking|Writing
260,Research Scientist,22,10,10,12,45.45,Active Learning|Amazon Web Services AWS software|Ansible software|Apache Hadoop|Docker|Git|Learning Strategies|Mathematics|Monitoring|Reading Comprehension|Science|Writing,Active Listening|Apache Kafka|Apache Spark|Bash|C|C++|Critical Thinking|GitHub|Go|Speaking
261,Manufacturing Director,20,9,9,11,45.0,Active Learning|Adobe Acrobat|Adobe Creative Cloud software|Adobe Photoshop|Amazon Web Services AWS software|Atlassian JIRA|Autodesk AutoCAD|Critical Thinking|Microsoft PowerPoint|Reading Comprehension|Speaking,Active Listening|Apache Hadoop|Apple macOS|Atlassian Confluence|Learning Strategies|Microsoft Excel|Microsoft Office software|Monitoring|Writing
262,Research Scientist,22,10,10,12,45.45,Bash|C++|Docker|Git|GitHub|Go|Learning Strategies|Monitoring|Reading Comprehension|Science|Speaking|Writing,Active Learning|Active Listening|Amazon Web Services AWS software|Ansible software|Apache Hadoop|Apache Kafka|Apache Spark|C|Critical Thinking|Mathematics
264,Manager,20,12,12,8,60.0,Active Learning|Active Listening|Autodesk AutoCAD|Critical Thinking|Microsoft Office software|Monitoring|Speaking|Writing,Adobe Acrobat|Adobe Creative Cloud software|Adobe Photoshop|Amazon Web Services AWS software|Apache Hadoop|Apple macOS|Atlassian Confluence|Atlassian JIRA|Learning Strategies|Microsoft Excel|Microsoft PowerPoint|Reading Comprehension
267,Research Scientist,22,10,10,12,45.45,Active Listening|Amazon Web Services AWS software|Apache Hadoop|Apache Spark|Bash|C|Docker|Git|GitHub|Go|Learning Strategies|Science,Active Learning|Ansible software|Apache Kafka|C++|Critical Thinking|Mathematics|Monitoring|Reading Comprehension|Speaking|Writing
269,Laboratory Technician,20,10,10,10,50.0,Active Learning|Active Listening|Billing software|Critical Thinking|Google Docs|MEDITECH software|Microsoft Office software|Microsoft Outlook|Monitoring|Speaking,Commercial plate reader software|Data entry software|Database software|Microsoft Excel|Microsoft PowerPoint|Microsoft Word|Reading Comprehension|SAP software|Science|Writing
270,Manufacturing Director,20,10,10,10,50.0,Active Learning|Adobe Acrobat|Adobe Photoshop|Apple macOS|Atlassian Confluence|Learning Strategies|Microsoft Excel|Microsoft Office software|Reading Comprehension|Writing,Active Listening|Adobe Creative Cloud software|Amazon Web Services AWS software|Apache Hadoop|Atlassian JIRA|Autodesk AutoCAD|Critical Thinking|Microsoft PowerPoint|Monitoring|Speaking
271,Manufacturing Director,20,11,11,9,55.0,Active Listening|Adobe Acrobat|Adobe Creative Cloud software|Amazon Web Services AWS software|Critical Thinking|Learning Strategies|Microsoft Excel|Microsoft Office software|Monitoring,Active Learning|Adobe Photoshop|Apache Hadoop|Apple macOS|Atlassian Confluence|Atlassian JIRA|Autodesk AutoCAD|Microsoft PowerPoint|Reading Comprehension|Speaking|Writing
273,Manufacturing Director,20,10,10,10,50.0,Active Learning|Adobe Creative Cloud software|Amazon Web Services AWS software|Apache Hadoop|Atlassian JIRA|Critical Thinking|Learning Strategies|Microsoft Excel|Monitoring|Speaking,Active Listening|Adobe Acrobat|Adobe Photoshop|Apple macOS|Atlassian Confluence|Autodesk AutoCAD|Microsoft Office software|Microsoft PowerPoint|Reading Comprehension|Writing
274,Manufacturing Director,20,9,9,11,45.0,Active Learning|Active Listening|Adobe Acrobat|Adobe Photoshop|Amazon Web Services AWS software|Atlassian Confluence|Critical Thinking|Learning Strategies|Microsoft Excel|Microsoft Office software|Writing,Adobe Creative Cloud software|Apache Hadoop|Apple macOS|Atlassian JIRA|Autodesk AutoCAD|Microsoft PowerPoint|Monitoring|Reading Comprehension|Speaking
275,Manufacturing Director,20,9,9,11,45.0,Active Learning|Active Listening|Adobe Photoshop|Apache Hadoop|Apple macOS|Atlassian Confluence|Autodesk AutoCAD|Critical Thinking|Microsoft Office software|Microsoft PowerPoint|Writing,Adobe Acrobat|Adobe Creative Cloud software|Amazon Web Services AWS software|Atlassian JIRA|Learning Strategies|Microsoft Excel|Monitoring|Reading Comprehension|Speaking
277,Research Scientist,22,10,10,12,45.45,Active Learning|Ansible software|Apache Kafka|Apache Spark|Bash|C|Docker|Git|Learning Strategies|Mathematics|Reading Comprehension|Speaking,Active Listening|Amazon Web Services AWS software|Apache Hadoop|C++|Critical Thinking|GitHub|Go|Monitoring|Science|Writing
281,Laboratory Technician,20,11,11,9,55.0,Billing software|Commercial plate reader software|Data entry software|Google Docs|MEDITECH software|Microsoft Excel|Microsoft Outlook|Reading Comprehension|Writing,Active Learning|Active Listening|Critical Thinking|Database software|Microsoft Office software|Microsoft PowerPoint|Microsoft Word|Monitoring|SAP software|Science|Speaking
282,Healthcare Representative,19,11,11,8,57.89,Amazon Web Services AWS software|Apache Hadoop|Google Analytics|IBM SPSS Statistics|Microsoft Excel|Microsoft Outlook|Salesforce software|Speaking,Active Learning|Active Listening|Critical Thinking|Google Workspace software|HubSpot software|Intuit QuickBooks|Linux|Microsoft Office software|Monitoring|Reading Comprehension|Writing
283,Sales Executive,19,9,9,10,47.37,Active Listening|Adobe Creative Cloud software|Adobe Illustrator|Autodesk AutoCAD|Microsoft Excel|Microsoft Office software|Microsoft Outlook|Microsoft PowerPoint|Monitoring|Reading Comprehension,Active Learning|Adobe Acrobat|Adobe InDesign|Adobe Photoshop|Apple macOS|Critical Thinking|Salesforce software|Speaking|Writing
284,Research Scientist,22,9,9,13,40.91,Active Learning|Ansible software|Apache Kafka|C|C++|Critical Thinking|Git|GitHub|Go|Learning Strategies|Mathematics|Reading Comprehension|Science,Active Listening|Amazon Web Services AWS software|Apache Hadoop|Apache Spark|Bash|Docker|Monitoring|Speaking|Writing
286,Laboratory Technician,20,9,9,11,45.0,Active Learning|Active Listening|Commercial plate reader software|Critical Thinking|Database software|Microsoft Excel|Microsoft Office software|Microsoft Outlook|Reading Comprehension|Science|Speaking,Billing software|Data entry software|Google Docs|MEDITECH software|Microsoft PowerPoint|Microsoft Word|Monitoring|SAP software|Writing
287,Healthcare Representative,19,8,8,11,42.11,Active Learning|Active Listening|Amazon Web Services AWS software|Apache Hadoop|Google Analytics|Intuit QuickBooks|Linux|Microsoft Excel|Microsoft Office software|Reading Comprehension|Writing,Critical Thinking|Google Workspace software|HubSpot software|IBM SPSS Statistics|Microsoft Outlook|Monitoring|Salesforce software|Speaking
288,Healthcare Representative,19,11,11,8,57.89,Amazon Web Services AWS software|Critical Thinking|HubSpot software|IBM SPSS Statistics|Intuit QuickBooks|Linux|Microsoft Excel|Monitoring,Active Learning|Active Listening|Apache Hadoop|Google Analytics|Google Workspace software|Microsoft Office software|Microsoft Outlook|Reading Comprehension|Salesforce software|Speaking|Writing
291,Sales Executive,19,10,10,9,52.63,Adobe Acrobat|Adobe Creative Cloud software|Adobe Illustrator|Microsoft Excel|Microsoft Outlook|Microsoft PowerPoint|Reading Comprehension|Speaking|Writing,Active Learning|Active Listening|Adobe InDesign|Adobe Photoshop|Apple macOS|Autodesk AutoCAD|Critical Thinking|Microsoft Office software|Monitoring|Salesforce software
292,Manufacturing Director,20,10,10,10,50.0,Active Listening|Adobe Acrobat|Apache Hadoop|Autodesk AutoCAD|Learning Strategies|Microsoft Excel|Microsoft Office software|Microsoft PowerPoint|Reading Comprehension|Writing,Active Learning|Adobe Creative Cloud software|Adobe Photoshop|Amazon Web Services AWS software|Apple macOS|Atlassian Confluence|Atlassian JIRA|Critical Thinking|Monitoring|Speaking
293,Sales Executive,19,9,9,10,47.37,Active Learning|Active Listening|Adobe Photoshop|Autodesk AutoCAD|Microsoft Excel|Microsoft Office software|Microsoft Outlook|Monitoring|Speaking|Writing,Adobe Acrobat|Adobe Creative Cloud software|Adobe Illustrator|Adobe InDesign|Apple macOS|Critical Thinking|Microsoft PowerPoint|Reading Comprehension|Salesforce software
296,Research Director,22,12,12,10,54.55,IBM SPSS Statistics|Microsoft Access|Microsoft PowerPoint|Microsoft Project|Microsoft SharePoint|Microsoft Visio|Monitoring|Reading Comprehension|Science|Writing,Active Learning|Active Listening|Adobe Acrobat|Adobe Photoshop|Critical Thinking|ESRI ArcGIS software|Learning Strategies|Mathematics|Microsoft Excel|Microsoft Office software|Microsoft Outlook|Speaking
297,Research Scientist,22,10,10,12,45.45,Active Learning|Amazon Web Services AWS software|Ansible software|Apache Hadoop|Apache Kafka|Bash|C++|Critical Thinking|Git|Learning Strategies|Reading Comprehension|Speaking,Active Listening|Apache Spark|C|Docker|GitHub|Go|Mathematics|Monitoring|Science|Writing
298,Manager,20,11,11,9,55.0,Active Listening|Adobe Acrobat|Adobe Photoshop|Amazon Web Services AWS software|Autodesk AutoCAD|Learning Strategies|Microsoft PowerPoint|Monitoring|Reading Comprehension,Active Learning|Adobe Creative Cloud software|Apache Hadoop|Apple macOS|Atlassian Confluence|Atlassian JIRA|Critical Thinking|Microsoft Excel|Microsoft Office software|Speaking|Writing
299,Sales Executive,19,9,9,10,47.37,Active Learning|Adobe Acrobat|Adobe Illustrator|Adobe InDesign|Apple macOS|Microsoft Excel|Monitoring|Salesforce software|Speaking|Writing,Active Listening|Adobe Creative Cloud software|Adobe Photoshop|Autodesk AutoCAD|Critical Thinking|Microsoft Office software|Microsoft Outlook|Microsoft PowerPoint|Reading Comprehension
300,Research Scientist,22,10,10,12,45.45,Active Learning|Amazon Web Services AWS software|Ansible software|Apache Kafka|C|GitHub|Go|Learning Strategies|Mathematics|Monitoring|Reading Comprehension|Science,Active Listening|Apache Hadoop|Apache Spark|Bash|C++|Critical Thinking|Docker|Git|Speaking|Writing
302,Sales Executive,19,12,12,7,63.16,Active Listening|Adobe Photoshop|Apple macOS|Microsoft Excel|Reading Comprehension|Salesforce software|Writing,Active Learning|Adobe Acrobat|Adobe Creative Cloud software|Adobe Illustrator|Adobe InDesign|Autodesk AutoCAD|Critical Thinking|Microsoft Office software|Microsoft Outlook|Microsoft PowerPoint|Monitoring|Speaking
303,Sales Executive,19,11,11,8,57.89,Adobe Acrobat|Adobe Illustrator|Adobe InDesign|Apple macOS|Autodesk AutoCAD|Microsoft Excel|Microsoft Office software|Monitoring,Active Learning|Active Listening|Adobe Creative Cloud software|Adobe Photoshop|Critical Thinking|Microsoft Outlook|Microsoft PowerPoint|Reading Comprehension|Salesforce software|Speaking|Writing
304,Laboratory Technician,20,11,11,9,55.0,Active Listening|Critical Thinking|Data entry software|Database software|Microsoft Office software|Microsoft Outlook|Reading Comprehension|SAP software|Science,Active Learning|Billing software|Commercial plate reader software|Google Docs|MEDITECH software|Microsoft Excel|Microsoft PowerPoint|Microsoft Word|Monitoring|Speaking|Writing
305,Research Scientist,22,10,10,12,45.45,Active Listening|Amazon Web Services AWS software|Apache Hadoop|Apache Spark|C|C++|Docker|Go|Monitoring|Reading Comprehension|Speaking|Writing,Active Learning|Ansible software|Apache Kafka|Bash|Critical Thinking|Git|GitHub|Learning Strategies|Mathematics|Science
306,Research Director,22,11,11,11,50.0,Active Listening|Adobe Acrobat|ESRI ArcGIS software|IBM SPSS Statistics|Mathematics|Microsoft Access|Microsoft Outlook|Microsoft PowerPoint|Microsoft SharePoint|Microsoft Visio|Monitoring,Active Learning|Adobe Photoshop|Critical Thinking|Learning Strategies|Microsoft Excel|Microsoft Office software|Microsoft Project|Reading Comprehension|Science|Speaking|Writing
307,Sales Executive,19,11,11,8,57.89,Active Listening|Apple macOS|Microsoft Excel|Microsoft Office software|Microsoft PowerPoint|Reading Comprehension|Speaking|Writing,Active Learning|Adobe Acrobat|Adobe Creative Cloud software|Adobe Illustrator|Adobe InDesign|Adobe Photoshop|Autodesk AutoCAD|Critical Thinking|Microsoft Outlook|Monitoring|Salesforce software
308,Manufacturing Director,20,9,9,11,45.0,Active Listening|Amazon Web Services AWS software|Apache Hadoop|Apple macOS|Atlassian JIRA|Learning Strategies|Microsoft Excel|Microsoft Office software|Monitoring|Reading Comprehension|Speaking,Active Learning|Adobe Acrobat|Adobe Creative Cloud software|Adobe Photoshop|Atlassian Confluence|Autodesk AutoCAD|Critical Thinking|Microsoft PowerPoint|Writing
309,Research Scientist,22,10,10,12,45.45,Active Listening|Apache Hadoop|Apache Kafka|Apache Spark|C|C++|Go|Mathematics|Reading Comprehension|Science|Speaking|Writing,Active Learning|Amazon Web Services AWS software|Ansible software|Bash|Critical Thinking|Docker|Git|GitHub|Learning Strategies|Monitoring
311,Sales Representative,19,10,10,9,52.63,Active Learning|Adobe Creative Cloud software|Adobe InDesign|Adobe Photoshop|Autodesk AutoCAD|Critical Thinking|Microsoft PowerPoint|Reading Comprehension|Salesforce software,Active Listening|Adobe Acrobat|Adobe Illustrator|Apple macOS|Microsoft Excel|Microsoft Office software|Microsoft Outlook|Monitoring|Speaking|Writing
312,Sales Executive,19,9,9,10,47.37,Active Learning|Active Listening|Adobe InDesign|Apple macOS|Critical Thinking|Microsoft Excel|Microsoft Office software|Microsoft Outlook|Reading Comprehension|Salesforce software,Adobe Acrobat|Adobe Creative Cloud software|Adobe Illustrator|Adobe Photoshop|Autodesk AutoCAD|Microsoft PowerPoint|Monitoring|Speaking|Writing
314,Sales Executive,19,9,9,10,47.37,Active Learning|Adobe Acrobat|Adobe Illustrator|Apple macOS|Autodesk AutoCAD|Critical Thinking|Microsoft PowerPoint|Reading Comprehension|Speaking|Writing,Active Listening|Adobe Creative Cloud software|Adobe InDesign|Adobe Photoshop|Microsoft Excel|Microsoft Office software|Microsoft Outlook|Monitoring|Salesforce software
315,Research Scientist,22,9,9,13,40.91,Active Listening|Amazon Web Services AWS software|Apache Hadoop|Apache Spark|Bash|C++|Critical Thinking|Docker|Git|GitHub|Monitoring|Reading Comprehension|Speaking,Active Learning|Ansible software|Apache Kafka|C|Go|Learning Strategies|Mathematics|Science|Writing
316,Laboratory Technician,20,9,9,11,45.0,Billing software|Commercial plate reader software|Critical Thinking|Database software|Google Docs|MEDITECH software|Microsoft Excel|Microsoft Word|SAP software|Science|Speaking,Active Learning|Active Listening|Data entry software|Microsoft Office software|Microsoft Outlook|Microsoft PowerPoint|Monitoring|Reading Comprehension|Writing
319,Manager,20,12,12,8,60.0,Active Learning|Active Listening|Adobe Photoshop|Apple macOS|Atlassian JIRA|Microsoft Excel|Monitoring|Speaking,Adobe Acrobat|Adobe Creative Cloud software|Amazon Web Services AWS software|Apache Hadoop|Atlassian Confluence|Autodesk AutoCAD|Critical Thinking|Learning Strategies|Microsoft Office software|Microsoft PowerPoint|Reading Comprehension|Writing
321,Human Resources,20,9,9,11,45.0,Adobe Acrobat|Adobe Creative Cloud software|Applicant tracking software|Critical Thinking|Learning Strategies|Microsoft PowerPoint|Monitoring|Reading Comprehension|Speaking|Workday software|Writing,Active Learning|Active Listening|Adobe Illustrator|Adobe InDesign|Adobe Photoshop|Microsoft Excel|Microsoft Office software|Microsoft Outlook|Oracle HRIS
323,Manager,20,15,15,5,75.0,Active Learning|Adobe Acrobat|Apache Hadoop|Atlassian JIRA|Monitoring,Active Listening|Adobe Creative Cloud software|Adobe Photoshop|Amazon Web Services AWS software|Apple macOS|Atlassian Confluence|Autodesk AutoCAD|Critical Thinking|Learning Strategies|Microsoft Excel|Microsoft Office software|Microsoft PowerPoint|Reading Comprehension|Speaking|Writing
325,Laboratory Technician,20,9,9,11,45.0,Active Learning|Critical Thinking|Database software|Google Docs|Microsoft Excel|Microsoft Office software|Microsoft Outlook|Microsoft PowerPoint|Microsoft Word|Monitoring|Writing,Active Listening|Billing software|Commercial plate reader software|Data entry software|MEDITECH software|Reading Comprehension|SAP software|Science|Speaking
327,Manager,20,12,12,8,60.0,Active Learning|Adobe Photoshop|Amazon Web Services AWS software|Apache Hadoop|Atlassian Confluence|Autodesk AutoCAD|Critical Thinking|Microsoft PowerPoint,Active Listening|Adobe Acrobat|Adobe Creative Cloud software|Apple macOS|Atlassian JIRA|Learning Strategies|Microsoft Excel|Microsoft Office software|Monitoring|Reading Comprehension|Speaking|Writing
328,Laboratory Technician,20,10,10,10,50.0,Active Learning|Active Listening|Commercial plate reader software|Critical Thinking|Database software|Google Docs|MEDITECH software|Microsoft Word|Monitoring|Reading Comprehension,Billing software|Data entry software|Microsoft Excel|Microsoft Office software|Microsoft Outlook|Microsoft PowerPoint|SAP software|Science|Speaking|Writing
329,Manager,20,15,15,5,75.0,Active Listening|Amazon Web Services AWS software|Apache Hadoop|Microsoft Excel|Writing,Active Learning|Adobe Acrobat|Adobe Creative Cloud software|Adobe Photoshop|Apple macOS|Atlassian Confluence|Atlassian JIRA|Autodesk AutoCAD|Critical Thinking|Learning Strategies|Microsoft Office software|Microsoft PowerPoint|Monitoring|Reading Comprehension|Speaking
330,Sales Representative,19,8,8,11,42.11,Active Learning|Active Listening|Adobe Acrobat|Adobe Creative Cloud software|Adobe Illustrator|Adobe InDesign|Critical Thinking|Microsoft Outlook|Microsoft PowerPoint|Monitoring|Reading Comprehension,Adobe Photoshop|Apple macOS|Autodesk AutoCAD|Microsoft Excel|Microsoft Office software|Salesforce software|Speaking|Writing
331,Laboratory Technician,20,8,8,12,40.0,Billing software|Commercial plate reader software|Database software|Google Docs|MEDITECH software|Microsoft Excel|Microsoft Outlook|Microsoft PowerPoint|Reading Comprehension|SAP software|Science|Writing,Active Learning|Active Listening|Critical Thinking|Data entry software|Microsoft Office software|Microsoft Word|Monitoring|Speaking
332,Laboratory Technician,20,9,9,11,45.0,Active Learning|Active Listening|Critical Thinking|Database software|Microsoft Office software|Microsoft Outlook|Monitoring|Reading Comprehension|SAP software|Speaking|Writing,Billing software|Commercial plate reader software|Data entry software|Google Docs|MEDITECH software|Microsoft Excel|Microsoft PowerPoint|Microsoft Word|Science
333,Sales Executive,19,8,8,11,42.11,Active Learning|Active Listening|Adobe InDesign|Adobe Photoshop|Apple macOS|Microsoft Office software|Microsoft Outlook|Microsoft PowerPoint|Monitoring|Reading Comprehension|Speaking,Adobe Acrobat|Adobe Creative Cloud software|Adobe Illustrator|Autodesk AutoCAD|Critical Thinking|Microsoft Excel|Salesforce software|Writing
334,Research Scientist,22,13,13,9,59.09,Active Listening|Amazon Web Services AWS software|Ansible software|Apache Kafka|C++|Git|GitHub|Learning Strategies|Mathematics,Active Learning|Apache Hadoop|Apache Spark|Bash|C|Critical Thinking|Docker|Go|Monitoring|Reading Comprehension|Science|Speaking|Writing
335,Research Scientist,22,11,11,11,50.0,Active Listening|Ansible software|Apache Hadoop|Apache Kafka|Apache Spark|C++|Critical Thinking|GitHub|Learning Strategies|Mathematics|Monitoring,Active Learning|Amazon Web Services AWS software|Bash|C|Docker|Git|Go|Reading Comprehension|Science|Speaking|Writing
336,Manager,20,13,13,7,65.0,Active Listening|Adobe Photoshop|Apache Hadoop|Atlassian Confluence|Atlassian JIRA|Microsoft Excel|Microsoft PowerPoint,Active Learning|Adobe Acrobat|Adobe Creative Cloud software|Amazon Web Services AWS software|Apple macOS|Autodesk AutoCAD|Critical Thinking|Learning Strategies|Microsoft Office software|Monitoring|Reading Comprehension|Speaking|Writing
337,Research Director,22,11,11,11,50.0,Active Listening|Adobe Acrobat|ESRI ArcGIS software|Learning Strategies|Mathematics|Microsoft Outlook|Microsoft PowerPoint|Microsoft SharePoint|Microsoft Visio|Speaking|Writing,Active Learning|Adobe Photoshop|Critical Thinking|IBM SPSS Statistics|Microsoft Access|Microsoft Excel|Microsoft Office software|Microsoft Project|Monitoring|Reading Comprehension|Science
338,Research Scientist,22,9,9,13,40.91,Active Listening|Apache Hadoop|Bash|C|Critical Thinking|Git|GitHub|Go|Learning Strategies|Reading Comprehension|Science|Speaking|Writing,Active Learning|Amazon Web Services AWS software|Ansible software|Apache Kafka|Apache Spark|C++|Docker|Mathematics|Monitoring
339,Manufacturing Director,20,10,10,10,50.0,Active Learning|Active Listening|Adobe Acrobat|Adobe Creative Cloud software|Adobe Photoshop|Amazon Web Services AWS software|Apple macOS|Atlassian Confluence|Monitoring|Writing,Apache Hadoop|Atlassian JIRA|Autodesk AutoCAD|Critical Thinking|Learning Strategies|Microsoft Excel|Microsoft Office software|Microsoft PowerPoint|Reading Comprehension|Speaking
340,Research Scientist,22,13,13,9,59.09,Ansible software|Apache Spark|Bash|Critical Thinking|Docker|Git|GitHub|Reading Comprehension|Speaking,Active Learning|Active Listening|Amazon Web Services AWS software|Apache Hadoop|Apache Kafka|C|C++|Go|Learning Strategies|Mathematics|Monitoring|Science|Writing
341,Manufacturing Director,20,10,10,10,50.0,Adobe Acrobat|Adobe Photoshop|Amazon Web Services AWS software|Atlassian JIRA|Learning Strategies|Microsoft Excel|Microsoft Office software|Reading Comprehension|Speaking|Writing,Active Learning|Active Listening|Adobe Creative Cloud software|Apache Hadoop|Apple macOS|Atlassian Confluence|Autodesk AutoCAD|Critical Thinking|Microsoft PowerPoint|Monitoring
342,Manufacturing Director,20,11,11,9,55.0,Active Learning|Adobe Photoshop|Apache Hadoop|Apple macOS|Critical Thinking|Learning Strategies|Microsoft Office software|Microsoft PowerPoint|Writing,Active Listening|Adobe Acrobat|Adobe Creative Cloud software|Amazon Web Services AWS software|Atlassian Confluence|Atlassian JIRA|Autodesk AutoCAD|Microsoft Excel|Monitoring|Reading Comprehension|Speaking
343,Healthcare Representative,19,11,11,8,57.89,Active Listening|Amazon Web Services AWS software|Critical Thinking|Google Workspace software|IBM SPSS Statistics|Linux|Microsoft Excel|Salesforce software,Active Learning|Apache Hadoop|Google Analytics|HubSpot software|Intuit QuickBooks|Microsoft Office software|Microsoft Outlook|Monitoring|Reading Comprehension|Speaking|Writing
346,Research Scientist,22,10,10,12,45.45,Active Listening|Amazon Web Services AWS software|Apache Hadoop|Apache Kafka|Bash|C++|Critical Thinking|Git|Learning Strategies|Mathematics|Monitoring|Reading Comprehension,Active Learning|Ansible software|Apache Spark|C|Docker|GitHub|Go|Science|Speaking|Writing
347,Research Scientist,22,11,11,11,50.0,Active Listening|Amazon Web Services AWS software|Apache Spark|C++|Learning Strategies|Mathematics|Monitoring|Reading Comprehension|Science|Speaking|Writing,Active Learning|Ansible software|Apache Hadoop|Apache Kafka|Bash|C|Critical Thinking|Docker|Git|GitHub|Go
349,Sales Executive,19,9,9,10,47.37,Active Listening|Adobe Acrobat|Adobe Illustrator|Apple macOS|Autodesk AutoCAD|Microsoft Office software|Microsoft Outlook|Monitoring|Salesforce software|Speaking,Active Learning|Adobe Creative Cloud software|Adobe InDesign|Adobe Photoshop|Critical Thinking|Microsoft Excel|Microsoft PowerPoint|Reading Comprehension|Writing
350,Manufacturing Director,20,9,9,11,45.0,Active Listening|Adobe Acrobat|Adobe Creative Cloud software|Adobe Photoshop|Apple macOS|Critical Thinking|Microsoft Office software|Microsoft PowerPoint|Monitoring|Reading Comprehension|Writing,Active Learning|Amazon Web Services AWS software|Apache Hadoop|Atlassian Confluence|Atlassian JIRA|Autodesk AutoCAD|Learning Strategies|Microsoft Excel|Speaking
351,Laboratory Technician,20,10,10,10,50.0,Active Learning|Active Listening|Commercial plate reader software|Data entry software|Database software|Microsoft Excel|Microsoft Outlook|Microsoft Word|SAP software|Science,Billing software|Critical Thinking|Google Docs|MEDITECH software|Microsoft Office software|Microsoft PowerPoint|Monitoring|Reading Comprehension|Speaking|Writing
352,Research Director,22,14,14,8,63.64,Active Listening|Adobe Photoshop|Learning Strategies|Mathematics|Microsoft PowerPoint|Microsoft Project|Microsoft SharePoint|Reading Comprehension,Active Learning|Adobe Acrobat|Critical Thinking|ESRI ArcGIS software|IBM SPSS Statistics|Microsoft Access|Microsoft Excel|Microsoft Office software|Microsoft Outlook|Microsoft Visio|Monitoring|Science|Speaking|Writing
353,Research Scientist,22,9,9,13,40.91,Active Learning|Active Listening|Apache Kafka|Apache Spark|Bash|C|C++|Critical Thinking|Docker|Git|GitHub|Learning Strategies|Monitoring,Amazon Web Services AWS software|Ansible software|Apache Hadoop|Go|Mathematics|Reading Comprehension|Science|Speaking|Writing
355,Laboratory Technician,20,9,9,11,45.0,Active Learning|Active Listening|Billing software|Commercial plate reader software|Critical Thinking|Database software|Google Docs|Microsoft Excel|Microsoft PowerPoint|Monitoring|SAP software,Data entry software|MEDITECH software|Microsoft Office software|Microsoft Outlook|Microsoft Word|Reading Comprehension|Science|Speaking|Writing
359,Laboratory Technician,20,9,9,11,45.0,Active Learning|Active Listening|Billing software|Commercial plate reader software|Data entry software|Database software|Google Docs|MEDITECH software|Microsoft Office software|Microsoft Word|Reading Comprehension,Critical Thinking|Microsoft Excel|Microsoft Outlook|Microsoft PowerPoint|Monitoring|SAP software|Science|Speaking|Writing
361,Sales Executive,19,10,10,9,52.63,Adobe Creative Cloud software|Adobe InDesign|Adobe Photoshop|Apple macOS|Microsoft Office software|Microsoft Outlook|Monitoring|Reading Comprehension|Speaking,Active Learning|Active Listening|Adobe Acrobat|Adobe Illustrator|Autodesk AutoCAD|Critical Thinking|Microsoft Excel|Microsoft PowerPoint|Salesforce software|Writing
362,Laboratory Technician,20,10,10,10,50.0,Active Learning|Commercial plate reader software|Data entry software|MEDITECH software|Microsoft Excel|Microsoft PowerPoint|Microsoft Word|Monitoring|Science|Speaking,Active Listening|Billing software|Critical Thinking|Database software|Google Docs|Microsoft Office software|Microsoft Outlook|Reading Comprehension|SAP software|Writing
363,Manager,20,14,14,6,70.0,Adobe Acrobat|Adobe Creative Cloud software|Autodesk AutoCAD|Monitoring|Reading Comprehension|Writing,Active Learning|Active Listening|Adobe Photoshop|Amazon Web Services AWS software|Apache Hadoop|Apple macOS|Atlassian Confluence|Atlassian JIRA|Critical Thinking|Learning Strategies|Microsoft Excel|Microsoft Office software|Microsoft PowerPoint|Speaking
364,Laboratory Technician,20,9,9,11,45.0,Active Learning|Billing software|Commercial plate reader software|Critical Thinking|Data entry software|Google Docs|MEDITECH software|Microsoft Excel|Monitoring|SAP software|Science,Active Listening|Database software|Microsoft Office software|Microsoft Outlook|Microsoft PowerPoint|Microsoft Word|Reading Comprehension|Speaking|Writing
366,Sales Executive,19,9,9,10,47.37,Active Learning|Adobe Acrobat|Adobe InDesign|Adobe Photoshop|Autodesk AutoCAD|Microsoft Outlook|Microsoft PowerPoint|Reading Comprehension|Salesforce software|Writing,Active Listening|Adobe Creative Cloud software|Adobe Illustrator|Apple macOS|Critical Thinking|Microsoft Excel|Microsoft Office software|Monitoring|Speaking
367,Healthcare Representative,19,9,9,10,47.37,Active Learning|Amazon Web Services AWS software|Apache Hadoop|Google Workspace software|Linux|Microsoft Excel|Microsoft Outlook|Reading Comprehension|Speaking|Writing,Active Listening|Critical Thinking|Google Analytics|HubSpot software|IBM SPSS Statistics|Intuit QuickBooks|Microsoft Office software|Monitoring|Salesforce software
369,Healthcare Representative,19,8,8,11,42.11,Active Learning|Active Listening|Amazon Web Services AWS software|Apache Hadoop|Critical Thinking|Google Workspace software|HubSpot software|IBM SPSS Statistics|Intuit QuickBooks|Microsoft Office software|Writing,Google Analytics|Linux|Microsoft Excel|Microsoft Outlook|Monitoring|Reading Comprehension|Salesforce software|Speaking
372,Healthcare Representative,19,12,12,7,63.16,Apache Hadoop|IBM SPSS Statistics|Intuit QuickBooks|Linux|Microsoft Outlook|Reading Comprehension|Speaking,Active Learning|Active Listening|Amazon Web Services AWS software|Critical Thinking|Google Analytics|Google Workspace software|HubSpot software|Microsoft Excel|Microsoft Office software|Monitoring|Salesforce software|Writing
373,Laboratory Technician,20,11,11,9,55.0,Critical Thinking|Data entry software|Database software|MEDITECH software|Microsoft Office software|Reading Comprehension|SAP software|Science|Speaking,Active Learning|Active Listening|Billing software|Commercial plate reader software|Google Docs|Microsoft Excel|Microsoft Outlook|Microsoft PowerPoint|Microsoft Word|Monitoring|Writing
374,Manager,20,16,16,4,80.0,Critical Thinking|Learning Strategies|Speaking|Writing,Active Learning|Active Listening|Adobe Acrobat|Adobe Creative Cloud software|Adobe Photoshop|Amazon Web Services AWS software|Apache Hadoop|Apple macOS|Atlassian Confluence|Atlassian JIRA|Autodesk AutoCAD|Microsoft Excel|Microsoft Office software|Microsoft PowerPoint|Monitoring|Reading Comprehension
376,Manager,20,10,10,10,50.0,Active Learning|Active Listening|Adobe Creative Cloud software|Adobe Photoshop|Apple macOS|Atlassian JIRA|Learning Strategies|Monitoring|Reading Comprehension|Writing,Adobe Acrobat|Amazon Web Services AWS software|Apache Hadoop|Atlassian Confluence|Autodesk AutoCAD|Critical Thinking|Microsoft Excel|Microsoft Office software|Microsoft PowerPoint|Speaking
377,Research Scientist,22,10,10,12,45.45,Active Learning|Active Listening|Apache Hadoop|Apache Kafka|Apache Spark|Bash|Critical Thinking|Docker|Go|Learning Strategies|Science|Speaking,Amazon Web Services AWS software|Ansible software|C|C++|Git|GitHub|Mathematics|Monitoring|Reading Comprehension|Writing
378,Sales Executive,19,9,9,10,47.37,Active Learning|Adobe Illustrator|Adobe Photoshop|Autodesk AutoCAD|Critical Thinking|Microsoft Excel|Microsoft Outlook|Monitoring|Speaking|Writing,Active Listening|Adobe Acrobat|Adobe Creative Cloud software|Adobe InDesign|Apple macOS|Microsoft Office software|Microsoft PowerPoint|Reading Comprehension|Salesforce software
379,Research Scientist,22,9,9,13,40.91,Active Learning|Active Listening|Amazon Web Services AWS software|Ansible software|Apache Hadoop|Apache Kafka|Apache Spark|Critical Thinking|Mathematics|Monitoring|Reading Comprehension|Speaking|Writing,Bash|C|C++|Docker|Git|GitHub|Go|Learning Strategies|Science
380,Research Director,22,12,12,10,54.55,Active Listening|ESRI ArcGIS software|Learning Strategies|Microsoft Access|Microsoft Office software|Microsoft Outlook|Microsoft SharePoint|Microsoft Visio|Science|Speaking,Active Learning|Adobe Acrobat|Adobe Photoshop|Critical Thinking|IBM SPSS Statistics|Mathematics|Microsoft Excel|Microsoft PowerPoint|Microsoft Project|Monitoring|Reading Comprehension|Writing
381,Manager,20,10,10,10,50.0,Active Listening|Adobe Acrobat|Adobe Creative Cloud software|Apache Hadoop|Autodesk AutoCAD|Critical Thinking|Learning Strategies|Monitoring|Reading Comprehension|Writing,Active Learning|Adobe Photoshop|Amazon Web Services AWS software|Apple macOS|Atlassian Confluence|Atlassian JIRA|Microsoft Excel|Microsoft Office software|Microsoft PowerPoint|Speaking
382,Sales Executive,19,9,9,10,47.37,Active Learning|Adobe Acrobat|Adobe Creative Cloud software|Adobe Photoshop|Microsoft Excel|Microsoft Office software|Microsoft Outlook|Reading Comprehension|Speaking|Writing,Active Listening|Adobe Illustrator|Adobe InDesign|Apple macOS|Autodesk AutoCAD|Critical Thinking|Microsoft PowerPoint|Monitoring|Salesforce software
384,Manufacturing Director,20,9,9,11,45.0,Adobe Creative Cloud software|Adobe Photoshop|Apache Hadoop|Apple macOS|Atlassian Confluence|Atlassian JIRA|Autodesk AutoCAD|Microsoft Excel|Microsoft Office software|Reading Comprehension|Speaking,Active Learning|Active Listening|Adobe Acrobat|Amazon Web Services AWS software|Critical Thinking|Learning Strategies|Microsoft PowerPoint|Monitoring|Writing
385,Research Director,22,15,15,7,68.18,Adobe Acrobat|Adobe Photoshop|Critical Thinking|Mathematics|Microsoft PowerPoint|Speaking|Writing,Active Learning|Active Listening|ESRI ArcGIS software|IBM SPSS Statistics|Learning Strategies|Microsoft Access|Microsoft Excel|Microsoft Office software|Microsoft Outlook|Microsoft Project|Microsoft SharePoint|Microsoft Visio|Monitoring|Reading Comprehension|Science
386,Research Director,22,13,13,9,59.09,Critical Thinking|Microsoft Access|Microsoft Excel|Microsoft Office software|Microsoft Outlook|Microsoft PowerPoint|Reading Comprehension|Science|Writing,Active Learning|Active Listening|Adobe Acrobat|Adobe Photoshop|ESRI ArcGIS software|IBM SPSS Statistics|Learning Strategies|Mathematics|Microsoft Project|Microsoft SharePoint|Microsoft Visio|Monitoring|Speaking
387,Sales Executive,19,11,11,8,57.89,Active Learning|Active Listening|Adobe Creative Cloud software|Adobe Illustrator|Adobe Photoshop|Critical Thinking|Microsoft Office software|Salesforce software,Adobe Acrobat|Adobe InDesign|Apple macOS|Autodesk AutoCAD|Microsoft Excel|Microsoft Outlook|Microsoft PowerPoint|Monitoring|Reading Comprehension|Speaking|Writing
388,Sales Executive,19,9,9,10,47.37,Active Listening|Adobe Acrobat|Adobe Creative Cloud software|Adobe Photoshop|Autodesk AutoCAD|Microsoft Outlook|Microsoft PowerPoint|Monitoring|Salesforce software|Writing,Active Learning|Adobe Illustrator|Adobe InDesign|Apple macOS|Critical Thinking|Microsoft Excel|Microsoft Office software|Reading Comprehension|Speaking
389,Laboratory Technician,20,10,10,10,50.0,Active Learning|Billing software|Commercial plate reader software|Critical Thinking|Database software|MEDITECH software|Microsoft Word|Monitoring|SAP software|Science,Active Listening|Data entry software|Google Docs|Microsoft Excel|Microsoft Office software|Microsoft Outlook|Microsoft PowerPoint|Reading Comprehension|Speaking|Writing
390,Healthcare Representative,19,8,8,11,42.11,Active Learning|Active Listening|Critical Thinking|Google Analytics|Google Workspace software|Intuit QuickBooks|Microsoft Office software|Microsoft Outlook|Monitoring|Reading Comprehension|Salesforce software,Amazon Web Services AWS software|Apache Hadoop|HubSpot software|IBM SPSS Statistics|Linux|Microsoft Excel|Speaking|Writing
391,Research Scientist,22,13,13,9,59.09,Active Learning|Apache Kafka|Apache Spark|C|Git|Go|Mathematics|Reading Comprehension|Science,Active Listening|Amazon Web Services AWS software|Ansible software|Apache Hadoop|Bash|C++|Critical Thinking|Docker|GitHub|Learning Strategies|Monitoring|Speaking|Writing
392,Laboratory Technician,20,12,12,8,60.0,Active Listening|Critical Thinking|Database software|Google Docs|Microsoft Office software|Microsoft Word|SAP software|Speaking,Active Learning|Billing software|Commercial plate reader software|Data entry software|MEDITECH software|Microsoft Excel|Microsoft Outlook|Microsoft PowerPoint|Monitoring|Reading Comprehension|Science|Writing
393,Healthcare Representative,19,9,9,10,47.37,Active Learning|Active Listening|Apache Hadoop|Critical Thinking|Google Workspace software|Linux|Microsoft Office software|Salesforce software|Speaking|Writing,Amazon Web Services AWS software|Google Analytics|HubSpot software|IBM SPSS Statistics|Intuit QuickBooks|Microsoft Excel|Microsoft Outlook|Monitoring|Reading Comprehension
394,Laboratory Technician,20,9,9,11,45.0,Active Learning|Active Listening|Billing software|Commercial plate reader software|Google Docs|MEDITECH software|Microsoft Office software|Microsoft Word|Reading Comprehension|Science|Writing,Critical Thinking|Data entry software|Database software|Microsoft Excel|Microsoft Outlook|Microsoft PowerPoint|Monitoring|SAP software|Speaking
395,Research Scientist,22,10,10,12,45.45,Active Listening|Apache Hadoop|Apache Kafka|Apache Spark|Bash|C++|Critical Thinking|Git|GitHub|Go|Science|Writing,Active Learning|Amazon Web Services AWS software|Ansible software|C|Docker|Learning Strategies|Mathematics|Monitoring|Reading Comprehension|Speaking
396,Research Director,22,14,14,8,63.64,Active Learning|Active Listening|ESRI ArcGIS software|Learning Strategies|Mathematics|Microsoft PowerPoint|Microsoft Project|Science,Adobe Acrobat|Adobe Photoshop|Critical Thinking|IBM SPSS Statistics|Microsoft Access|Microsoft Excel|Microsoft Office software|Microsoft Outlook|Microsoft SharePoint|Microsoft Visio|Monitoring|Reading Comprehension|Speaking|Writing
397,Research Scientist,22,11,11,11,50.0,Active Learning|Active Listening|Ansible software|Apache Spark|Bash|C++|GitHub|Reading Comprehension|Science|Speaking|Writing,Amazon Web Services AWS software|Apache Hadoop|Apache Kafka|C|Critical Thinking|Docker|Git|Go|Learning Strategies|Mathematics|Monitoring
399,Sales Representative,19,8,8,11,42.11,Active Listening|Adobe Illustrator|Adobe Photoshop|Autodesk AutoCAD|Microsoft Office software|Microsoft Outlook|Microsoft PowerPoint|Monitoring|Reading Comprehension|Salesforce software|Writing,Active Learning|Adobe Acrobat|Adobe Creative Cloud software|Adobe InDesign|Apple macOS|Critical Thinking|Microsoft Excel|Speaking
401,Sales Executive,19,9,9,10,47.37,Active Learning|Adobe Acrobat|Adobe Creative Cloud software|Adobe InDesign|Adobe Photoshop|Microsoft Excel|Microsoft Outlook|Monitoring|Salesforce software|Writing,Active Listening|Adobe Illustrator|Apple macOS|Autodesk AutoCAD|Critical Thinking|Microsoft Office software|Microsoft PowerPoint|Reading Comprehension|Speaking
403,Research Scientist,22,9,9,13,40.91,Active Listening|Amazon Web Services AWS software|Apache Spark|Bash|C|Critical Thinking|Docker|Git|GitHub|Mathematics|Reading Comprehension|Science|Speaking,Active Learning|Ansible software|Apache Hadoop|Apache Kafka|C++|Go|Learning Strategies|Monitoring|Writing
404,Sales Executive,19,12,12,7,63.16,Active Listening|Adobe Illustrator|Autodesk AutoCAD|Critical Thinking|Microsoft Excel|Microsoft Office software|Salesforce software,Active Learning|Adobe Acrobat|Adobe Creative Cloud software|Adobe InDesign|Adobe Photoshop|Apple macOS|Microsoft Outlook|Microsoft PowerPoint|Monitoring|Reading Comprehension|Speaking|Writing
405,Laboratory Technician,20,8,8,12,40.0,Active Learning|Active Listening|Commercial plate reader software|Critical Thinking|MEDITECH software|Microsoft Excel|Microsoft Office software|Microsoft Word|Monitoring|SAP software|Science|Speaking,Billing software|Data entry software|Database software|Google Docs|Microsoft Outlook|Microsoft PowerPoint|Reading Comprehension|Writing
406,Sales Executive,19,10,10,9,52.63,Active Listening|Adobe Creative Cloud software|Adobe Illustrator|Adobe Photoshop|Apple macOS|Critical Thinking|Microsoft PowerPoint|Monitoring|Salesforce software,Active Learning|Adobe Acrobat|Adobe InDesign|Autodesk AutoCAD|Microsoft Excel|Microsoft Office software|Microsoft Outlook|Reading Comprehension|Speaking|Writing
407,Laboratory Technician,20,8,8,12,40.0,Active Listening|Billing software|Commercial plate reader software|Critical Thinking|MEDITECH software|Microsoft Excel|Microsoft Word|Monitoring|Reading Comprehension|SAP software|Science|Writing,Active Learning|Data entry software|Database software|Google Docs|Microsoft Office software|Microsoft Outlook|Microsoft PowerPoint|Speaking
408,Manufacturing Director,20,10,10,10,50.0,Active Learning|Adobe Photoshop|Amazon Web Services AWS software|Apple macOS|Atlassian Confluence|Autodesk AutoCAD|Learning Strategies|Microsoft Excel|Microsoft PowerPoint|Writing,Active Listening|Adobe Acrobat|Adobe Creative Cloud software|Apache Hadoop|Atlassian JIRA|Critical Thinking|Microsoft Office software|Monitoring|Reading Comprehension|Speaking
410,Manager,20,12,12,8,60.0,Active Learning|Adobe Creative Cloud software|Adobe Photoshop|Amazon Web Services AWS software|Apache Hadoop|Atlassian Confluence|Learning Strategies|Reading Comprehension,Active Listening|Adobe Acrobat|Apple macOS|Atlassian JIRA|Autodesk AutoCAD|Critical Thinking|Microsoft Excel|Microsoft Office software|Microsoft PowerPoint|Monitoring|Speaking|Writing
411,Sales Representative,19,7,7,12,36.84,Active Learning|Active Listening|Adobe Illustrator|Adobe Photoshop|Autodesk AutoCAD|Critical Thinking|Microsoft Outlook|Microsoft PowerPoint|Monitoring|Reading Comprehension|Speaking|Writing,Adobe Acrobat|Adobe Creative Cloud software|Adobe InDesign|Apple macOS|Microsoft Excel|Microsoft Office software|Salesforce software
412,Healthcare Representative,19,9,9,10,47.37,Active Listening|Amazon Web Services AWS software|Apache Hadoop|Critical Thinking|Google Analytics|Google Workspace software|Linux|Microsoft Excel|Reading Comprehension|Writing,Active Learning|HubSpot software|IBM SPSS Statistics|Intuit QuickBooks|Microsoft Office software|Microsoft Outlook|Monitoring|Salesforce software|Speaking
416,Sales Executive,19,9,9,10,47.37,Active Learning|Adobe Acrobat|Adobe Creative Cloud software|Adobe InDesign|Apple macOS|Microsoft Excel|Microsoft Outlook|Monitoring|Reading Comprehension|Speaking,Active Listening|Adobe Illustrator|Adobe Photoshop|Autodesk AutoCAD|Critical Thinking|Microsoft Office software|Microsoft PowerPoint|Salesforce software|Writing
417,Healthcare Representative,19,11,11,8,57.89,Google Analytics|IBM SPSS Statistics|Intuit QuickBooks|Microsoft Office software|Microsoft Outlook|Salesforce software|Speaking|Writing,Active Learning|Active Listening|Amazon Web Services AWS software|Apache Hadoop|Critical Thinking|Google Workspace software|HubSpot software|Linux|Microsoft Excel|Monitoring|Reading Comprehension
419,Laboratory Technician,20,10,10,10,50.0,Data entry software|Database software|MEDITECH software|Microsoft Excel|Microsoft Office software|Microsoft Outlook|Microsoft Word|Reading Comprehension|SAP software|Speaking,Active Learning|Active Listening|Billing software|Commercial plate reader software|Critical Thinking|Google Docs|Microsoft PowerPoint|Monitoring|Science|Writing
420,Sales Executive,19,10,10,9,52.63,Adobe Creative Cloud software|Adobe InDesign|Adobe Photoshop|Apple macOS|Microsoft Excel|Microsoft Office software|Monitoring|Salesforce software|Speaking,Active Learning|Active Listening|Adobe Acrobat|Adobe Illustrator|Autodesk AutoCAD|Critical Thinking|Microsoft Outlook|Microsoft PowerPoint|Reading Comprehension|Writing
421,Research Director,22,13,13,9,59.09,Active Listening|Adobe Acrobat|Adobe Photoshop|Learning Strategies|Mathematics|Microsoft PowerPoint|Microsoft Project|Reading Comprehension|Science,Active Learning|Critical Thinking|ESRI ArcGIS software|IBM SPSS Statistics|Microsoft Access|Microsoft Excel|Microsoft Office software|Microsoft Outlook|Microsoft SharePoint|Microsoft Visio|Monitoring|Speaking|Writing
422,Healthcare Representative,19,10,10,9,52.63,Active Listening|Amazon Web Services AWS software|Google Analytics|HubSpot software|Microsoft Outlook|Monitoring|Reading Comprehension|Salesforce software|Speaking,Active Learning|Apache Hadoop|Critical Thinking|Google Workspace software|IBM SPSS Statistics|Intuit QuickBooks|Linux|Microsoft Excel|Microsoft Office software|Writing
423,Research Scientist,22,10,10,12,45.45,Amazon Web Services AWS software|Ansible software|Apache Hadoop|Apache Kafka|Apache Spark|C|Docker|Learning Strategies|Mathematics|Monitoring|Speaking|Writing,Active Learning|Active Listening|Bash|C++|Critical Thinking|Git|GitHub|Go|Reading Comprehension|Science
424,Human Resources,20,10,10,10,50.0,Active Learning|Adobe Acrobat|Adobe Creative Cloud software|Adobe Illustrator|Adobe Photoshop|Applicant tracking software|Microsoft Outlook|Microsoft PowerPoint|Reading Comprehension|Workday software,Active Listening|Adobe InDesign|Critical Thinking|Learning Strategies|Microsoft Excel|Microsoft Office software|Monitoring|Oracle HRIS|Speaking|Writing
425,Laboratory Technician,20,13,13,7,65.0,Commercial plate reader software|Critical Thinking|Data entry software|Google Docs|Microsoft Office software|Monitoring|Speaking,Active Learning|Active Listening|Billing software|Database software|MEDITECH software|Microsoft Excel|Microsoft Outlook|Microsoft PowerPoint|Microsoft Word|Reading Comprehension|SAP software|Science|Writing
426,Research Scientist,22,9,9,13,40.91,Active Learning|Amazon Web Services AWS software|Apache Kafka|Apache Spark|Bash|C|Git|Go|Learning Strategies|Mathematics|Monitoring|Reading Comprehension|Speaking,Active Listening|Ansible software|Apache Hadoop|C++|Critical Thinking|Docker|GitHub|Science|Writing
428,Manager,20,10,10,10,50.0,Adobe Photoshop|Apple macOS|Atlassian Confluence|Microsoft Excel|Microsoft Office software|Microsoft PowerPoint|Monitoring|Reading Comprehension|Speaking|Writing,Active Learning|Active Listening|Adobe Acrobat|Adobe Creative Cloud software|Amazon Web Services AWS software|Apache Hadoop|Atlassian JIRA|Autodesk AutoCAD|Critical Thinking|Learning Strategies
429,Manager,20,12,12,8,60.0,Adobe Creative Cloud software|Apple macOS|Atlassian Confluence|Atlassian JIRA|Autodesk AutoCAD|Critical Thinking|Learning Strategies|Reading Comprehension,Active Learning|Active Listening|Adobe Acrobat|Adobe Photoshop|Amazon Web Services AWS software|Apache Hadoop|Microsoft Excel|Microsoft Office software|Microsoft PowerPoint|Monitoring|Speaking|Writing
430,Laboratory Technician,20,10,10,10,50.0,Commercial plate reader software|Google Docs|Microsoft Excel|Microsoft Office software|Microsoft Outlook|Microsoft PowerPoint|Monitoring|Reading Comprehension|SAP software|Speaking,Active Learning|Active Listening|Billing software|Critical Thinking|Data entry software|Database software|MEDITECH software|Microsoft Word|Science|Writing
431,Healthcare Representative,19,12,12,7,63.16,Apache Hadoop|Google Workspace software|HubSpot software|Microsoft Office software|Microsoft Outlook|Monitoring|Speaking,Active Learning|Active Listening|Amazon Web Services AWS software|Critical Thinking|Google Analytics|IBM SPSS Statistics|Intuit QuickBooks|Linux|Microsoft Excel|Reading Comprehension|Salesforce software|Writing
433,Research Scientist,22,11,11,11,50.0,Ansible software|Apache Hadoop|Apache Kafka|Bash|Critical Thinking|Docker|Git|GitHub|Learning Strategies|Mathematics|Monitoring,Active Learning|Active Listening|Amazon Web Services AWS software|Apache Spark|C|C++|Go|Reading Comprehension|Science|Speaking|Writing
434,Research Scientist,22,9,9,13,40.91,Active Learning|Active Listening|Amazon Web Services AWS software|Apache Hadoop|C|Critical Thinking|Git|Go|Mathematics|Monitoring|Reading Comprehension|Science|Writing,Ansible software|Apache Kafka|Apache Spark|Bash|C++|Docker|GitHub|Learning Strategies|Speaking
436,Sales Executive,19,10,10,9,52.63,Adobe Acrobat|Adobe Creative Cloud software|Adobe Illustrator|Adobe InDesign|Adobe Photoshop|Autodesk AutoCAD|Microsoft Excel|Salesforce software|Writing,Active Learning|Active Listening|Apple macOS|Critical Thinking|Microsoft Office software|Microsoft Outlook|Microsoft PowerPoint|Monitoring|Reading Comprehension|Speaking
437,Sales Executive,19,8,8,11,42.11,Active Learning|Active Listening|Adobe InDesign|Autodesk AutoCAD|Microsoft Excel|Microsoft Outlook|Microsoft PowerPoint|Monitoring|Reading Comprehension|Salesforce software|Speaking,Adobe Acrobat|Adobe Creative Cloud software|Adobe Illustrator|Adobe Photoshop|Apple macOS|Critical Thinking|Microsoft Office software|Writing
438,Sales Executive,19,10,10,9,52.63,Active Learning|Adobe Creative Cloud software|Apple macOS|Autodesk AutoCAD|Microsoft Excel|Microsoft Office software|Monitoring|Reading Comprehension|Writing,Active Listening|Adobe Acrobat|Adobe Illustrator|Adobe InDesign|Adobe Photoshop|Critical Thinking|Microsoft Outlook|Microsoft PowerPoint|Salesforce software|Speaking
439,Research Scientist,22,11,11,11,50.0,Active Learning|Amazon Web Services AWS software|Ansible software|Apache Hadoop|Critical Thinking|Docker|Git|GitHub|Learning Strategies|Reading Comprehension|Writing,Active Listening|Apache Kafka|Apache Spark|Bash|C|C++|Go|Mathematics|Monitoring|Science|Speaking
440,Research Scientist,22,10,10,12,45.45,Active Learning|Active Listening|Amazon Web Services AWS software|Ansible software|Apache Hadoop|Apache Spark|Bash|Critical Thinking|Docker|Mathematics|Reading Comprehension|Science,Apache Kafka|C|C++|Git|GitHub|Go|Learning Strategies|Monitoring|Speaking|Writing
441,Research Scientist,22,11,11,11,50.0,Active Learning|Ansible software|Apache Hadoop|Apache Spark|Bash|C++|Critical Thinking|Git|Go|Mathematics|Science,Active Listening|Amazon Web Services AWS software|Apache Kafka|C|Docker|GitHub|Learning Strategies|Monitoring|Reading Comprehension|Speaking|Writing
442,Manufacturing Director,20,10,10,10,50.0,Adobe Creative Cloud software|Adobe Photoshop|Atlassian Confluence|Autodesk AutoCAD|Critical Thinking|Learning Strategies|Microsoft Excel|Microsoft Office software|Reading Comprehension|Writing,Active Learning|Active Listening|Adobe Acrobat|Amazon Web Services AWS software|Apache Hadoop|Apple macOS|Atlassian JIRA|Microsoft PowerPoint|Monitoring|Speaking
444,Manager,20,12,12,8,60.0,Active Listening|Amazon Web Services AWS software|Apple macOS|Atlassian Confluence|Microsoft Office software|Microsoft PowerPoint|Reading Comprehension|Writing,Active Learning|Adobe Acrobat|Adobe Creative Cloud software|Adobe Photoshop|Apache Hadoop|Atlassian JIRA|Autodesk AutoCAD|Critical Thinking|Learning Strategies|Microsoft Excel|Monitoring|Speaking
445,Sales Executive,19,10,10,9,52.63,Adobe Creative Cloud software|Adobe Illustrator|Adobe Photoshop|Apple macOS|Autodesk AutoCAD|Microsoft Outlook|Monitoring|Reading Comprehension|Writing,Active Learning|Active Listening|Adobe Acrobat|Adobe InDesign|Critical Thinking|Microsoft Excel|Microsoft Office software|Microsoft PowerPoint|Salesforce software|Speaking
446,Sales Executive,19,9,9,10,47.37,Active Listening|Adobe Creative Cloud software|Adobe Illustrator|Adobe InDesign|Apple macOS|Autodesk AutoCAD|Microsoft Excel|Microsoft Outlook|Reading Comprehension|Salesforce software,Active Learning|Adobe Acrobat|Adobe Photoshop|Critical Thinking|Microsoft Office software|Microsoft PowerPoint|Monitoring|Speaking|Writing
447,Research Director,22,13,13,9,59.09,Active Listening|Critical Thinking|Mathematics|Microsoft Access|Microsoft Excel|Microsoft Office software|Microsoft PowerPoint|Monitoring|Speaking,Active Learning|Adobe Acrobat|Adobe Photoshop|ESRI ArcGIS software|IBM SPSS Statistics|Learning Strategies|Microsoft Outlook|Microsoft Project|Microsoft SharePoint|Microsoft Visio|Reading Comprehension|Science|Writing
448,Laboratory Technician,20,10,10,10,50.0,Active Listening|Billing software|Data entry software|Google Docs|MEDITECH software|Microsoft Outlook|Microsoft PowerPoint|Microsoft Word|Reading Comprehension|Science,Active Learning|Commercial plate reader software|Critical Thinking|Database software|Microsoft Excel|Microsoft Office software|Monitoring|SAP software|Speaking|Writing
449,Sales Executive,19,8,8,11,42.11,Active Learning|Active Listening|Adobe Creative Cloud software|Adobe Illustrator|Adobe Photoshop|Apple macOS|Critical Thinking|Microsoft Excel|Microsoft Outlook|Reading Comprehension|Salesforce software,Adobe Acrobat|Adobe InDesign|Autodesk AutoCAD|Microsoft Office software|Microsoft PowerPoint|Monitoring|Speaking|Writing
450,Research Scientist,22,13,13,9,59.09,Amazon Web Services AWS software|Apache Hadoop|Apache Kafka|Bash|Critical Thinking|Docker|Go|Learning Strategies|Science,Active Learning|Active Listening|Ansible software|Apache Spark|C|C++|Git|GitHub|Mathematics|Monitoring|Reading Comprehension|Speaking|Writing
451,Healthcare Representative,19,9,9,10,47.37,Active Listening|Apache Hadoop|Critical Thinking|Google Analytics|Google Workspace software|HubSpot software|Monitoring|Reading Comprehension|Speaking|Writing,Active Learning|Amazon Web Services AWS software|IBM SPSS Statistics|Intuit QuickBooks|Linux|Microsoft Excel|Microsoft Office software|Microsoft Outlook|Salesforce software
452,Research Scientist,22,11,11,11,50.0,Active Learning|Active Listening|Amazon Web Services AWS software|Ansible software|Apache Kafka|C|C++|Monitoring|Science|Speaking|Writing,Apache Hadoop|Apache Spark|Bash|Critical Thinking|Docker|Git|GitHub|Go|Learning Strategies|Mathematics|Reading Comprehension
453,Sales Executive,19,8,8,11,42.11,Active Listening|Adobe Acrobat|Adobe Creative Cloud software|Adobe InDesign|Adobe Photoshop|Critical Thinking|Microsoft Excel|Microsoft Office software|Reading Comprehension|Salesforce software|Writing,Active Learning|Adobe Illustrator|Apple macOS|Autodesk AutoCAD|Microsoft Outlook|Microsoft PowerPoint|Monitoring|Speaking
454,Laboratory Technician,20,9,9,11,45.0,Active Learning|Active Listening|Billing software|Commercial plate reader software|Critical Thinking|Database software|Microsoft Office software|Microsoft PowerPoint|Reading Comprehension|SAP software|Science,Data entry software|Google Docs|MEDITECH software|Microsoft Excel|Microsoft Outlook|Microsoft Word|Monitoring|Speaking|Writing
455,Laboratory Technician,20,8,8,12,40.0,Billing software|Data entry software|Database software|MEDITECH software|Microsoft Outlook|Microsoft PowerPoint|Microsoft Word|Monitoring|Reading Comprehension|SAP software|Science|Writing,Active Learning|Active Listening|Commercial plate reader software|Critical Thinking|Google Docs|Microsoft Excel|Microsoft Office software|Speaking
456,Sales Executive,19,9,9,10,47.37,Active Listening|Adobe Acrobat|Adobe Illustrator|Autodesk AutoCAD|Critical Thinking|Microsoft Office software|Microsoft PowerPoint|Salesforce software|Speaking|Writing,Active Learning|Adobe Creative Cloud software|Adobe InDesign|Adobe Photoshop|Apple macOS|Microsoft Excel|Microsoft Outlook|Monitoring|Reading Comprehension
458,Sales Executive,19,9,9,10,47.37,Active Learning|Active Listening|Adobe Creative Cloud software|Adobe InDesign|Apple macOS|Critical Thinking|Microsoft Excel|Microsoft Outlook|Reading Comprehension|Writing,Adobe Acrobat|Adobe Illustrator|Adobe Photoshop|Autodesk AutoCAD|Microsoft Office software|Microsoft PowerPoint|Monitoring|Salesforce software|Speaking
460,Manufacturing Director,20,9,9,11,45.0,Active Listening|Adobe Creative Cloud software|Adobe Photoshop|Apache Hadoop|Critical Thinking|Microsoft Excel|Microsoft Office software|Microsoft PowerPoint|Monitoring|Speaking|Writing,Active Learning|Adobe Acrobat|Amazon Web Services AWS software|Apple macOS|Atlassian Confluence|Atlassian JIRA|Autodesk AutoCAD|Learning Strategies|Reading Comprehension
461,Research Director,22,11,11,11,50.0,Active Learning|Active Listening|Adobe Acrobat|ESRI ArcGIS software|IBM SPSS Statistics|Learning Strategies|Microsoft Outlook|Microsoft Project|Microsoft Visio|Speaking|Writing,Adobe Photoshop|Critical Thinking|Mathematics|Microsoft Access|Microsoft Excel|Microsoft Office software|Microsoft PowerPoint|Microsoft SharePoint|Monitoring|Reading Comprehension|Science
462,Manufacturing Director,20,10,10,10,50.0,Active Listening|Adobe Creative Cloud software|Apache Hadoop|Autodesk AutoCAD|Critical Thinking|Microsoft Excel|Microsoft Office software|Microsoft PowerPoint|Monitoring|Speaking,Active Learning|Adobe Acrobat|Adobe Photoshop|Amazon Web Services AWS software|Apple macOS|Atlassian Confluence|Atlassian JIRA|Learning Strategies|Reading Comprehension|Writing
463,Sales Executive,19,9,9,10,47.37,Active Listening|Adobe Acrobat|Adobe Creative Cloud software|Adobe Illustrator|Adobe Photoshop|Microsoft PowerPoint|Monitoring|Reading Comprehension|Speaking|Writing,Active Learning|Adobe InDesign|Apple macOS|Autodesk AutoCAD|Critical Thinking|Microsoft Excel|Microsoft Office software|Microsoft Outlook|Salesforce software
464,Manufacturing Director,20,11,11,9,55.0,Active Learning|Active Listening|Adobe Acrobat|Apple macOS|Critical Thinking|Microsoft Office software|Microsoft PowerPoint|Monitoring|Reading Comprehension,Adobe Creative Cloud software|Adobe Photoshop|Amazon Web Services AWS software|Apache Hadoop|Atlassian Confluence|Atlassian JIRA|Autodesk AutoCAD|Learning Strategies|Microsoft Excel|Speaking|Writing
465,Research Scientist,22,9,9,13,40.91,Active Listening|Amazon Web Services AWS software|Ansible software|Apache Hadoop|C|C++|Critical Thinking|GitHub|Learning Strategies|Monitoring|Reading Comprehension|Speaking|Writing,Active Learning|Apache Kafka|Apache Spark|Bash|Docker|Git|Go|Mathematics|Science
466,Manufacturing Director,20,9,9,11,45.0,Adobe Acrobat|Adobe Creative Cloud software|Amazon Web Services AWS software|Apple macOS|Atlassian JIRA|Autodesk AutoCAD|Learning Strategies|Microsoft Excel|Microsoft Office software|Monitoring|Reading Comprehension,Active Learning|Active Listening|Adobe Photoshop|Apache Hadoop|Atlassian Confluence|Critical Thinking|Microsoft PowerPoint|Speaking|Writing
467,Sales Representative,19,8,8,11,42.11,Adobe Acrobat|Adobe Illustrator|Adobe Photoshop|Apple macOS|Autodesk AutoCAD|Microsoft Excel|Microsoft PowerPoint|Reading Comprehension|Salesforce software|Speaking|Writing,Active Learning|Active Listening|Adobe Creative Cloud software|Adobe InDesign|Critical Thinking|Microsoft Office software|Microsoft Outlook|Monitoring
468,Research Director,22,12,12,10,54.55,Active Learning|Active Listening|Critical Thinking|IBM SPSS Statistics|Learning Strategies|Mathematics|Microsoft Office software|Microsoft PowerPoint|Microsoft Project|Reading Comprehension,Adobe Acrobat|Adobe Photoshop|ESRI ArcGIS software|Microsoft Access|Microsoft Excel|Microsoft Outlook|Microsoft SharePoint|Microsoft Visio|Monitoring|Science|Speaking|Writing
469,Sales Executive,19,8,8,11,42.11,Active Learning|Active Listening|Adobe Creative Cloud software|Adobe InDesign|Apple macOS|Microsoft Office software|Microsoft Outlook|Microsoft PowerPoint|Monitoring|Reading Comprehension|Writing,Adobe Acrobat|Adobe Illustrator|Adobe Photoshop|Autodesk AutoCAD|Critical Thinking|Microsoft Excel|Salesforce software|Speaking
470,Human Resources,20,8,8,12,40.0,Active Listening|Adobe Acrobat|Adobe Creative Cloud software|Adobe Illustrator|Adobe InDesign|Adobe Photoshop|Microsoft Excel|Microsoft PowerPoint|Monitoring|Speaking|Workday software|Writing,Active Learning|Applicant tracking software|Critical Thinking|Learning Strategies|Microsoft Office software|Microsoft Outlook|Oracle HRIS|Reading Comprehension
471,Laboratory Technician,20,9,9,11,45.0,Active Listening|Data entry software|Database software|Google Docs|MEDITECH software|Microsoft Excel|Microsoft Outlook|Microsoft Word|Monitoring|Speaking|Writing,Active Learning|Billing software|Commercial plate reader software|Critical Thinking|Microsoft Office software|Microsoft PowerPoint|Reading Comprehension|SAP software|Science
473,Manager,20,11,11,9,55.0,Active Listening|Adobe Acrobat|Amazon Web Services AWS software|Apache Hadoop|Atlassian Confluence|Autodesk AutoCAD|Learning Strategies|Microsoft PowerPoint|Writing,Active Learning|Adobe Creative Cloud software|Adobe Photoshop|Apple macOS|Atlassian JIRA|Critical Thinking|Microsoft Excel|Microsoft Office software|Monitoring|Reading Comprehension|Speaking
474,Research Scientist,22,12,12,10,54.55,Active Listening|Amazon Web Services AWS software|Apache Hadoop|Apache Kafka|Bash|Critical Thinking|Git|Go|Monitoring|Speaking,Active Learning|Ansible software|Apache Spark|C|C++|Docker|GitHub|Learning Strategies|Mathematics|Reading Comprehension|Science|Writing
475,Sales Executive,19,8,8,11,42.11,Active Learning|Active Listening|Adobe InDesign|Adobe Photoshop|Critical Thinking|Microsoft Office software|Microsoft Outlook|Microsoft PowerPoint|Reading Comprehension|Salesforce software|Speaking,Adobe Acrobat|Adobe Creative Cloud software|Adobe Illustrator|Apple macOS|Autodesk AutoCAD|Microsoft Excel|Monitoring|Writing
476,Sales Executive,19,9,9,10,47.37,Active Learning|Active Listening|Adobe Acrobat|Adobe Creative Cloud software|Adobe Illustrator|Apple macOS|Microsoft PowerPoint|Monitoring|Reading Comprehension|Writing,Adobe InDesign|Adobe Photoshop|Autodesk AutoCAD|Critical Thinking|Microsoft Excel|Microsoft Office software|Microsoft Outlook|Salesforce software|Speaking
477,Healthcare Representative,19,10,10,9,52.63,Active Learning|Active Listening|Amazon Web Services AWS software|Google Analytics|HubSpot software|IBM SPSS Statistics|Intuit QuickBooks|Linux|Monitoring,Apache Hadoop|Critical Thinking|Google Workspace software|Microsoft Excel|Microsoft Office software|Microsoft Outlook|Reading Comprehension|Salesforce software|Speaking|Writing
478,Sales Representative,19,8,8,11,42.11,Active Learning|Adobe Creative Cloud software|Adobe InDesign|Apple macOS|Autodesk AutoCAD|Critical Thinking|Microsoft Office software|Microsoft Outlook|Microsoft PowerPoint|Salesforce software|Speaking,Active Listening|Adobe Acrobat|Adobe Illustrator|Adobe Photoshop|Microsoft Excel|Monitoring|Reading Comprehension|Writing
479,Sales Executive,19,9,9,10,47.37,Active Listening|Adobe Creative Cloud software|Adobe Illustrator|Adobe InDesign|Adobe Photoshop|Apple macOS|Autodesk AutoCAD|Critical Thinking|Microsoft Excel|Microsoft PowerPoint,Active Learning|Adobe Acrobat|Microsoft Office software|Microsoft Outlook|Monitoring|Reading Comprehension|Salesforce software|Speaking|Writing
481,Sales Executive,19,11,11,8,57.89,Active Listening|Adobe Creative Cloud software|Adobe Illustrator|Adobe InDesign|Critical Thinking|Microsoft PowerPoint|Monitoring|Speaking,Active Learning|Adobe Acrobat|Adobe Photoshop|Apple macOS|Autodesk AutoCAD|Microsoft Excel|Microsoft Office software|Microsoft Outlook|Reading Comprehension|Salesforce software|Writing
482,Healthcare Representative,19,10,10,9,52.63,Apache Hadoop|Google Analytics|Google Workspace software|IBM SPSS Statistics|Intuit QuickBooks|Linux|Microsoft Outlook|Monitoring|Salesforce software,Active Learning|Active Listening|Amazon Web Services AWS software|Critical Thinking|HubSpot software|Microsoft Excel|Microsoft Office software|Reading Comprehension|Speaking|Writing
483,Laboratory Technician,20,10,10,10,50.0,Active Learning|Data entry software|Database software|Google Docs|MEDITECH software|Microsoft Excel|Microsoft Outlook|Microsoft PowerPoint|Monitoring|Reading Comprehension,Active Listening|Billing software|Commercial plate reader software|Critical Thinking|Microsoft Office software|Microsoft Word|SAP software|Science|Speaking|Writing
484,Sales Representative,19,8,8,11,42.11,Adobe Illustrator|Adobe InDesign|Adobe Photoshop|Microsoft Excel|Microsoft Office software|Microsoft Outlook|Microsoft PowerPoint|Reading Comprehension|Salesforce software|Speaking|Writing,Active Learning|Active Listening|Adobe Acrobat|Adobe Creative Cloud software|Apple macOS|Autodesk AutoCAD|Critical Thinking|Monitoring
485,Sales Representative,19,7,7,12,36.84,Active Listening|Adobe Illustrator|Adobe InDesign|Adobe Photoshop|Autodesk AutoCAD|Microsoft Excel|Microsoft Office software|Microsoft Outlook|Monitoring|Reading Comprehension|Salesforce software|Writing,Active Learning|Adobe Acrobat|Adobe Creative Cloud software|Apple macOS|Critical Thinking|Microsoft PowerPoint|Speaking
486,Laboratory Technician,20,11,11,9,55.0,Active Learning|Critical Thinking|Database software|Google Docs|Microsoft Excel|Microsoft PowerPoint|Microsoft Word|Reading Comprehension|Science,Active Listening|Billing software|Commercial plate reader software|Data entry software|MEDITECH software|Microsoft Office software|Microsoft Outlook|Monitoring|SAP software|Speaking|Writing
487,Manufacturing Director,20,9,9,11,45.0,Active Learning|Active Listening|Apache Hadoop|Atlassian Confluence|Atlassian JIRA|Autodesk AutoCAD|Microsoft Excel|Microsoft Office software|Microsoft PowerPoint|Reading Comprehension|Writing,Adobe Acrobat|Adobe Creative Cloud software|Adobe Photoshop|Amazon Web Services AWS software|Apple macOS|Critical Thinking|Learning Strategies|Monitoring|Speaking
488,Sales Executive,19,9,9,10,47.37,Active Learning|Adobe Creative Cloud software|Adobe Illustrator|Adobe Photoshop|Apple macOS|Autodesk AutoCAD|Critical Thinking|Microsoft Outlook|Reading Comprehension|Salesforce software,Active Listening|Adobe Acrobat|Adobe InDesign|Microsoft Excel|Microsoft Office software|Microsoft PowerPoint|Monitoring|Speaking|Writing
491,Healthcare Representative,19,11,11,8,57.89,Active Listening|Google Workspace software|HubSpot software|IBM SPSS Statistics|Linux|Microsoft Outlook|Speaking|Writing,Active Learning|Amazon Web Services AWS software|Apache Hadoop|Critical Thinking|Google Analytics|Intuit QuickBooks|Microsoft Excel|Microsoft Office software|Monitoring|Reading Comprehension|Salesforce software
492,Sales Executive,19,9,9,10,47.37,Active Listening|Adobe Acrobat|Adobe InDesign|Autodesk AutoCAD|Microsoft Excel|Microsoft Outlook|Microsoft PowerPoint|Reading Comprehension|Salesforce software|Speaking,Active Learning|Adobe Creative Cloud software|Adobe Illustrator|Adobe Photoshop|Apple macOS|Critical Thinking|Microsoft Office software|Monitoring|Writing
493,Research Scientist,22,9,9,13,40.91,Active Learning|Active Listening|Amazon Web Services AWS software|Ansible software|Apache Spark|C|C++|Critical Thinking|Learning Strategies|Monitoring|Reading Comprehension|Science|Writing,Apache Hadoop|Apache Kafka|Bash|Docker|Git|GitHub|Go|Mathematics|Speaking
494,Sales Representative,19,7,7,12,36.84,Active Learning|Active Listening|Adobe Creative Cloud software|Adobe InDesign|Adobe Photoshop|Critical Thinking|Microsoft Excel|Microsoft Office software|Microsoft Outlook|Salesforce software|Speaking|Writing,Adobe Acrobat|Adobe Illustrator|Apple macOS|Autodesk AutoCAD|Microsoft PowerPoint|Monitoring|Reading Comprehension
495,Research Scientist,22,10,10,12,45.45,Amazon Web Services AWS software|Apache Hadoop|Bash|C++|Critical Thinking|Docker|Git|Mathematics|Monitoring|Reading Comprehension|Science|Speaking,Active Learning|Active Listening|Ansible software|Apache Kafka|Apache Spark|C|GitHub|Go|Learning Strategies|Writing
496,Healthcare Representative,19,9,9,10,47.37,Amazon Web Services AWS software|Google Analytics|Google Workspace software|HubSpot software|IBM SPSS Statistics|Intuit QuickBooks|Microsoft Excel|Monitoring|Salesforce software|Speaking,Active Learning|Active Listening|Apache Hadoop|Critical Thinking|Linux|Microsoft Office software|Microsoft Outlook|Reading Comprehension|Writing
497,Laboratory Technician,20,9,9,11,45.0,Billing software|Data entry software|Database software|Google Docs|Microsoft Excel|Microsoft Outlook|Microsoft Word|Monitoring|Reading Comprehension|SAP software|Writing,Active Learning|Active Listening|Commercial plate reader software|Critical Thinking|MEDITECH software|Microsoft Office software|Microsoft PowerPoint|Science|Speaking
498,Sales Executive,19,9,9,10,47.37,Active Learning|Adobe Acrobat|Adobe Creative Cloud software|Adobe InDesign|Apple macOS|Autodesk AutoCAD|Critical Thinking|Microsoft Office software|Speaking|Writing,Active Listening|Adobe Illustrator|Adobe Photoshop|Microsoft Excel|Microsoft Outlook|Microsoft PowerPoint|Monitoring|Reading Comprehension|Salesforce software
499,Healthcare Representative,19,13,13,6,68.42,Google Analytics|HubSpot software|Microsoft Outlook|Monitoring|Salesforce software|Speaking,Active Learning|Active Listening|Amazon Web Services AWS software|Apache Hadoop|Critical Thinking|Google Workspace software|IBM SPSS Statistics|Intuit QuickBooks|Linux|Microsoft Excel|Microsoft Office software|Reading Comprehension|Writing
500,Sales Executive,19,11,11,8,57.89,Active Listening|Adobe Acrobat|Adobe Illustrator|Microsoft Office software|Microsoft PowerPoint|Monitoring|Reading Comprehension|Salesforce software,Active Learning|Adobe Creative Cloud software|Adobe InDesign|Adobe Photoshop|Apple macOS|Autodesk AutoCAD|Critical Thinking|Microsoft Excel|Microsoft Outlook|Speaking|Writing
501,Research Scientist,22,10,10,12,45.45,Active Learning|Amazon Web Services AWS software|Ansible software|Apache Hadoop|Apache Kafka|Bash|C++|Critical Thinking|Docker|Go|Reading Comprehension|Speaking,Active Listening|Apache Spark|C|Git|GitHub|Learning Strategies|Mathematics|Monitoring|Science|Writing
502,Sales Executive,19,9,9,10,47.37,Active Learning|Adobe Acrobat|Adobe Illustrator|Adobe InDesign|Adobe Photoshop|Apple macOS|Critical Thinking|Microsoft Excel|Monitoring|Writing,Active Listening|Adobe Creative Cloud software|Autodesk AutoCAD|Microsoft Office software|Microsoft Outlook|Microsoft PowerPoint|Reading Comprehension|Salesforce software|Speaking
505,Manager,20,14,14,6,70.0,Adobe Acrobat|Adobe Creative Cloud software|Apple macOS|Atlassian JIRA|Microsoft Office software|Reading Comprehension,Active Learning|Active Listening|Adobe Photoshop|Amazon Web Services AWS software|Apache Hadoop|Atlassian Confluence|Autodesk AutoCAD|Critical Thinking|Learning Strategies|Microsoft Excel|Microsoft PowerPoint|Monitoring|Speaking|Writing
507,Sales Executive,19,8,8,11,42.11,Adobe Acrobat|Adobe Creative Cloud software|Adobe Illustrator|Adobe Photoshop|Microsoft Excel|Microsoft Office software|Microsoft Outlook|Microsoft PowerPoint|Reading Comprehension|Salesforce software|Speaking,Active Learning|Active Listening|Adobe InDesign|Apple macOS|Autodesk AutoCAD|Critical Thinking|Monitoring|Writing
508,Sales Representative,19,7,7,12,36.84,Active Learning|Adobe Acrobat|Adobe Creative Cloud software|Adobe Illustrator|Adobe Photoshop|Apple macOS|Critical Thinking|Microsoft Excel|Microsoft Office software|Microsoft Outlook|Microsoft PowerPoint|Writing,Active Listening|Adobe InDesign|Autodesk AutoCAD|Monitoring|Reading Comprehension|Salesforce software|Speaking
510,Research Scientist,22,10,10,12,45.45,Amazon Web Services AWS software|Ansible software|Apache Kafka|Apache Spark|C++|Critical Thinking|Git|GitHub|Go|Mathematics|Science|Speaking,Active Learning|Active Listening|Apache Hadoop|Bash|C|Docker|Learning Strategies|Monitoring|Reading Comprehension|Writing
511,Research Scientist,22,9,9,13,40.91,Active Learning|Active Listening|Amazon Web Services AWS software|Ansible software|C|C++|Docker|Go|Learning Strategies|Monitoring|Science|Speaking|Writing,Apache Hadoop|Apache Kafka|Apache Spark|Bash|Critical Thinking|Git|GitHub|Mathematics|Reading Comprehension
513,Sales Executive,19,9,9,10,47.37,Adobe Acrobat|Adobe Creative Cloud software|Adobe Illustrator|Adobe Photoshop|Autodesk AutoCAD|Microsoft Excel|Microsoft Outlook|Microsoft PowerPoint|Reading Comprehension|Speaking,Active Learning|Active Listening|Adobe InDesign|Apple macOS|Critical Thinking|Microsoft Office software|Monitoring|Salesforce software|Writing
514,Research Scientist,22,9,9,13,40.91,Active Learning|Amazon Web Services AWS software|Ansible software|Apache Hadoop|C++|Git|GitHub|Go|Learning Strategies|Mathematics|Science|Speaking|Writing,Active Listening|Apache Kafka|Apache Spark|Bash|C|Critical Thinking|Docker|Monitoring|Reading Comprehension
515,Laboratory Technician,20,12,12,8,60.0,Active Listening|Critical Thinking|Database software|MEDITECH software|Microsoft Word|Monitoring|SAP software|Science,Active Learning|Billing software|Commercial plate reader software|Data entry software|Google Docs|Microsoft Excel|Microsoft Office software|Microsoft Outlook|Microsoft PowerPoint|Reading Comprehension|Speaking|Writing
516,Sales Executive,19,9,9,10,47.37,Active Learning|Adobe Creative Cloud software|Adobe InDesign|Apple macOS|Autodesk AutoCAD|Critical Thinking|Microsoft PowerPoint|Monitoring|Salesforce software|Speaking,Active Listening|Adobe Acrobat|Adobe Illustrator|Adobe Photoshop|Microsoft Excel|Microsoft Office software|Microsoft Outlook|Reading Comprehension|Writing
517,Laboratory Technician,20,9,9,11,45.0,Active Learning|Active Listening|Billing software|Commercial plate reader software|Critical Thinking|Data entry software|Database software|Microsoft Office software|Microsoft Outlook|Microsoft Word|Speaking,Google Docs|MEDITECH software|Microsoft Excel|Microsoft PowerPoint|Monitoring|Reading Comprehension|SAP software|Science|Writing
518,Manufacturing Director,20,12,12,8,60.0,Adobe Acrobat|Adobe Photoshop|Apple macOS|Critical Thinking|Microsoft Excel|Microsoft Office software|Monitoring|Writing,Active Learning|Active Listening|Adobe Creative Cloud software|Amazon Web Services AWS software|Apache Hadoop|Atlassian Confluence|Atlassian JIRA|Autodesk AutoCAD|Learning Strategies|Microsoft PowerPoint|Reading Comprehension|Speaking
520,Research Director,22,14,14,8,63.64,Adobe Photoshop|Learning Strategies|Mathematics|Microsoft Access|Microsoft Project|Microsoft Visio|Monitoring|Writing,Active Learning|Active Listening|Adobe Acrobat|Critical Thinking|ESRI ArcGIS software|IBM SPSS Statistics|Microsoft Excel|Microsoft Office software|Microsoft Outlook|Microsoft PowerPoint|Microsoft SharePoint|Reading Comprehension|Science|Speaking
521,Laboratory Technician,20,12,12,8,60.0,Active Learning|Active Listening|Commercial plate reader software|Data entry software|Google Docs|MEDITECH software|Microsoft Excel|Science,Billing software|Critical Thinking|Database software|Microsoft Office software|Microsoft Outlook|Microsoft PowerPoint|Microsoft Word|Monitoring|Reading Comprehension|SAP software|Speaking|Writing
522,Research Director,22,14,14,8,63.64,Adobe Photoshop|ESRI ArcGIS software|Learning Strategies|Microsoft Access|Microsoft Project|Microsoft SharePoint|Reading Comprehension|Science,Active Learning|Active Listening|Adobe Acrobat|Critical Thinking|IBM SPSS Statistics|Mathematics|Microsoft Excel|Microsoft Office software|Microsoft Outlook|Microsoft PowerPoint|Microsoft Visio|Monitoring|Speaking|Writing
523,Sales Executive,19,8,8,11,42.11,Adobe Illustrator|Adobe Photoshop|Apple macOS|Autodesk AutoCAD|Critical Thinking|Microsoft Excel|Microsoft Office software|Microsoft Outlook|Reading Comprehension|Salesforce software|Speaking,Active Learning|Active Listening|Adobe Acrobat|Adobe Creative Cloud software|Adobe InDesign|Microsoft PowerPoint|Monitoring|Writing
524,Manufacturing Director,20,10,10,10,50.0,Adobe Acrobat|Adobe Creative Cloud software|Amazon Web Services AWS software|Apple macOS|Atlassian JIRA|Autodesk AutoCAD|Microsoft PowerPoint|Monitoring|Speaking|Writing,Active Learning|Active Listening|Adobe Photoshop|Apache Hadoop|Atlassian Confluence|Critical Thinking|Learning Strategies|Microsoft Excel|Microsoft Office software|Reading Comprehension
525,Laboratory Technician,20,9,9,11,45.0,Active Listening|Billing software|Commercial plate reader software|Critical Thinking|Data entry software|Database software|Microsoft Excel|Microsoft PowerPoint|Microsoft Word|Reading Comprehension|Speaking,Active Learning|Google Docs|MEDITECH software|Microsoft Office software|Microsoft Outlook|Monitoring|SAP software|Science|Writing
526,Healthcare Representative,19,9,9,10,47.37,Active Learning|Apache Hadoop|Critical Thinking|Google Analytics|Google Workspace software|IBM SPSS Statistics|Microsoft Outlook|Reading Comprehension|Salesforce software|Writing,Active Listening|Amazon Web Services AWS software|HubSpot software|Intuit QuickBooks|Linux|Microsoft Excel|Microsoft Office software|Monitoring|Speaking
527,Sales Executive,19,8,8,11,42.11,Adobe Acrobat|Adobe Illustrator|Adobe InDesign|Microsoft Excel|Microsoft Office software|Microsoft Outlook|Monitoring|Reading Comprehension|Salesforce software|Speaking|Writing,Active Learning|Active Listening|Adobe Creative Cloud software|Adobe Photoshop|Apple macOS|Autodesk AutoCAD|Critical Thinking|Microsoft PowerPoint
529,Research Scientist,22,12,12,10,54.55,Active Learning|Amazon Web Services AWS software|Apache Hadoop|Apache Spark|Bash|C|Critical Thinking|Git|Reading Comprehension|Science,Active Listening|Ansible software|Apache Kafka|C++|Docker|GitHub|Go|Learning Strategies|Mathematics|Monitoring|Speaking|Writing
530,Laboratory Technician,20,8,8,12,40.0,Active Listening|Critical Thinking|Data entry software|Database software|Google Docs|Microsoft PowerPoint|Microsoft Word|Reading Comprehension|SAP software|Science|Speaking|Writing,Active Learning|Billing software|Commercial plate reader software|MEDITECH software|Microsoft Excel|Microsoft Office software|Microsoft Outlook|Monitoring
531,Manager,20,12,12,8,60.0,Active Learning|Apple macOS|Autodesk AutoCAD|Critical Thinking|Learning Strategies|Microsoft PowerPoint|Reading Comprehension|Speaking,Active Listening|Adobe Acrobat|Adobe Creative Cloud software|Adobe Photoshop|Amazon Web Services AWS software|Apache Hadoop|Atlassian Confluence|Atlassian JIRA|Microsoft Excel|Microsoft Office software|Monitoring|Writing
532,Sales Executive,19,15,15,4,78.95,Active Listening|Microsoft Office software|Microsoft PowerPoint|Writing,Active Learning|Adobe Acrobat|Adobe Creative Cloud software|Adobe Illustrator|Adobe InDesign|Adobe Photoshop|Apple macOS|Autodesk AutoCAD|Critical Thinking|Microsoft Excel|Microsoft Outlook|Monitoring|Reading Comprehension|Salesforce software|Speaking
533,Sales Executive,19,8,8,11,42.11,Active Learning|Adobe Creative Cloud software|Adobe InDesign|Adobe Photoshop|Apple macOS|Autodesk AutoCAD|Critical Thinking|Microsoft Office software|Reading Comprehension|Salesforce software|Writing,Active Listening|Adobe Acrobat|Adobe Illustrator|Microsoft Excel|Microsoft Outlook|Microsoft PowerPoint|Monitoring|Speaking
534,Sales Executive,19,9,9,10,47.37,Adobe Acrobat|Adobe Creative Cloud software|Adobe Illustrator|Apple macOS|Critical Thinking|Microsoft Excel|Microsoft PowerPoint|Salesforce software|Speaking|Writing,Active Learning|Active Listening|Adobe InDesign|Adobe Photoshop|Autodesk AutoCAD|Microsoft Office software|Microsoft Outlook|Monitoring|Reading Comprehension
536,Laboratory Technician,20,10,10,10,50.0,Active Learning|Commercial plate reader software|Data entry software|Microsoft Excel|Microsoft Word|Monitoring|Reading Comprehension|SAP software|Science|Speaking,Active Listening|Billing software|Critical Thinking|Database software|Google Docs|MEDITECH software|Microsoft Office software|Microsoft Outlook|Microsoft PowerPoint|Writing
538,Laboratory Technician,20,9,9,11,45.0,Active Listening|Critical Thinking|MEDITECH software|Microsoft Excel|Microsoft Outlook|Microsoft PowerPoint|Microsoft Word|Monitoring|Reading Comprehension|SAP software|Speaking,Active Learning|Billing software|Commercial plate reader software|Data entry software|Database software|Google Docs|Microsoft Office software|Science|Writing
543,Manufacturing Director,20,14,14,6,70.0,Adobe Photoshop|Apache Hadoop|Apple macOS|Atlassian JIRA|Autodesk AutoCAD|Microsoft PowerPoint,Active Learning|Active Listening|Adobe Acrobat|Adobe Creative Cloud software|Amazon Web Services AWS software|Atlassian Confluence|Critical Thinking|Learning Strategies|Microsoft Excel|Microsoft Office software|Monitoring|Reading Comprehension|Speaking|Writing
544,Research Scientist,22,10,10,12,45.45,Active Learning|Active Listening|Amazon Web Services AWS software|Apache Hadoop|Apache Kafka|Apache Spark|C++|Docker|GitHub|Go|Mathematics|Science,Ansible software|Bash|C|Critical Thinking|Git|Learning Strategies|Monitoring|Reading Comprehension|Speaking|Writing
546,Manager,20,14,14,6,70.0,Apple macOS|Atlassian Confluence|Autodesk AutoCAD|Critical Thinking|Speaking|Writing,Active Learning|Active Listening|Adobe Acrobat|Adobe Creative Cloud software|Adobe Photoshop|Amazon Web Services AWS software|Apache Hadoop|Atlassian JIRA|Learning Strategies|Microsoft Excel|Microsoft Office software|Microsoft PowerPoint|Monitoring|Reading Comprehension
547,Research Scientist,22,13,13,9,59.09,Ansible software|Apache Spark|Bash|Docker|Go|Learning Strategies|Mathematics|Reading Comprehension|Writing,Active Learning|Active Listening|Amazon Web Services AWS software|Apache Hadoop|Apache Kafka|C|C++|Critical Thinking|Git|GitHub|Monitoring|Science|Speaking
548,Manufacturing Director,20,10,10,10,50.0,Adobe Photoshop|Amazon Web Services AWS software|Atlassian JIRA|Autodesk AutoCAD|Critical Thinking|Microsoft Excel|Microsoft Office software|Microsoft PowerPoint|Monitoring|Speaking,Active Learning|Active Listening|Adobe Acrobat|Adobe Creative Cloud software|Apache Hadoop|Apple macOS|Atlassian Confluence|Learning Strategies|Reading Comprehension|Writing
549,Manager,20,15,15,5,75.0,Active Learning|Adobe Acrobat|Atlassian JIRA|Microsoft Excel|Monitoring,Active Listening|Adobe Creative Cloud software|Adobe Photoshop|Amazon Web Services AWS software|Apache Hadoop|Apple macOS|Atlassian Confluence|Autodesk AutoCAD|Critical Thinking|Learning Strategies|Microsoft Office software|Microsoft PowerPoint|Reading Comprehension|Speaking|Writing
550,Manufacturing Director,20,12,12,8,60.0,Active Listening|Adobe Photoshop|Atlassian JIRA|Critical Thinking|Learning Strategies|Microsoft Excel|Microsoft Office software|Monitoring,Active Learning|Adobe Acrobat|Adobe Creative Cloud software|Amazon Web Services AWS software|Apache Hadoop|Apple macOS|Atlassian Confluence|Autodesk AutoCAD|Microsoft PowerPoint|Reading Comprehension|Speaking|Writing
551,Healthcare Representative,19,9,9,10,47.37,Active Learning|Active Listening|Critical Thinking|Google Analytics|Google Workspace software|HubSpot software|Microsoft Office software|Microsoft Outlook|Reading Comprehension|Speaking,Amazon Web Services AWS software|Apache Hadoop|IBM SPSS Statistics|Intuit QuickBooks|Linux|Microsoft Excel|Monitoring|Salesforce software|Writing
554,Sales Representative,19,8,8,11,42.11,Active Listening|Adobe Creative Cloud software|Adobe Illustrator|Adobe InDesign|Adobe Photoshop|Autodesk AutoCAD|Microsoft Excel|Microsoft Office software|Microsoft Outlook|Monitoring|Reading Comprehension,Active Learning|Adobe Acrobat|Apple macOS|Critical Thinking|Microsoft PowerPoint|Salesforce software|Speaking|Writing
555,Sales Representative,19,8,8,11,42.11,Active Learning|Adobe Acrobat|Adobe InDesign|Apple macOS|Autodesk AutoCAD|Microsoft Excel|Microsoft Outlook|Microsoft PowerPoint|Reading Comprehension|Salesforce software|Writing,Active Listening|Adobe Creative Cloud software|Adobe Illustrator|Adobe Photoshop|Critical Thinking|Microsoft Office software|Monitoring|Speaking
556,Laboratory Technician,20,8,8,12,40.0,Active Learning|Active Listening|Commercial plate reader software|Google Docs|MEDITECH software|Microsoft Excel|Microsoft Office software|Microsoft Outlook|Monitoring|Reading Comprehension|Science|Writing,Billing software|Critical Thinking|Data entry software|Database software|Microsoft PowerPoint|Microsoft Word|SAP software|Speaking
558,Manager,20,12,12,8,60.0,Active Learning|Adobe Creative Cloud software|Apache Hadoop|Apple macOS|Atlassian JIRA|Microsoft Office software|Microsoft PowerPoint|Writing,Active Listening|Adobe Acrobat|Adobe Photoshop|Amazon Web Services AWS software|Atlassian Confluence|Autodesk AutoCAD|Critical Thinking|Learning Strategies|Microsoft Excel|Monitoring|Reading Comprehension|Speaking
560,Research Scientist,22,9,9,13,40.91,Active Learning|Active Listening|Ansible software|Apache Kafka|C++|Docker|Git|GitHub|Learning Strategies|Mathematics|Reading Comprehension|Speaking|Writing,Amazon Web Services AWS software|Apache Hadoop|Apache Spark|Bash|C|Critical Thinking|Go|Monitoring|Science
562,Laboratory Technician,20,10,10,10,50.0,Active Listening|Commercial plate reader software|Critical Thinking|Database software|Microsoft Excel|Microsoft Office software|Microsoft PowerPoint|Microsoft Word|Reading Comprehension|Speaking,Active Learning|Billing software|Data entry software|Google Docs|MEDITECH software|Microsoft Outlook|Monitoring|SAP software|Science|Writing
564,Research Director,22,11,11,11,50.0,Critical Thinking|IBM SPSS Statistics|Learning Strategies|Microsoft Access|Microsoft Outlook|Microsoft PowerPoint|Microsoft Visio|Monitoring|Reading Comprehension|Science|Speaking,Active Learning|Active Listening|Adobe Acrobat|Adobe Photoshop|ESRI ArcGIS software|Mathematics|Microsoft Excel|Microsoft Office software|Microsoft Project|Microsoft SharePoint|Writing
565,Research Scientist,22,10,10,12,45.45,Ansible software|Apache Hadoop|Apache Kafka|Apache Spark|Bash|C|C++|Critical Thinking|Git|GitHub|Learning Strategies|Monitoring,Active Learning|Active Listening|Amazon Web Services AWS software|Docker|Go|Mathematics|Reading Comprehension|Science|Speaking|Writing
566,Human Resources,20,8,8,12,40.0,Active Learning|Active Listening|Adobe Creative Cloud software|Adobe Illustrator|Adobe InDesign|Adobe Photoshop|Applicant tracking software|Microsoft Excel|Microsoft Office software|Monitoring|Reading Comprehension|Speaking,Adobe Acrobat|Critical Thinking|Learning Strategies|Microsoft Outlook|Microsoft PowerPoint|Oracle HRIS|Workday software|Writing
567,Sales Executive,19,9,9,10,47.37,Adobe Creative Cloud software|Adobe InDesign|Adobe Photoshop|Apple macOS|Critical Thinking|Microsoft Excel|Microsoft Office software|Monitoring|Reading Comprehension|Salesforce software,Active Learning|Active Listening|Adobe Acrobat|Adobe Illustrator|Autodesk AutoCAD|Microsoft Outlook|Microsoft PowerPoint|Speaking|Writing
568,Manager,20,15,15,5,75.0,Adobe Creative Cloud software|Atlassian JIRA|Critical Thinking|Microsoft Excel|Monitoring,Active Learning|Active Listening|Adobe Acrobat|Adobe Photoshop|Amazon Web Services AWS software|Apache Hadoop|Apple macOS|Atlassian Confluence|Autodesk AutoCAD|Learning Strategies|Microsoft Office software|Microsoft PowerPoint|Reading Comprehension|Speaking|Writing
569,Manager,20,14,14,6,70.0,Active Learning|Amazon Web Services AWS software|Apache Hadoop|Atlassian JIRA|Autodesk AutoCAD|Reading Comprehension,Active Listening|Adobe Acrobat|Adobe Creative Cloud software|Adobe Photoshop|Apple macOS|Atlassian Confluence|Critical Thinking|Learning Strategies|Microsoft Excel|Microsoft Office software|Microsoft PowerPoint|Monitoring|Speaking|Writing
571,Laboratory Technician,20,10,10,10,50.0,Active Learning|Commercial plate reader software|Critical Thinking|Data entry software|Database software|Google Docs|MEDITECH software|Microsoft Outlook|Microsoft PowerPoint|Writing,Active Listening|Billing software|Microsoft Excel|Microsoft Office software|Microsoft Word|Monitoring|Reading Comprehension|SAP software|Science|Speaking
573,Sales Executive,19,12,12,7,63.16,Adobe Creative Cloud software|Adobe Illustrator|Autodesk AutoCAD|Microsoft Office software|Microsoft Outlook|Microsoft PowerPoint|Speaking,Active Learning|Active Listening|Adobe Acrobat|Adobe InDesign|Adobe Photoshop|Apple macOS|Critical Thinking|Microsoft Excel|Monitoring|Reading Comprehension|Salesforce software|Writing
574,Manufacturing Director,20,12,12,8,60.0,Active Listening|Adobe Photoshop|Apache Hadoop|Atlassian Confluence|Autodesk AutoCAD|Learning Strategies|Microsoft Office software|Monitoring,Active Learning|Adobe Acrobat|Adobe Creative Cloud software|Amazon Web Services AWS software|Apple macOS|Atlassian JIRA|Critical Thinking|Microsoft Excel|Microsoft PowerPoint|Reading Comprehension|Speaking|Writing
575,Research Director,22,15,15,7,68.18,Active Listening|Mathematics|Microsoft PowerPoint|Microsoft Project|Microsoft SharePoint|Microsoft Visio|Science,Active Learning|Adobe Acrobat|Adobe Photoshop|Critical Thinking|ESRI ArcGIS software|IBM SPSS Statistics|Learning Strategies|Microsoft Access|Microsoft Excel|Microsoft Office software|Microsoft Outlook|Monitoring|Reading Comprehension|Speaking|Writing
577,Laboratory Technician,20,9,9,11,45.0,Active Learning|Active Listening|Commercial plate reader software|Database software|Google Docs|MEDITECH software|Microsoft Outlook|Microsoft PowerPoint|Monitoring|Speaking|Writing,Billing software|Critical Thinking|Data entry software|Microsoft Excel|Microsoft Office software|Microsoft Word|Reading Comprehension|SAP software|Science
578,Laboratory Technician,20,12,12,8,60.0,Active Learning|Active Listening|Commercial plate reader software|Critical Thinking|Data entry software|Google Docs|Microsoft Excel|Microsoft Office software,Billing software|Database software|MEDITECH software|Microsoft Outlook|Microsoft PowerPoint|Microsoft Word|Monitoring|Reading Comprehension|SAP software|Science|Speaking|Writing
579,Research Scientist,22,12,12,10,54.55,Active Learning|Active Listening|Apache Spark|Critical Thinking|Docker|Go|Reading Comprehension|Science|Speaking|Writing,Amazon Web Services AWS software|Ansible software|Apache Hadoop|Apache Kafka|Bash|C|C++|Git|GitHub|Learning Strategies|Mathematics|Monitoring
580,Sales Executive,19,10,10,9,52.63,Adobe Creative Cloud software|Apple macOS|Critical Thinking|Microsoft Excel|Microsoft Office software|Microsoft PowerPoint|Salesforce software|Speaking|Writing,Active Learning|Active Listening|Adobe Acrobat|Adobe Illustrator|Adobe InDesign|Adobe Photoshop|Autodesk AutoCAD|Microsoft Outlook|Monitoring|Reading Comprehension
581,Manufacturing Director,20,10,10,10,50.0,Adobe Acrobat|Amazon Web Services AWS software|Apache Hadoop|Apple macOS|Atlassian Confluence|Critical Thinking|Learning Strategies|Microsoft Excel|Monitoring|Speaking,Active Learning|Active Listening|Adobe Creative Cloud software|Adobe Photoshop|Atlassian JIRA|Autodesk AutoCAD|Microsoft Office software|Microsoft PowerPoint|Reading Comprehension|Writing
582,Manager,20,11,11,9,55.0,Adobe Acrobat|Amazon Web Services AWS software|Apple macOS|Atlassian Confluence|Atlassian JIRA|Microsoft PowerPoint|Reading Comprehension|Speaking|Writing,Active Learning|Active Listening|Adobe Creative Cloud software|Adobe Photoshop|Apache Hadoop|Autodesk AutoCAD|Critical Thinking|Learning Strategies|Microsoft Excel|Microsoft Office software|Monitoring
584,Laboratory Technician,20,9,9,11,45.0,Active Learning|Active Listening|Billing software|Commercial plate reader software|Data entry software|Database software|Microsoft Office software|Microsoft PowerPoint|Microsoft Word|SAP software|Writing,Critical Thinking|Google Docs|MEDITECH software|Microsoft Excel|Microsoft Outlook|Monitoring|Reading Comprehension|Science|Speaking
585,Sales Representative,19,8,8,11,42.11,Active Learning|Adobe Acrobat|Adobe Creative Cloud software|Adobe Illustrator|Adobe InDesign|Adobe Photoshop|Autodesk AutoCAD|Microsoft Outlook|Microsoft PowerPoint|Salesforce software|Writing,Active Listening|Apple macOS|Critical Thinking|Microsoft Excel|Microsoft Office software|Monitoring|Reading Comprehension|Speaking
586,Healthcare Representative,19,9,9,10,47.37,Active Learning|Active Listening|Amazon Web Services AWS software|Critical Thinking|IBM SPSS Statistics|Linux|Microsoft Excel|Microsoft Outlook|Monitoring|Reading Comprehension,Apache Hadoop|Google Analytics|Google Workspace software|HubSpot software|Intuit QuickBooks|Microsoft Office software|Salesforce software|Speaking|Writing
587,Healthcare Representative,19,10,10,9,52.63,Active Learning|Apache Hadoop|Google Analytics|Google Workspace software|Intuit QuickBooks|Linux|Monitoring|Speaking|Writing,Active Listening|Amazon Web Services AWS software|Critical Thinking|HubSpot software|IBM SPSS Statistics|Microsoft Excel|Microsoft Office software|Microsoft Outlook|Reading Comprehension|Salesforce software
590,Human Resources,20,10,10,10,50.0,Active Learning|Adobe Acrobat|Adobe InDesign|Adobe Photoshop|Applicant tracking software|Learning Strategies|Microsoft Excel|Microsoft Outlook|Workday software|Writing,Active Listening|Adobe Creative Cloud software|Adobe Illustrator|Critical Thinking|Microsoft Office software|Microsoft PowerPoint|Monitoring|Oracle HRIS|Reading Comprehension|Speaking
591,Laboratory Technician,20,9,9,11,45.0,Active Learning|Billing software|Google Docs|Microsoft Excel|Microsoft Office software|Microsoft Outlook|Microsoft PowerPoint|Microsoft Word|Monitoring|Science|Writing,Active Listening|Commercial plate reader software|Critical Thinking|Data entry software|Database software|MEDITECH software|Reading Comprehension|SAP software|Speaking
592,Sales Executive,19,9,9,10,47.37,Active Learning|Active Listening|Adobe Photoshop|Apple macOS|Autodesk AutoCAD|Microsoft Outlook|Microsoft PowerPoint|Monitoring|Salesforce software|Writing,Adobe Acrobat|Adobe Creative Cloud software|Adobe Illustrator|Adobe InDesign|Critical Thinking|Microsoft Excel|Microsoft Office software|Reading Comprehension|Speaking
593,Laboratory Technician,20,8,8,12,40.0,Active Learning|Billing software|Critical Thinking|Google Docs|Microsoft Office software|Microsoft Outlook|Microsoft PowerPoint|Monitoring|Reading Comprehension|SAP software|Science|Speaking,Active Listening|Commercial plate reader software|Data entry software|Database software|MEDITECH software|Microsoft Excel|Microsoft Word|Writing
595,Sales Executive,19,10,10,9,52.63,Active Learning|Adobe Acrobat|Adobe Creative Cloud software|Adobe Illustrator|Adobe Photoshop|Autodesk AutoCAD|Microsoft Outlook|Salesforce software|Speaking,Active Listening|Adobe InDesign|Apple macOS|Critical Thinking|Microsoft Excel|Microsoft Office software|Microsoft PowerPoint|Monitoring|Reading Comprehension|Writing
597,Manager,20,16,16,4,80.0,Adobe Photoshop|Atlassian Confluence|Microsoft Office software|Monitoring,Active Learning|Active Listening|Adobe Acrobat|Adobe Creative Cloud software|Amazon Web Services AWS software|Apache Hadoop|Apple macOS|Atlassian JIRA|Autodesk AutoCAD|Critical Thinking|Learning Strategies|Microsoft Excel|Microsoft PowerPoint|Reading Comprehension|Speaking|Writing
599,Sales Executive,19,11,11,8,57.89,Active Listening|Adobe Photoshop|Apple macOS|Critical Thinking|Microsoft Excel|Microsoft PowerPoint|Salesforce software|Speaking,Active Learning|Adobe Acrobat|Adobe Creative Cloud software|Adobe Illustrator|Adobe InDesign|Autodesk AutoCAD|Microsoft Office software|Microsoft Outlook|Monitoring|Reading Comprehension|Writing
600,Sales Executive,19,10,10,9,52.63,Apple macOS|Autodesk AutoCAD|Critical Thinking|Microsoft Excel|Microsoft Outlook|Microsoft PowerPoint|Reading Comprehension|Speaking|Writing,Active Learning|Active Listening|Adobe Acrobat|Adobe Creative Cloud software|Adobe Illustrator|Adobe InDesign|Adobe Photoshop|Microsoft Office software|Monitoring|Salesforce software
601,Manufacturing Director,20,12,12,8,60.0,Adobe Acrobat|Adobe Photoshop|Atlassian JIRA|Autodesk AutoCAD|Microsoft Excel|Microsoft Office software|Monitoring|Writing,Active Learning|Active Listening|Adobe Creative Cloud software|Amazon Web Services AWS software|Apache Hadoop|Apple macOS|Atlassian Confluence|Critical Thinking|Learning Strategies|Microsoft PowerPoint|Reading Comprehension|Speaking
602,Laboratory Technician,20,9,9,11,45.0,Active Learning|Active Listening|Billing software|Critical Thinking|Data entry software|Database software|MEDITECH software|Microsoft Outlook|Monitoring|Reading Comprehension|Science,Commercial plate reader software|Google Docs|Microsoft Excel|Microsoft Office software|Microsoft PowerPoint|Microsoft Word|SAP software|Speaking|Writing
604,Sales Executive,19,9,9,10,47.37,Active Learning|Active Listening|Adobe Creative Cloud software|Apple macOS|Critical Thinking|Microsoft Excel|Microsoft Outlook|Reading Comprehension|Speaking|Writing,Adobe Acrobat|Adobe Illustrator|Adobe InDesign|Adobe Photoshop|Autodesk AutoCAD|Microsoft Office software|Microsoft PowerPoint|Monitoring|Salesforce software
605,Manufacturing Director,20,10,10,10,50.0,Amazon Web Services AWS software|Apache Hadoop|Autodesk AutoCAD|Critical Thinking|Learning Strategies|Microsoft Excel|Microsoft Office software|Microsoft PowerPoint|Reading Comprehension|Speaking,Active Learning|Active Listening|Adobe Acrobat|Adobe Creative Cloud software|Adobe Photoshop|Apple macOS|Atlassian Confluence|Atlassian JIRA|Monitoring|Writing
606,Sales Executive,19,9,9,10,47.37,Active Listening|Adobe Acrobat|Adobe Creative Cloud software|Adobe Illustrator|Adobe InDesign|Apple macOS|Critical Thinking|Microsoft Office software|Reading Comprehension|Writing,Active Learning|Adobe Photoshop|Autodesk AutoCAD|Microsoft Excel|Microsoft Outlook|Microsoft PowerPoint|Monitoring|Salesforce software|Speaking
608,Human Resources,20,9,9,11,45.0,Active Listening|Adobe Acrobat|Adobe Illustrator|Adobe InDesign|Applicant tracking software|Critical Thinking|Learning Strategies|Microsoft Excel|Microsoft Office software|Microsoft PowerPoint|Reading Comprehension,Active Learning|Adobe Creative Cloud software|Adobe Photoshop|Microsoft Outlook|Monitoring|Oracle HRIS|Speaking|Workday software|Writing
611,Manufacturing Director,20,9,9,11,45.0,Active Listening|Adobe Photoshop|Amazon Web Services AWS software|Apple macOS|Atlassian Confluence|Critical Thinking|Learning Strategies|Microsoft Office software|Reading Comprehension|Speaking|Writing,Active Learning|Adobe Acrobat|Adobe Creative Cloud software|Apache Hadoop|Atlassian JIRA|Autodesk AutoCAD|Microsoft Excel|Microsoft PowerPoint|Monitoring
612,Research Director,22,11,11,11,50.0,Active Learning|Active Listening|Adobe Acrobat|Critical Thinking|Learning Strategies|Microsoft Access|Microsoft Office software|Microsoft Project|Monitoring|Reading Comprehension|Science,Adobe Photoshop|ESRI ArcGIS software|IBM SPSS Statistics|Mathematics|Microsoft Excel|Microsoft Outlook|Microsoft PowerPoint|Microsoft SharePoint|Microsoft Visio|Speaking|Writing
613,Manager,20,10,10,10,50.0,Active Learning|Adobe Acrobat|Adobe Creative Cloud software|Adobe Photoshop|Atlassian Confluence|Atlassian JIRA|Autodesk AutoCAD|Critical Thinking|Microsoft Excel|Writing,Active Listening|Amazon Web Services AWS software|Apache Hadoop|Apple macOS|Learning Strategies|Microsoft Office software|Microsoft PowerPoint|Monitoring|Reading Comprehension|Speaking
614,Sales Representative,19,7,7,12,36.84,Active Learning|Adobe Acrobat|Adobe Creative Cloud software|Apple macOS|Autodesk AutoCAD|Critical Thinking|Microsoft Excel|Microsoft PowerPoint|Monitoring|Reading Comprehension|Salesforce software|Writing,Active Listening|Adobe Illustrator|Adobe InDesign|Adobe Photoshop|Microsoft Office software|Microsoft Outlook|Speaking
615,Sales Executive,19,11,11,8,57.89,Active Learning|Active Listening|Adobe Acrobat|Adobe Creative Cloud software|Adobe InDesign|Salesforce software|Speaking|Writing,Adobe Illustrator|Adobe Photoshop|Apple macOS|Autodesk AutoCAD|Critical Thinking|Microsoft Excel|Microsoft Office software|Microsoft Outlook|Microsoft PowerPoint|Monitoring|Reading Comprehension
616,Healthcare Representative,19,9,9,10,47.37,Active Learning|Active Listening|Amazon Web Services AWS software|Apache Hadoop|Google Workspace software|IBM SPSS Statistics|Intuit QuickBooks|Linux|Microsoft Office software|Speaking,Critical Thinking|Google Analytics|HubSpot software|Microsoft Excel|Microsoft Outlook|Monitoring|Reading Comprehension|Salesforce software|Writing
618,Sales Executive,19,9,9,10,47.37,Active Learning|Adobe Photoshop|Apple macOS|Autodesk AutoCAD|Critical Thinking|Microsoft Excel|Microsoft Outlook|Monitoring|Salesforce software|Speaking,Active Listening|Adobe Acrobat|Adobe Creative Cloud software|Adobe Illustrator|Adobe InDesign|Microsoft Office software|Microsoft PowerPoint|Reading Comprehension|Writing
620,Sales Executive,19,8,8,11,42.11,Active Learning|Active Listening|Adobe Creative Cloud software|Adobe InDesign|Apple macOS|Autodesk AutoCAD|Microsoft Office software|Microsoft PowerPoint|Monitoring|Salesforce software|Writing,Adobe Acrobat|Adobe Illustrator|Adobe Photoshop|Critical Thinking|Microsoft Excel|Microsoft Outlook|Reading Comprehension|Speaking
621,Sales Executive,19,9,9,10,47.37,Active Learning|Adobe Acrobat|Adobe Creative Cloud software|Adobe Photoshop|Apple macOS|Critical Thinking|Microsoft Excel|Microsoft Outlook|Reading Comprehension|Writing,Active Listening|Adobe Illustrator|Adobe InDesign|Autodesk AutoCAD|Microsoft Office software|Microsoft PowerPoint|Monitoring|Salesforce software|Speaking
622,Laboratory Technician,20,8,8,12,40.0,Active Listening|Commercial plate reader software|Critical Thinking|Data entry software|Google Docs|MEDITECH software|Microsoft Excel|Microsoft Office software|Microsoft Word|Monitoring|Reading Comprehension|Speaking,Active Learning|Billing software|Database software|Microsoft Outlook|Microsoft PowerPoint|SAP software|Science|Writing
623,Manufacturing Director,20,10,10,10,50.0,Active Learning|Adobe Creative Cloud software|Adobe Photoshop|Apache Hadoop|Atlassian Confluence|Microsoft Excel|Microsoft Office software|Microsoft PowerPoint|Reading Comprehension|Writing,Active Listening|Adobe Acrobat|Amazon Web Services AWS software|Apple macOS|Atlassian JIRA|Autodesk AutoCAD|Critical Thinking|Learning Strategies|Monitoring|Speaking
624,Healthcare Representative,19,13,13,6,68.42,Critical Thinking|HubSpot software|Microsoft Excel|Salesforce software|Speaking|Writing,Active Learning|Active Listening|Amazon Web Services AWS software|Apache Hadoop|Google Analytics|Google Workspace software|IBM SPSS Statistics|Intuit QuickBooks|Linux|Microsoft Office software|Microsoft Outlook|Monitoring|Reading Comprehension
625,Manager,20,12,12,8,60.0,Adobe Creative Cloud software|Amazon Web Services AWS software|Apache Hadoop|Autodesk AutoCAD|Learning Strategies|Microsoft Excel|Microsoft Office software|Reading Comprehension,Active Learning|Active Listening|Adobe Acrobat|Adobe Photoshop|Apple macOS|Atlassian Confluence|Atlassian JIRA|Critical Thinking|Microsoft PowerPoint|Monitoring|Speaking|Writing
626,Sales Executive,19,9,9,10,47.37,Active Learning|Active Listening|Adobe Acrobat|Apple macOS|Critical Thinking|Microsoft Excel|Microsoft Outlook|Microsoft PowerPoint|Monitoring|Salesforce software,Adobe Creative Cloud software|Adobe Illustrator|Adobe InDesign|Adobe Photoshop|Autodesk AutoCAD|Microsoft Office software|Reading Comprehension|Speaking|Writing
630,Research Scientist,22,13,13,9,59.09,Active Learning|Active Listening|Amazon Web Services AWS software|Apache Hadoop|Apache Spark|C|Docker|Git|Monitoring,Ansible software|Apache Kafka|Bash|C++|Critical Thinking|GitHub|Go|Learning Strategies|Mathematics|Reading Comprehension|Science|Speaking|Writing
631,Sales Executive,19,8,8,11,42.11,Active Listening|Adobe Creative Cloud software|Apple macOS|Autodesk AutoCAD|Critical Thinking|Microsoft Excel|Microsoft Office software|Microsoft Outlook|Microsoft PowerPoint|Monitoring|Speaking,Active Learning|Adobe Acrobat|Adobe Illustrator|Adobe InDesign|Adobe Photoshop|Reading Comprehension|Salesforce software|Writing
632,Sales Representative,19,8,8,11,42.11,Active Learning|Active Listening|Adobe Illustrator|Autodesk AutoCAD|Microsoft Excel|Microsoft Office software|Microsoft Outlook|Monitoring|Reading Comprehension|Salesforce software|Speaking,Adobe Acrobat|Adobe Creative Cloud software|Adobe InDesign|Adobe Photoshop|Apple macOS|Critical Thinking|Microsoft PowerPoint|Writing
634,Healthcare Representative,19,11,11,8,57.89,Active Listening|Google Workspace software|IBM SPSS Statistics|Intuit QuickBooks|Linux|Microsoft Office software|Speaking|Writing,Active Learning|Amazon Web Services AWS software|Apache Hadoop|Critical Thinking|Google Analytics|HubSpot software|Microsoft Excel|Microsoft Outlook|Monitoring|Reading Comprehension|Salesforce software
635,Manufacturing Director,20,9,9,11,45.0,Active Learning|Adobe Acrobat|Adobe Creative Cloud software|Adobe Photoshop|Apple macOS|Atlassian Confluence|Atlassian JIRA|Learning Strategies|Microsoft Excel|Microsoft PowerPoint|Reading Comprehension,Active Listening|Amazon Web Services AWS software|Apache Hadoop|Autodesk AutoCAD|Critical Thinking|Microsoft Office software|Monitoring|Speaking|Writing
638,Research Director,22,16,16,6,72.73,Active Listening|Adobe Photoshop|Microsoft Visio|Monitoring|Reading Comprehension|Speaking,Active Learning|Adobe Acrobat|Critical Thinking|ESRI ArcGIS software|IBM SPSS Statistics|Learning Strategies|Mathematics|Microsoft Access|Microsoft Excel|Microsoft Office software|Microsoft Outlook|Microsoft PowerPoint|Microsoft Project|Microsoft SharePoint|Science|Writing
639,Research Scientist,22,10,10,12,45.45,Active Learning|Ansible software|C++|Critical Thinking|Docker|Git|GitHub|Go|Learning Strategies|Mathematics|Monitoring|Writing,Active Listening|Amazon Web Services AWS software|Apache Hadoop|Apache Kafka|Apache Spark|Bash|C|Reading Comprehension|Science|Speaking
641,Sales Executive,19,8,8,11,42.11,Active Learning|Adobe Illustrator|Adobe InDesign|Autodesk AutoCAD|Critical Thinking|Microsoft Excel|Microsoft Outlook|Microsoft PowerPoint|Reading Comprehension|Salesforce software|Speaking,Active Listening|Adobe Acrobat|Adobe Creative Cloud software|Adobe Photoshop|Apple macOS|Microsoft Office software|Monitoring|Writing
643,Laboratory Technician,20,8,8,12,40.0,Active Learning|Active Listening|Commercial plate reader software|Critical Thinking|Google Docs|MEDITECH software|Microsoft Excel|Microsoft Outlook|Microsoft PowerPoint|Microsoft Word|Science|Speaking,Billing software|Data entry software|Database software|Microsoft Office software|Monitoring|Reading Comprehension|SAP software|Writing
644,Manager,20,15,15,5,75.0,Active Learning|Adobe Photoshop|Apache Hadoop|Autodesk AutoCAD|Speaking,Active Listening|Adobe Acrobat|Adobe Creative Cloud software|Amazon Web Services AWS software|Apple macOS|Atlassian Confluence|Atlassian JIRA|Critical Thinking|Learning Strategies|Microsoft Excel|Microsoft Office software|Microsoft PowerPoint|Monitoring|Reading Comprehension|Writing
645,Sales Representative,19,9,9,10,47.37,Active Learning|Adobe Creative Cloud software|Adobe Illustrator|Apple macOS|Microsoft Excel|Microsoft Outlook|Microsoft PowerPoint|Monitoring|Salesforce software|Writing,Active Listening|Adobe Acrobat|Adobe InDesign|Adobe Photoshop|Autodesk AutoCAD|Critical Thinking|Microsoft Office software|Reading Comprehension|Speaking
647,Laboratory Technician,20,9,9,11,45.0,Active Learning|Active Listening|Billing software|Commercial plate reader software|Data entry software|MEDITECH software|Microsoft PowerPoint|Monitoring|Science|Speaking|Writing,Critical Thinking|Database software|Google Docs|Microsoft Excel|Microsoft Office software|Microsoft Outlook|Microsoft Word|Reading Comprehension|SAP software
648,Sales Representative,19,7,7,12,36.84,Adobe Creative Cloud software|Adobe Photoshop|Apple macOS|Autodesk AutoCAD|Critical Thinking|Microsoft Excel|Microsoft Office software|Microsoft Outlook|Monitoring|Reading Comprehension|Speaking|Writing,Active Learning|Active Listening|Adobe Acrobat|Adobe Illustrator|Adobe InDesign|Microsoft PowerPoint|Salesforce software
649,Research Scientist,22,10,10,12,45.45,Active Learning|Active Listening|Ansible software|Apache Hadoop|Apache Kafka|Bash|C++|Docker|Git|Learning Strategies|Reading Comprehension|Writing,Amazon Web Services AWS software|Apache Spark|C|Critical Thinking|GitHub|Go|Mathematics|Monitoring|Science|Speaking
650,Sales Executive,19,9,9,10,47.37,Active Listening|Adobe InDesign|Adobe Photoshop|Apple macOS|Microsoft Office software|Microsoft Outlook|Microsoft PowerPoint|Monitoring|Speaking|Writing,Active Learning|Adobe Acrobat|Adobe Creative Cloud software|Adobe Illustrator|Autodesk AutoCAD|Critical Thinking|Microsoft Excel|Reading Comprehension|Salesforce software
652,Laboratory Technician,20,10,10,10,50.0,Active Learning|Active Listening|Commercial plate reader software|Critical Thinking|Data entry software|Database software|Google Docs|Microsoft Office software|Monitoring|Writing,Billing software|MEDITECH software|Microsoft Excel|Microsoft Outlook|Microsoft PowerPoint|Microsoft Word|Reading Comprehension|SAP software|Science|Speaking
653,Sales Executive,19,10,10,9,52.63,Active Listening|Adobe Acrobat|Adobe Illustrator|Apple macOS|Autodesk AutoCAD|Microsoft Office software|Microsoft Outlook|Monitoring|Speaking,Active Learning|Adobe Creative Cloud software|Adobe InDesign|Adobe Photoshop|Critical Thinking|Microsoft Excel|Microsoft PowerPoint|Reading Comprehension|Salesforce software|Writing
655,Research Scientist,22,10,10,12,45.45,Active Learning|Ansible software|Apache Hadoop|Apache Kafka|Bash|Critical Thinking|Docker|Git|Monitoring|Reading Comprehension|Science|Speaking,Active Listening|Amazon Web Services AWS software|Apache Spark|C|C++|GitHub|Go|Learning Strategies|Mathematics|Writing
656,Sales Executive,19,11,11,8,57.89,Active Learning|Active Listening|Adobe Acrobat|Microsoft Outlook|Microsoft PowerPoint|Monitoring|Reading Comprehension|Speaking,Adobe Creative Cloud software|Adobe Illustrator|Adobe InDesign|Adobe Photoshop|Apple macOS|Autodesk AutoCAD|Critical Thinking|Microsoft Excel|Microsoft Office software|Salesforce software|Writing
657,Research Scientist,22,9,9,13,40.91,Amazon Web Services AWS software|Apache Hadoop|Apache Spark|C|Critical Thinking|Docker|Git|GitHub|Go|Learning Strategies|Monitoring|Science|Speaking,Active Learning|Active Listening|Ansible software|Apache Kafka|Bash|C++|Mathematics|Reading Comprehension|Writing
659,Healthcare Representative,19,9,9,10,47.37,Active Learning|Active Listening|Amazon Web Services AWS software|Critical Thinking|Google Workspace software|Microsoft Excel|Monitoring|Reading Comprehension|Salesforce software|Writing,Apache Hadoop|Google Analytics|HubSpot software|IBM SPSS Statistics|Intuit QuickBooks|Linux|Microsoft Office software|Microsoft Outlook|Speaking
661,Research Director,22,13,13,9,59.09,Adobe Photoshop|IBM SPSS Statistics|Microsoft Access|Microsoft Office software|Microsoft Outlook|Microsoft PowerPoint|Microsoft Project|Microsoft SharePoint|Monitoring,Active Learning|Active Listening|Adobe Acrobat|Critical Thinking|ESRI ArcGIS software|Learning Strategies|Mathematics|Microsoft Excel|Microsoft Visio|Reading Comprehension|Science|Speaking|Writing
662,Research Scientist,22,10,10,12,45.45,Active Listening|Amazon Web Services AWS software|C|C++|Critical Thinking|GitHub|Go|Learning Strategies|Mathematics|Reading Comprehension|Speaking|Writing,Active Learning|Ansible software|Apache Hadoop|Apache Kafka|Apache Spark|Bash|Docker|Git|Monitoring|Science
663,Laboratory Technician,20,10,10,10,50.0,Active Learning|Active Listening|Billing software|Critical Thinking|Google Docs|MEDITECH software|Microsoft Outlook|Microsoft Word|SAP software|Writing,Commercial plate reader software|Data entry software|Database software|Microsoft Excel|Microsoft Office software|Microsoft PowerPoint|Monitoring|Reading Comprehension|Science|Speaking
664,Manager,20,12,12,8,60.0,Active Listening|Adobe Acrobat|Adobe Creative Cloud software|Adobe Photoshop|Atlassian Confluence|Microsoft PowerPoint|Monitoring|Writing,Active Learning|Amazon Web Services AWS software|Apache Hadoop|Apple macOS|Atlassian JIRA|Autodesk AutoCAD|Critical Thinking|Learning Strategies|Microsoft Excel|Microsoft Office software|Reading Comprehension|Speaking
665,Human Resources,20,10,10,10,50.0,Active Learning|Active Listening|Adobe Acrobat|Learning Strategies|Microsoft Office software|Microsoft PowerPoint|Monitoring|Speaking|Workday software|Writing,Adobe Creative Cloud software|Adobe Illustrator|Adobe InDesign|Adobe Photoshop|Applicant tracking software|Critical Thinking|Microsoft Excel|Microsoft Outlook|Oracle HRIS|Reading Comprehension
666,Sales Representative,19,9,9,10,47.37,Active Listening|Adobe Creative Cloud software|Adobe Illustrator|Adobe InDesign|Autodesk AutoCAD|Microsoft Excel|Microsoft Office software|Microsoft PowerPoint|Reading Comprehension|Writing,Active Learning|Adobe Acrobat|Adobe Photoshop|Apple macOS|Critical Thinking|Microsoft Outlook|Monitoring|Salesforce software|Speaking
667,Sales Representative,19,8,8,11,42.11,Active Learning|Adobe Acrobat|Adobe Creative Cloud software|Autodesk AutoCAD|Critical Thinking|Microsoft Outlook|Microsoft PowerPoint|Monitoring|Reading Comprehension|Salesforce software|Speaking,Active Listening|Adobe Illustrator|Adobe InDesign|Adobe Photoshop|Apple macOS|Microsoft Excel|Microsoft Office software|Writing
669,Sales Representative,19,8,8,11,42.11,Active Learning|Active Listening|Adobe Photoshop|Autodesk AutoCAD|Critical Thinking|Microsoft Excel|Microsoft Office software|Microsoft Outlook|Microsoft PowerPoint|Reading Comprehension|Writing,Adobe Acrobat|Adobe Creative Cloud software|Adobe Illustrator|Adobe InDesign|Apple macOS|Monitoring|Salesforce software|Speaking
671,Manager,20,13,13,7,65.0,Amazon Web Services AWS software|Apple macOS|Atlassian Confluence|Learning Strategies|Microsoft Excel|Reading Comprehension|Writing,Active Learning|Active Listening|Adobe Acrobat|Adobe Creative Cloud software|Adobe Photoshop|Apache Hadoop|Atlassian JIRA|Autodesk AutoCAD|Critical Thinking|Microsoft Office software|Microsoft PowerPoint|Monitoring|Speaking
675,Research Scientist,22,9,9,13,40.91,Active Listening|Amazon Web Services AWS software|Ansible software|Apache Hadoop|Apache Kafka|Apache Spark|C|C++|Critical Thinking|GitHub|Learning Strategies|Science|Speaking,Active Learning|Bash|Docker|Git|Go|Mathematics|Monitoring|Reading Comprehension|Writing
677,Sales Executive,19,8,8,11,42.11,Active Listening|Adobe Illustrator|Adobe InDesign|Adobe Photoshop|Apple macOS|Critical Thinking|Microsoft Excel|Microsoft PowerPoint|Reading Comprehension|Salesforce software|Writing,Active Learning|Adobe Acrobat|Adobe Creative Cloud software|Autodesk AutoCAD|Microsoft Office software|Microsoft Outlook|Monitoring|Speaking
679,Research Scientist,22,10,10,12,45.45,Active Learning|Active Listening|Amazon Web Services AWS software|Apache Hadoop|C|C++|Critical Thinking|Docker|Go|Learning Strategies|Monitoring|Reading Comprehension,Ansible software|Apache Kafka|Apache Spark|Bash|Git|GitHub|Mathematics|Science|Speaking|Writing
680,Research Scientist,22,9,9,13,40.91,Active Learning|Active Listening|Amazon Web Services AWS software|Ansible software|Apache Hadoop|Apache Spark|Bash|C|Critical Thinking|Docker|Go|Reading Comprehension|Speaking,Apache Kafka|C++|Git|GitHub|Learning Strategies|Mathematics|Monitoring|Science|Writing
682,Sales Executive,19,11,11,8,57.89,Adobe InDesign|Critical Thinking|Microsoft Excel|Microsoft Office software|Microsoft PowerPoint|Reading Comprehension|Salesforce software|Writing,Active Learning|Active Listening|Adobe Acrobat|Adobe Creative Cloud software|Adobe Illustrator|Adobe Photoshop|Apple macOS|Autodesk AutoCAD|Microsoft Outlook|Monitoring|Speaking
683,Research Scientist,22,11,11,11,50.0,Active Learning|Ansible software|Apache Hadoop|Apache Kafka|Critical Thinking|Docker|Git|GitHub|Go|Learning Strategies|Monitoring,Active Listening|Amazon Web Services AWS software|Apache Spark|Bash|C|C++|Mathematics|Reading Comprehension|Science|Speaking|Writing
684,Sales Executive,19,8,8,11,42.11,Active Learning|Active Listening|Adobe Acrobat|Adobe Photoshop|Apple macOS|Autodesk AutoCAD|Critical Thinking|Microsoft Excel|Microsoft Outlook|Reading Comprehension|Speaking,Adobe Creative Cloud software|Adobe Illustrator|Adobe InDesign|Microsoft Office software|Microsoft PowerPoint|Monitoring|Salesforce software|Writing
686,Laboratory Technician,20,8,8,12,40.0,Active Learning|Billing software|Database software|Google Docs|Microsoft Excel|Microsoft Office software|Microsoft Outlook|Microsoft PowerPoint|Monitoring|SAP software|Science|Writing,Active Listening|Commercial plate reader software|Critical Thinking|Data entry software|MEDITECH software|Microsoft Word|Reading Comprehension|Speaking
689,Manufacturing Director,20,10,10,10,50.0,Active Learning|Adobe Acrobat|Adobe Photoshop|Amazon Web Services AWS software|Apache Hadoop|Apple macOS|Atlassian JIRA|Autodesk AutoCAD|Critical Thinking|Microsoft Office software,Active Listening|Adobe Creative Cloud software|Atlassian Confluence|Learning Strategies|Microsoft Excel|Microsoft PowerPoint|Monitoring|Reading Comprehension|Speaking|Writing
690,Sales Executive,19,8,8,11,42.11,Active Learning|Adobe Creative Cloud software|Adobe InDesign|Adobe Photoshop|Apple macOS|Autodesk AutoCAD|Critical Thinking|Microsoft Outlook|Microsoft PowerPoint|Monitoring|Reading Comprehension,Active Listening|Adobe Acrobat|Adobe Illustrator|Microsoft Excel|Microsoft Office software|Salesforce software|Speaking|Writing
691,Research Scientist,22,13,13,9,59.09,Active Learning|Amazon Web Services AWS software|Bash|Critical Thinking|Learning Strategies|Monitoring|Reading Comprehension|Science|Writing,Active Listening|Ansible software|Apache Hadoop|Apache Kafka|Apache Spark|C|C++|Docker|Git|GitHub|Go|Mathematics|Speaking
692,Healthcare Representative,19,10,10,9,52.63,Apache Hadoop|Critical Thinking|Google Analytics|Linux|Microsoft Excel|Microsoft Outlook|Monitoring|Speaking|Writing,Active Learning|Active Listening|Amazon Web Services AWS software|Google Workspace software|HubSpot software|IBM SPSS Statistics|Intuit QuickBooks|Microsoft Office software|Reading Comprehension|Salesforce software
698,Human Resources,20,11,11,9,55.0,Adobe Acrobat|Adobe Creative Cloud software|Adobe Illustrator|Learning Strategies|Microsoft Excel|Microsoft Outlook|Reading Comprehension|Workday software|Writing,Active Learning|Active Listening|Adobe InDesign|Adobe Photoshop|Applicant tracking software|Critical Thinking|Microsoft Office software|Microsoft PowerPoint|Monitoring|Oracle HRIS|Speaking
699,Manufacturing Director,20,10,10,10,50.0,Adobe Acrobat|Apache Hadoop|Atlassian Confluence|Autodesk AutoCAD|Critical Thinking|Learning Strategies|Microsoft Excel|Microsoft Office software|Microsoft PowerPoint|Writing,Active Learning|Active Listening|Adobe Creative Cloud software|Adobe Photoshop|Amazon Web Services AWS software|Apple macOS|Atlassian JIRA|Monitoring|Reading Comprehension|Speaking
700,Research Scientist,22,10,10,12,45.45,Active Learning|Amazon Web Services AWS software|Ansible software|Apache Hadoop|Apache Spark|Bash|C|C++|GitHub|Learning Strategies|Reading Comprehension|Science,Active Listening|Apache Kafka|Critical Thinking|Docker|Git|Go|Mathematics|Monitoring|Speaking|Writing
701,Research Scientist,22,9,9,13,40.91,Active Learning|Ansible software|Apache Spark|Bash|C|Critical Thinking|Git|GitHub|Go|Learning Strategies|Mathematics|Science|Writing,Active Listening|Amazon Web Services AWS software|Apache Hadoop|Apache Kafka|C++|Docker|Monitoring|Reading Comprehension|Speaking
702,Research Scientist,22,11,11,11,50.0,Active Learning|Active Listening|Apache Kafka|Bash|Critical Thinking|Docker|Git|GitHub|Go|Learning Strategies|Writing,Amazon Web Services AWS software|Ansible software|Apache Hadoop|Apache Spark|C|C++|Mathematics|Monitoring|Reading Comprehension|Science|Speaking
704,Laboratory Technician,20,8,8,12,40.0,Active Learning|Active Listening|Commercial plate reader software|Data entry software|Database software|Google Docs|Monitoring|Reading Comprehension|SAP software|Science|Speaking|Writing,Billing software|Critical Thinking|MEDITECH software|Microsoft Excel|Microsoft Office software|Microsoft Outlook|Microsoft PowerPoint|Microsoft Word
705,Research Scientist,22,10,10,12,45.45,Active Learning|Active Listening|Amazon Web Services AWS software|Bash|C|C++|Critical Thinking|Docker|Mathematics|Reading Comprehension|Science|Writing,Ansible software|Apache Hadoop|Apache Kafka|Apache Spark|Git|GitHub|Go|Learning Strategies|Monitoring|Speaking
707,Sales Executive,19,8,8,11,42.11,Active Listening|Adobe Acrobat|Apple macOS|Critical Thinking|Microsoft Excel|Microsoft Office software|Microsoft Outlook|Monitoring|Salesforce software|Speaking|Writing,Active Learning|Adobe Creative Cloud software|Adobe Illustrator|Adobe InDesign|Adobe Photoshop|Autodesk AutoCAD|Microsoft PowerPoint|Reading Comprehension
709,Sales Executive,19,9,9,10,47.37,Active Listening|Adobe InDesign|Autodesk AutoCAD|Critical Thinking|Microsoft Excel|Microsoft Outlook|Monitoring|Reading Comprehension|Salesforce software|Writing,Active Learning|Adobe Acrobat|Adobe Creative Cloud software|Adobe Illustrator|Adobe Photoshop|Apple macOS|Microsoft Office software|Microsoft PowerPoint|Speaking
710,Research Scientist,22,11,11,11,50.0,Active Learning|Ansible software|Apache Kafka|Apache Spark|C++|Docker|Git|Go|Monitoring|Reading Comprehension|Speaking,Active Listening|Amazon Web Services AWS software|Apache Hadoop|Bash|C|Critical Thinking|GitHub|Learning Strategies|Mathematics|Science|Writing
712,Sales Executive,19,10,10,9,52.63,Adobe Acrobat|Adobe Creative Cloud software|Adobe Photoshop|Apple macOS|Microsoft Excel|Microsoft Office software|Microsoft Outlook|Monitoring|Salesforce software,Active Learning|Active Listening|Adobe Illustrator|Adobe InDesign|Autodesk AutoCAD|Critical Thinking|Microsoft PowerPoint|Reading Comprehension|Speaking|Writing
714,Sales Executive,19,8,8,11,42.11,Active Learning|Adobe Acrobat|Adobe Creative Cloud software|Adobe Photoshop|Autodesk AutoCAD|Critical Thinking|Microsoft Excel|Microsoft PowerPoint|Monitoring|Reading Comprehension|Writing,Active Listening|Adobe Illustrator|Adobe InDesign|Apple macOS|Microsoft Office software|Microsoft Outlook|Salesforce software|Speaking
715,Research Scientist,22,9,9,13,40.91,Active Learning|Active Listening|Amazon Web Services AWS software|Ansible software|Bash|C|Git|Go|Learning Strategies|Mathematics|Reading Comprehension|Speaking|Writing,Apache Hadoop|Apache Kafka|Apache Spark|C++|Critical Thinking|Docker|GitHub|Monitoring|Science
716,Laboratory Technician,20,12,12,8,60.0,Active Listening|Critical Thinking|Data entry software|Microsoft Office software|Microsoft PowerPoint|Microsoft Word|Science|Speaking,Active Learning|Billing software|Commercial plate reader software|Database software|Google Docs|MEDITECH software|Microsoft Excel|Microsoft Outlook|Monitoring|Reading Comprehension|SAP software|Writing
717,Healthcare Representative,19,9,9,10,47.37,Active Learning|Amazon Web Services AWS software|Critical Thinking|Google Analytics|HubSpot software|IBM SPSS Statistics|Microsoft Office software|Microsoft Outlook|Monitoring|Reading Comprehension,Active Listening|Apache Hadoop|Google Workspace software|Intuit QuickBooks|Linux|Microsoft Excel|Salesforce software|Speaking|Writing
720,Sales Executive,19,8,8,11,42.11,Adobe Creative Cloud software|Adobe Illustrator|Adobe InDesign|Autodesk AutoCAD|Critical Thinking|Microsoft Office software|Microsoft Outlook|Microsoft PowerPoint|Monitoring|Reading Comprehension|Writing,Active Learning|Active Listening|Adobe Acrobat|Adobe Photoshop|Apple macOS|Microsoft Excel|Salesforce software|Speaking
721,Healthcare Representative,19,11,11,8,57.89,Apache Hadoop|Critical Thinking|IBM SPSS Statistics|Linux|Microsoft Excel|Microsoft Outlook|Monitoring|Salesforce software,Active Learning|Active Listening|Amazon Web Services AWS software|Google Analytics|Google Workspace software|HubSpot software|Intuit QuickBooks|Microsoft Office software|Reading Comprehension|Speaking|Writing
722,Sales Executive,19,9,9,10,47.37,Active Listening|Adobe Illustrator|Adobe InDesign|Adobe Photoshop|Autodesk AutoCAD|Microsoft Excel|Microsoft Outlook|Microsoft PowerPoint|Monitoring|Salesforce software,Active Learning|Adobe Acrobat|Adobe Creative Cloud software|Apple macOS|Critical Thinking|Microsoft Office software|Reading Comprehension|Speaking|Writing
723,Sales Executive,19,11,11,8,57.89,Active Learning|Adobe Acrobat|Adobe Illustrator|Adobe Photoshop|Microsoft PowerPoint|Monitoring|Salesforce software|Speaking,Active Listening|Adobe Creative Cloud software|Adobe InDesign|Apple macOS|Autodesk AutoCAD|Critical Thinking|Microsoft Excel|Microsoft Office software|Microsoft Outlook|Reading Comprehension|Writing
724,Healthcare Representative,19,9,9,10,47.37,Active Listening|Apache Hadoop|Google Workspace software|HubSpot software|Intuit QuickBooks|Microsoft Outlook|Monitoring|Reading Comprehension|Salesforce software|Speaking,Active Learning|Amazon Web Services AWS software|Critical Thinking|Google Analytics|IBM SPSS Statistics|Linux|Microsoft Excel|Microsoft Office software|Writing
725,Manufacturing Director,20,10,10,10,50.0,Active Listening|Adobe Acrobat|Adobe Creative Cloud software|Apple macOS|Atlassian Confluence|Atlassian JIRA|Microsoft Excel|Microsoft PowerPoint|Monitoring|Reading Comprehension,Active Learning|Adobe Photoshop|Amazon Web Services AWS software|Apache Hadoop|Autodesk AutoCAD|Critical Thinking|Learning Strategies|Microsoft Office software|Speaking|Writing
727,Research Director,22,11,11,11,50.0,Active Learning|Active Listening|Critical Thinking|ESRI ArcGIS software|IBM SPSS Statistics|Mathematics|Microsoft Excel|Microsoft Outlook|Microsoft PowerPoint|Microsoft SharePoint|Monitoring,Adobe Acrobat|Adobe Photoshop|Learning Strategies|Microsoft Access|Microsoft Office software|Microsoft Project|Microsoft Visio|Reading Comprehension|Science|Speaking|Writing
728,Sales Executive,19,11,11,8,57.89,Active Listening|Adobe InDesign|Adobe Photoshop|Autodesk AutoCAD|Microsoft Excel|Microsoft PowerPoint|Monitoring|Writing,Active Learning|Adobe Acrobat|Adobe Creative Cloud software|Adobe Illustrator|Apple macOS|Critical Thinking|Microsoft Office software|Microsoft Outlook|Reading Comprehension|Salesforce software|Speaking
729,Sales Executive,19,11,11,8,57.89,Adobe Creative Cloud software|Adobe InDesign|Adobe Photoshop|Microsoft Excel|Microsoft PowerPoint|Reading Comprehension|Salesforce software|Speaking,Active Learning|Active Listening|Adobe Acrobat|Adobe Illustrator|Apple macOS|Autodesk AutoCAD|Critical Thinking|Microsoft Office software|Microsoft Outlook|Monitoring|Writing
730,Research Director,22,16,16,6,72.73,Adobe Acrobat|Adobe Photoshop|Learning Strategies|Microsoft PowerPoint|Microsoft SharePoint|Microsoft Visio,Active Learning|Active Listening|Critical Thinking|ESRI ArcGIS software|IBM SPSS Statistics|Mathematics|Microsoft Access|Microsoft Excel|Microsoft Office software|Microsoft Outlook|Microsoft Project|Monitoring|Reading Comprehension|Science|Speaking|Writing
731,Manager,20,13,13,7,65.0,Adobe Photoshop|Amazon Web Services AWS software|Autodesk AutoCAD|Learning Strategies|Microsoft Excel|Reading Comprehension|Speaking,Active Learning|Active Listening|Adobe Acrobat|Adobe Creative Cloud software|Apache Hadoop|Apple macOS|Atlassian Confluence|Atlassian JIRA|Critical Thinking|Microsoft Office software|Microsoft PowerPoint|Monitoring|Writing
732,Sales Executive,19,9,9,10,47.37,Active Learning|Active Listening|Adobe Acrobat|Adobe Illustrator|Apple macOS|Autodesk AutoCAD|Critical Thinking|Microsoft Office software|Microsoft PowerPoint|Monitoring,Adobe Creative Cloud software|Adobe InDesign|Adobe Photoshop|Microsoft Excel|Microsoft Outlook|Reading Comprehension|Salesforce software|Speaking|Writing
733,Manufacturing Director,20,10,10,10,50.0,Active Listening|Adobe Creative Cloud software|Autodesk AutoCAD|Critical Thinking|Learning Strategies|Microsoft Excel|Microsoft Office software|Microsoft PowerPoint|Monitoring|Speaking,Active Learning|Adobe Acrobat|Adobe Photoshop|Amazon Web Services AWS software|Apache Hadoop|Apple macOS|Atlassian Confluence|Atlassian JIRA|Reading Comprehension|Writing
734,Manager,20,12,12,8,60.0,Active Learning|Active Listening|Adobe Creative Cloud software|Apple macOS|Atlassian Confluence|Critical Thinking|Microsoft PowerPoint|Writing,Adobe Acrobat|Adobe Photoshop|Amazon Web Services AWS software|Apache Hadoop|Atlassian JIRA|Autodesk AutoCAD|Learning Strategies|Microsoft Excel|Microsoft Office software|Monitoring|Reading Comprehension|Speaking
738,Sales Representative,19,8,8,11,42.11,Active Listening|Adobe InDesign|Adobe Photoshop|Apple macOS|Critical Thinking|Microsoft Excel|Microsoft Office software|Microsoft Outlook|Reading Comprehension|Salesforce software|Writing,Active Learning|Adobe Acrobat|Adobe Creative Cloud software|Adobe Illustrator|Autodesk AutoCAD|Microsoft PowerPoint|Monitoring|Speaking
741,Research Scientist,22,11,11,11,50.0,Active Learning|Amazon Web Services AWS software|Apache Kafka|Bash|C|Docker|Go|Mathematics|Reading Comprehension|Science|Writing,Active Listening|Ansible software|Apache Hadoop|Apache Spark|C++|Critical Thinking|Git|GitHub|Learning Strategies|Monitoring|Speaking
742,Research Director,22,11,11,11,50.0,Critical Thinking|ESRI ArcGIS software|Learning Strategies|Mathematics|Microsoft Excel|Microsoft Office software|Microsoft PowerPoint|Microsoft SharePoint|Reading Comprehension|Speaking|Writing,Active Learning|Active Listening|Adobe Acrobat|Adobe Photoshop|IBM SPSS Statistics|Microsoft Access|Microsoft Outlook|Microsoft Project|Microsoft Visio|Monitoring|Science
743,Manufacturing Director,20,10,10,10,50.0,Active Listening|Amazon Web Services AWS software|Apache Hadoop|Atlassian Confluence|Atlassian JIRA|Critical Thinking|Learning Strategies|Microsoft Excel|Microsoft PowerPoint|Monitoring,Active Learning|Adobe Acrobat|Adobe Creative Cloud software|Adobe Photoshop|Apple macOS|Autodesk AutoCAD|Microsoft Office software|Reading Comprehension|Speaking|Writing
744,Laboratory Technician,20,10,10,10,50.0,Billing software|Commercial plate reader software|Microsoft Outlook|Microsoft Word|Monitoring|Reading Comprehension|SAP software|Science|Speaking|Writing,Active Learning|Active Listening|Critical Thinking|Data entry software|Database software|Google Docs|MEDITECH software|Microsoft Excel|Microsoft Office software|Microsoft PowerPoint
746,Sales Executive,19,13,13,6,68.42,Active Listening|Adobe Creative Cloud software|Adobe Photoshop|Critical Thinking|Microsoft Excel|Microsoft Outlook,Active Learning|Adobe Acrobat|Adobe Illustrator|Adobe InDesign|Apple macOS|Autodesk AutoCAD|Microsoft Office software|Microsoft PowerPoint|Monitoring|Reading Comprehension|Salesforce software|Speaking|Writing
747,Sales Executive,19,9,9,10,47.37,Active Learning|Adobe Illustrator|Apple macOS|Microsoft Excel|Microsoft Outlook|Microsoft PowerPoint|Reading Comprehension|Salesforce software|Speaking|Writing,Active Listening|Adobe Acrobat|Adobe Creative Cloud software|Adobe InDesign|Adobe Photoshop|Autodesk AutoCAD|Critical Thinking|Microsoft Office software|Monitoring
749,Sales Representative,19,7,7,12,36.84,Active Listening|Adobe Creative Cloud software|Adobe Illustrator|Adobe InDesign|Apple macOS|Critical Thinking|Microsoft Excel|Microsoft Office software|Microsoft Outlook|Microsoft PowerPoint|Salesforce software|Speaking,Active Learning|Adobe Acrobat|Adobe Photoshop|Autodesk AutoCAD|Monitoring|Reading Comprehension|Writing
752,Research Scientist,22,10,10,12,45.45,Active Learning|Amazon Web Services AWS software|Ansible software|Apache Hadoop|Apache Spark|C++|Critical Thinking|Docker|GitHub|Learning Strategies|Mathematics|Speaking,Active Listening|Apache Kafka|Bash|C|Git|Go|Monitoring|Reading Comprehension|Science|Writing
754,Sales Executive,19,9,9,10,47.37,Active Learning|Active Listening|Adobe Photoshop|Critical Thinking|Microsoft Outlook|Microsoft PowerPoint|Reading Comprehension|Salesforce software|Speaking|Writing,Adobe Acrobat|Adobe Creative Cloud software|Adobe Illustrator|Adobe InDesign|Apple macOS|Autodesk AutoCAD|Microsoft Excel|Microsoft Office software|Monitoring
757,Healthcare Representative,19,9,9,10,47.37,Active Learning|Active Listening|Amazon Web Services AWS software|Critical Thinking|Google Workspace software|Intuit QuickBooks|Microsoft Excel|Microsoft Office software|Microsoft Outlook|Speaking,Apache Hadoop|Google Analytics|HubSpot software|IBM SPSS Statistics|Linux|Monitoring|Reading Comprehension|Salesforce software|Writing
758,Laboratory Technician,20,9,9,11,45.0,Active Learning|Billing software|Commercial plate reader software|Google Docs|Microsoft Office software|Microsoft PowerPoint|Monitoring|Reading Comprehension|Science|Speaking|Writing,Active Listening|Critical Thinking|Data entry software|Database software|MEDITECH software|Microsoft Excel|Microsoft Outlook|Microsoft Word|SAP software
760,Human Resources,20,10,10,10,50.0,Active Listening|Adobe Creative Cloud software|Learning Strategies|Microsoft Excel|Microsoft Office software|Monitoring|Oracle HRIS|Reading Comprehension|Speaking|Workday software,Active Learning|Adobe Acrobat|Adobe Illustrator|Adobe InDesign|Adobe Photoshop|Applicant tracking software|Critical Thinking|Microsoft Outlook|Microsoft PowerPoint|Writing
762,Healthcare Representative,19,14,14,5,73.68,Amazon Web Services AWS software|Apache Hadoop|Critical Thinking|Microsoft Excel|Monitoring,Active Learning|Active Listening|Google Analytics|Google Workspace software|HubSpot software|IBM SPSS Statistics|Intuit QuickBooks|Linux|Microsoft Office software|Microsoft Outlook|Reading Comprehension|Salesforce software|Speaking|Writing
763,Research Scientist,22,10,10,12,45.45,Amazon Web Services AWS software|Apache Hadoop|Apache Kafka|C++|Critical Thinking|Docker|Git|GitHub|Mathematics|Reading Comprehension|Science|Speaking,Active Learning|Active Listening|Ansible software|Apache Spark|Bash|C|Go|Learning Strategies|Monitoring|Writing
764,Healthcare Representative,19,9,9,10,47.37,Active Learning|Active Listening|Amazon Web Services AWS software|Google Analytics|HubSpot software|Intuit QuickBooks|Linux|Microsoft Office software|Monitoring|Writing,Apache Hadoop|Critical Thinking|Google Workspace software|IBM SPSS Statistics|Microsoft Excel|Microsoft Outlook|Reading Comprehension|Salesforce software|Speaking
766,Sales Representative,19,8,8,11,42.11,Active Learning|Active Listening|Adobe InDesign|Adobe Photoshop|Apple macOS|Autodesk AutoCAD|Microsoft Office software|Microsoft PowerPoint|Monitoring|Reading Comprehension|Writing,Adobe Acrobat|Adobe Creative Cloud software|Adobe Illustrator|Critical Thinking|Microsoft Excel|Microsoft Outlook|Salesforce software|Speaking
769,Laboratory Technician,20,12,12,8,60.0,Active Learning|Database software|Google Docs|MEDITECH software|Microsoft Office software|Microsoft Outlook|Monitoring|SAP software,Active Listening|Billing software|Commercial plate reader software|Critical Thinking|Data entry software|Microsoft Excel|Microsoft PowerPoint|Microsoft Word|Reading Comprehension|Science|Speaking|Writing
771,Healthcare Representative,19,11,11,8,57.89,Active Listening|Amazon Web Services AWS software|Google Analytics|Google Workspace software|Microsoft Excel|Microsoft Outlook|Salesforce software|Speaking,Active Learning|Apache Hadoop|Critical Thinking|HubSpot software|IBM SPSS Statistics|Intuit QuickBooks|Linux|Microsoft Office software|Monitoring|Reading Comprehension|Writing
772,Laboratory Technician,20,10,10,10,50.0,Active Listening|Billing software|Commercial plate reader software|Google Docs|MEDITECH software|Microsoft Office software|Microsoft Outlook|Microsoft Word|SAP software|Speaking,Active Learning|Critical Thinking|Data entry software|Database software|Microsoft Excel|Microsoft PowerPoint|Monitoring|Reading Comprehension|Science|Writing
773,Research Scientist,22,10,10,12,45.45,Active Learning|Ansible software|Apache Hadoop|Apache Kafka|Apache Spark|C|C++|Critical Thinking|Go|Mathematics|Science|Writing,Active Listening|Amazon Web Services AWS software|Bash|Docker|Git|GitHub|Learning Strategies|Monitoring|Reading Comprehension|Speaking
775,Manufacturing Director,20,9,9,11,45.0,Active Learning|Active Listening|Adobe Creative Cloud software|Amazon Web Services AWS software|Apache Hadoop|Apple macOS|Atlassian Confluence|Monitoring|Reading Comprehension|Speaking|Writing,Adobe Acrobat|Adobe Photoshop|Atlassian JIRA|Autodesk AutoCAD|Critical Thinking|Learning Strategies|Microsoft Excel|Microsoft Office software|Microsoft PowerPoint
776,Manager,20,15,15,5,75.0,Active Learning|Active Listening|Adobe Photoshop|Critical Thinking|Speaking,Adobe Acrobat|Adobe Creative Cloud software|Amazon Web Services AWS software|Apache Hadoop|Apple macOS|Atlassian Confluence|Atlassian JIRA|Autodesk AutoCAD|Learning Strategies|Microsoft Excel|Microsoft Office software|Microsoft PowerPoint|Monitoring|Reading Comprehension|Writing
780,Research Scientist,22,11,11,11,50.0,Active Learning|Bash|C|C++|Critical Thinking|Docker|Go|Learning Strategies|Mathematics|Reading Comprehension|Writing,Active Listening|Amazon Web Services AWS software|Ansible software|Apache Hadoop|Apache Kafka|Apache Spark|Git|GitHub|Monitoring|Science|Speaking
781,Sales Executive,19,8,8,11,42.11,Active Listening|Adobe Creative Cloud software|Adobe InDesign|Apple macOS|Autodesk AutoCAD|Critical Thinking|Microsoft Outlook|Monitoring|Reading Comprehension|Salesforce software|Speaking,Active Learning|Adobe Acrobat|Adobe Illustrator|Adobe Photoshop|Microsoft Excel|Microsoft Office software|Microsoft PowerPoint|Writing
783,Sales Representative,19,9,9,10,47.37,Active Learning|Adobe Creative Cloud software|Adobe Illustrator|Adobe InDesign|Autodesk AutoCAD|Critical Thinking|Microsoft Excel|Microsoft PowerPoint|Salesforce software|Writing,Active Listening|Adobe Acrobat|Adobe Photoshop|Apple macOS|Microsoft Office software|Microsoft Outlook|Monitoring|Reading Comprehension|Speaking
784,Research Scientist,22,9,9,13,40.91,Active Learning|Active Listening|Amazon Web Services AWS software|Apache Hadoop|Apache Kafka|Apache Spark|C|Docker|Git|Go|Science|Speaking|Writing,Ansible software|Bash|C++|Critical Thinking|GitHub|Learning Strategies|Mathematics|Monitoring|Reading Comprehension
785,Sales Executive,19,9,9,10,47.37,Active Learning|Adobe Acrobat|Adobe Illustrator|Autodesk AutoCAD|Critical Thinking|Microsoft Outlook|Microsoft PowerPoint|Reading Comprehension|Speaking|Writing,Active Listening|Adobe Creative Cloud software|Adobe InDesign|Adobe Photoshop|Apple macOS|Microsoft Excel|Microsoft Office software|Monitoring|Salesforce software
786,Sales Executive,19,8,8,11,42.11,Active Listening|Adobe Acrobat|Adobe Creative Cloud software|Adobe Illustrator|Adobe InDesign|Apple macOS|Autodesk AutoCAD|Microsoft Office software|Microsoft PowerPoint|Reading Comprehension|Speaking,Active Learning|Adobe Photoshop|Critical Thinking|Microsoft Excel|Microsoft Outlook|Monitoring|Salesforce software|Writing
787,Manager,20,13,13,7,65.0,Active Learning|Adobe Acrobat|Adobe Photoshop|Amazon Web Services AWS software|Monitoring|Speaking|Writing,Active Listening|Adobe Creative Cloud software|Apache Hadoop|Apple macOS|Atlassian Confluence|Atlassian JIRA|Autodesk AutoCAD|Critical Thinking|Learning Strategies|Microsoft Excel|Microsoft Office software|Microsoft PowerPoint|Reading Comprehension
789,Sales Executive,19,9,9,10,47.37,Active Listening|Adobe Illustrator|Adobe InDesign|Adobe Photoshop|Apple macOS|Autodesk AutoCAD|Microsoft Excel|Microsoft Outlook|Microsoft PowerPoint|Monitoring,Active Learning|Adobe Acrobat|Adobe Creative Cloud software|Critical Thinking|Microsoft Office software|Reading Comprehension|Salesforce software|Speaking|Writing
791,Research Scientist,22,10,10,12,45.45,Active Listening|Apache Hadoop|Apache Kafka|Apache Spark|C|C++|GitHub|Go|Learning Strategies|Mathematics|Reading Comprehension|Writing,Active Learning|Amazon Web Services AWS software|Ansible software|Bash|Critical Thinking|Docker|Git|Monitoring|Science|Speaking
792,Laboratory Technician,20,9,9,11,45.0,Active Listening|Billing software|Commercial plate reader software|Data entry software|Database software|Google Docs|Microsoft Excel|Microsoft PowerPoint|Reading Comprehension|SAP software|Writing,Active Learning|Critical Thinking|MEDITECH software|Microsoft Office software|Microsoft Outlook|Microsoft Word|Monitoring|Science|Speaking
793,Healthcare Representative,19,9,9,10,47.37,Active Learning|Active Listening|Google Workspace software|IBM SPSS Statistics|Intuit QuickBooks|Linux|Microsoft Excel|Microsoft Office software|Reading Comprehension|Writing,Amazon Web Services AWS software|Apache Hadoop|Critical Thinking|Google Analytics|HubSpot software|Microsoft Outlook|Monitoring|Salesforce software|Speaking
796,Sales Executive,19,8,8,11,42.11,Active Learning|Active Listening|Adobe Acrobat|Adobe Creative Cloud software|Adobe Illustrator|Adobe InDesign|Apple macOS|Critical Thinking|Monitoring|Reading Comprehension|Speaking,Adobe Photoshop|Autodesk AutoCAD|Microsoft Excel|Microsoft Office software|Microsoft Outlook|Microsoft PowerPoint|Salesforce software|Writing
797,Research Scientist,22,11,11,11,50.0,Active Listening|Amazon Web Services AWS software|Ansible software|Apache Kafka|Apache Spark|C|Docker|GitHub|Go|Science|Writing,Active Learning|Apache Hadoop|Bash|C++|Critical Thinking|Git|Learning Strategies|Mathematics|Monitoring|Reading Comprehension|Speaking
799,Manufacturing Director,20,10,10,10,50.0,Active Learning|Active Listening|Adobe Acrobat|Apple macOS|Critical Thinking|Microsoft Excel|Microsoft Office software|Reading Comprehension|Speaking|Writing,Adobe Creative Cloud software|Adobe Photoshop|Amazon Web Services AWS software|Apache Hadoop|Atlassian Confluence|Atlassian JIRA|Autodesk AutoCAD|Learning Strategies|Microsoft PowerPoint|Monitoring
800,Sales Executive,19,8,8,11,42.11,Active Listening|Adobe Creative Cloud software|Adobe Illustrator|Apple macOS|Critical Thinking|Microsoft Excel|Microsoft Office software|Monitoring|Reading Comprehension|Salesforce software|Speaking,Active Learning|Adobe Acrobat|Adobe InDesign|Adobe Photoshop|Autodesk AutoCAD|Microsoft Outlook|Microsoft PowerPoint|Writing
802,Research Scientist,22,10,10,12,45.45,Active Listening|Amazon Web Services AWS software|Ansible software|Apache Hadoop|Apache Spark|Critical Thinking|Docker|Git|Go|Mathematics|Reading Comprehension|Writing,Active Learning|Apache Kafka|Bash|C|C++|GitHub|Learning Strategies|Monitoring|Science|Speaking
803,Manufacturing Director,20,11,11,9,55.0,Active Learning|Adobe Creative Cloud software|Amazon Web Services AWS software|Apple macOS|Atlassian JIRA|Autodesk AutoCAD|Learning Strategies|Microsoft Excel|Speaking,Active Listening|Adobe Acrobat|Adobe Photoshop|Apache Hadoop|Atlassian Confluence|Critical Thinking|Microsoft Office software|Microsoft PowerPoint|Monitoring|Reading Comprehension|Writing
804,Research Scientist,22,10,10,12,45.45,Active Listening|Amazon Web Services AWS software|Ansible software|Apache Hadoop|Apache Kafka|Apache Spark|C|Git|GitHub|Mathematics|Monitoring|Reading Comprehension,Active Learning|Bash|C++|Critical Thinking|Docker|Go|Learning Strategies|Science|Speaking|Writing
805,Sales Representative,19,8,8,11,42.11,Adobe Creative Cloud software|Adobe Photoshop|Apple macOS|Microsoft Excel|Microsoft Office software|Microsoft PowerPoint|Monitoring|Reading Comprehension|Salesforce software|Speaking|Writing,Active Learning|Active Listening|Adobe Acrobat|Adobe Illustrator|Adobe InDesign|Autodesk AutoCAD|Critical Thinking|Microsoft Outlook
806,Laboratory Technician,20,9,9,11,45.0,Active Learning|Active Listening|Commercial plate reader software|Data entry software|Google Docs|MEDITECH software|Microsoft Outlook|Monitoring|SAP software|Science|Writing,Billing software|Critical Thinking|Database software|Microsoft Excel|Microsoft Office software|Microsoft PowerPoint|Microsoft Word|Reading Comprehension|Speaking
807,Healthcare Representative,19,9,9,10,47.37,Active Learning|Amazon Web Services AWS software|Apache Hadoop|HubSpot software|IBM SPSS Statistics|Intuit QuickBooks|Microsoft Excel|Microsoft Office software|Monitoring|Speaking,Active Listening|Critical Thinking|Google Analytics|Google Workspace software|Linux|Microsoft Outlook|Reading Comprehension|Salesforce software|Writing
808,Sales Executive,19,8,8,11,42.11,Active Learning|Adobe Acrobat|Adobe Creative Cloud software|Adobe Photoshop|Microsoft Excel|Microsoft Office software|Microsoft Outlook|Microsoft PowerPoint|Monitoring|Salesforce software|Speaking,Active Listening|Adobe Illustrator|Adobe InDesign|Apple macOS|Autodesk AutoCAD|Critical Thinking|Reading Comprehension|Writing
809,Manager,20,13,13,7,65.0,Active Learning|Active Listening|Apache Hadoop|Apple macOS|Atlassian Confluence|Critical Thinking|Microsoft Excel,Adobe Acrobat|Adobe Creative Cloud software|Adobe Photoshop|Amazon Web Services AWS software|Atlassian JIRA|Autodesk AutoCAD|Learning Strategies|Microsoft Office software|Microsoft PowerPoint|Monitoring|Reading Comprehension|Speaking|Writing
811,Laboratory Technician,20,8,8,12,40.0,Active Learning|Billing software|Commercial plate reader software|Critical Thinking|Microsoft Excel|Microsoft PowerPoint|Monitoring|Reading Comprehension|SAP software|Science|Speaking|Writing,Active Listening|Data entry software|Database software|Google Docs|MEDITECH software|Microsoft Office software|Microsoft Outlook|Microsoft Word
812,Laboratory Technician,20,8,8,12,40.0,Active Learning|Commercial plate reader software|Critical Thinking|Data entry software|Microsoft Office software|Microsoft PowerPoint|Microsoft Word|Monitoring|Reading Comprehension|Science|Speaking|Writing,Active Listening|Billing software|Database software|Google Docs|MEDITECH software|Microsoft Excel|Microsoft Outlook|SAP software
813,Laboratory Technician,20,10,10,10,50.0,Active Learning|Active Listening|Commercial plate reader software|MEDITECH software|Microsoft Outlook|Microsoft PowerPoint|Microsoft Word|Reading Comprehension|SAP software|Writing,Billing software|Critical Thinking|Data entry software|Database software|Google Docs|Microsoft Excel|Microsoft Office software|Monitoring|Science|Speaking
815,Research Director,22,16,16,6,72.73,Active Listening|IBM SPSS Statistics|Microsoft Project|Microsoft SharePoint|Reading Comprehension|Writing,Active Learning|Adobe Acrobat|Adobe Photoshop|Critical Thinking|ESRI ArcGIS software|Learning Strategies|Mathematics|Microsoft Access|Microsoft Excel|Microsoft Office software|Microsoft Outlook|Microsoft PowerPoint|Microsoft Visio|Monitoring|Science|Speaking
816,Laboratory Technician,20,8,8,12,40.0,Active Listening|Commercial plate reader software|Data entry software|Microsoft Excel|Microsoft Office software|Microsoft Outlook|Microsoft Word|Monitoring|Reading Comprehension|SAP software|Science|Speaking,Active Learning|Billing software|Critical Thinking|Database software|Google Docs|MEDITECH software|Microsoft PowerPoint|Writing
817,Research Director,22,12,12,10,54.55,Adobe Acrobat|Adobe Photoshop|Critical Thinking|Learning Strategies|Microsoft Excel|Microsoft Office software|Microsoft Project|Microsoft Visio|Reading Comprehension|Science,Active Learning|Active Listening|ESRI ArcGIS software|IBM SPSS Statistics|Mathematics|Microsoft Access|Microsoft Outlook|Microsoft PowerPoint|Microsoft SharePoint|Monitoring|Speaking|Writing
819,Sales Executive,19,8,8,11,42.11,Active Learning|Adobe Creative Cloud software|Adobe InDesign|Adobe Photoshop|Critical Thinking|Microsoft Excel|Microsoft Office software|Microsoft Outlook|Microsoft PowerPoint|Monitoring|Speaking,Active Listening|Adobe Acrobat|Adobe Illustrator|Apple macOS|Autodesk AutoCAD|Reading Comprehension|Salesforce software|Writing
820,Manager,20,13,13,7,65.0,Adobe Acrobat|Adobe Creative Cloud software|Adobe Photoshop|Amazon Web Services AWS software|Autodesk AutoCAD|Microsoft Office software|Reading Comprehension,Active Learning|Active Listening|Apache Hadoop|Apple macOS|Atlassian Confluence|Atlassian JIRA|Critical Thinking|Learning Strategies|Microsoft Excel|Microsoft PowerPoint|Monitoring|Speaking|Writing
823,Manufacturing Director,20,10,10,10,50.0,Active Learning|Active Listening|Adobe Acrobat|Apache Hadoop|Learning Strategies|Microsoft Excel|Microsoft Office software|Monitoring|Speaking|Writing,Adobe Creative Cloud software|Adobe Photoshop|Amazon Web Services AWS software|Apple macOS|Atlassian Confluence|Atlassian JIRA|Autodesk AutoCAD|Critical Thinking|Microsoft PowerPoint|Reading Comprehension
824,Research Scientist,22,11,11,11,50.0,Active Learning|Amazon Web Services AWS software|Apache Kafka|Bash|C|C++|Docker|GitHub|Learning Strategies|Monitoring|Writing,Active Listening|Ansible software|Apache Hadoop|Apache Spark|Critical Thinking|Git|Go|Mathematics|Reading Comprehension|Science|Speaking
825,Research Director,22,18,18,4,81.82,Microsoft Access|Microsoft Excel|Monitoring|Science,Active Learning|Active Listening|Adobe Acrobat|Adobe Photoshop|Critical Thinking|ESRI ArcGIS software|IBM SPSS Statistics|Learning Strategies|Mathematics|Microsoft Office software|Microsoft Outlook|Microsoft PowerPoint|Microsoft Project|Microsoft SharePoint|Microsoft Visio|Reading Comprehension|Speaking|Writing
826,Research Scientist,22,10,10,12,45.45,Active Listening|Ansible software|Apache Kafka|Bash|Critical Thinking|Docker|Git|GitHub|Go|Learning Strategies|Monitoring|Science,Active Learning|Amazon Web Services AWS software|Apache Hadoop|Apache Spark|C|C++|Mathematics|Reading Comprehension|Speaking|Writing
827,Manufacturing Director,20,9,9,11,45.0,Active Learning|Active Listening|Adobe Acrobat|Apache Hadoop|Apple macOS|Atlassian JIRA|Critical Thinking|Learning Strategies|Microsoft Office software|Microsoft PowerPoint|Speaking,Adobe Creative Cloud software|Adobe Photoshop|Amazon Web Services AWS software|Atlassian Confluence|Autodesk AutoCAD|Microsoft Excel|Monitoring|Reading Comprehension|Writing
828,Research Scientist,22,10,10,12,45.45,Apache Hadoop|Apache Kafka|Bash|C++|Docker|Git|Go|Learning Strategies|Mathematics|Reading Comprehension|Science|Writing,Active Learning|Active Listening|Amazon Web Services AWS software|Ansible software|Apache Spark|C|Critical Thinking|GitHub|Monitoring|Speaking
829,Human Resources,20,9,9,11,45.0,Active Listening|Adobe Acrobat|Adobe Creative Cloud software|Learning Strategies|Microsoft Excel|Microsoft Office software|Microsoft Outlook|Monitoring|Reading Comprehension|Workday software|Writing,Active Learning|Adobe Illustrator|Adobe InDesign|Adobe Photoshop|Applicant tracking software|Critical Thinking|Microsoft PowerPoint|Oracle HRIS|Speaking
830,Manufacturing Director,20,11,11,9,55.0,Active Learning|Active Listening|Adobe Acrobat|Amazon Web Services AWS software|Apple macOS|Autodesk AutoCAD|Learning Strategies|Microsoft Excel|Writing,Adobe Creative Cloud software|Adobe Photoshop|Apache Hadoop|Atlassian Confluence|Atlassian JIRA|Critical Thinking|Microsoft Office software|Microsoft PowerPoint|Monitoring|Reading Comprehension|Speaking
832,Laboratory Technician,20,10,10,10,50.0,Data entry software|Database software|Google Docs|Microsoft Excel|Microsoft Outlook|Microsoft PowerPoint|Monitoring|SAP software|Science|Speaking,Active Learning|Active Listening|Billing software|Commercial plate reader software|Critical Thinking|MEDITECH software|Microsoft Office software|Microsoft Word|Reading Comprehension|Writing
833,Manufacturing Director,20,10,10,10,50.0,Adobe Acrobat|Adobe Creative Cloud software|Amazon Web Services AWS software|Atlassian Confluence|Atlassian JIRA|Critical Thinking|Learning Strategies|Reading Comprehension|Speaking|Writing,Active Learning|Active Listening|Adobe Photoshop|Apache Hadoop|Apple macOS|Autodesk AutoCAD|Microsoft Excel|Microsoft Office software|Microsoft PowerPoint|Monitoring
834,Research Scientist,22,9,9,13,40.91,Active Learning|Amazon Web Services AWS software|Ansible software|Apache Hadoop|Bash|C++|Critical Thinking|Docker|Git|Mathematics|Monitoring|Science|Speaking,Active Listening|Apache Kafka|Apache Spark|C|GitHub|Go|Learning Strategies|Reading Comprehension|Writing
836,Manufacturing Director,20,10,10,10,50.0,Active Learning|Adobe Acrobat|Amazon Web Services AWS software|Apache Hadoop|Apple macOS|Autodesk AutoCAD|Critical Thinking|Monitoring|Reading Comprehension|Speaking,Active Listening|Adobe Creative Cloud software|Adobe Photoshop|Atlassian Confluence|Atlassian JIRA|Learning Strategies|Microsoft Excel|Microsoft Office software|Microsoft PowerPoint|Writing
837,Healthcare Representative,19,10,10,9,52.63,Apache Hadoop|Google Analytics|HubSpot software|IBM SPSS Statistics|Microsoft Excel|Microsoft Office software|Microsoft Outlook|Monitoring|Salesforce software,Active Learning|Active Listening|Amazon Web Services AWS software|Critical Thinking|Google Workspace software|Intuit QuickBooks|Linux|Reading Comprehension|Speaking|Writing
838,Research Scientist,22,10,10,12,45.45,Active Learning|Amazon Web Services AWS software|Ansible software|Apache Kafka|Apache Spark|Bash|C|C++|Docker|GitHub|Go|Science,Active Listening|Apache Hadoop|Critical Thinking|Git|Learning Strategies|Mathematics|Monitoring|Reading Comprehension|Speaking|Writing
840,Sales Executive,19,9,9,10,47.37,Active Learning|Active Listening|Adobe Creative Cloud software|Adobe Illustrator|Adobe Photoshop|Apple macOS|Autodesk AutoCAD|Microsoft Excel|Speaking|Writing,Adobe Acrobat|Adobe InDesign|Critical Thinking|Microsoft Office software|Microsoft Outlook|Microsoft PowerPoint|Monitoring|Reading Comprehension|Salesforce software
842,Sales Executive,19,10,10,9,52.63,Active Listening|Adobe Acrobat|Adobe Illustrator|Adobe Photoshop|Apple macOS|Autodesk AutoCAD|Microsoft Excel|Microsoft Office software|Speaking,Active Learning|Adobe Creative Cloud software|Adobe InDesign|Critical Thinking|Microsoft Outlook|Microsoft PowerPoint|Monitoring|Reading Comprehension|Salesforce software|Writing
843,Research Director,22,14,14,8,63.64,Active Learning|Critical Thinking|ESRI ArcGIS software|Microsoft Access|Microsoft PowerPoint|Reading Comprehension|Science|Speaking,Active Listening|Adobe Acrobat|Adobe Photoshop|IBM SPSS Statistics|Learning Strategies|Mathematics|Microsoft Excel|Microsoft Office software|Microsoft Outlook|Microsoft Project|Microsoft SharePoint|Microsoft Visio|Monitoring|Writing
844,Research Director,22,11,11,11,50.0,Active Listening|Adobe Photoshop|ESRI ArcGIS software|Learning Strategies|Mathematics|Microsoft Office software|Microsoft PowerPoint|Microsoft Project|Microsoft Visio|Reading Comprehension|Science,Active Learning|Adobe Acrobat|Critical Thinking|IBM SPSS Statistics|Microsoft Access|Microsoft Excel|Microsoft Outlook|Microsoft SharePoint|Monitoring|Speaking|Writing
845,Manufacturing Director,20,11,11,9,55.0,Adobe Acrobat|Adobe Photoshop|Atlassian Confluence|Critical Thinking|Microsoft PowerPoint|Monitoring|Reading Comprehension|Speaking|Writing,Active Learning|Active Listening|Adobe Creative Cloud software|Amazon Web Services AWS software|Apache Hadoop|Apple macOS|Atlassian JIRA|Autodesk AutoCAD|Learning Strategies|Microsoft Excel|Microsoft Office software
846,Sales Executive,19,9,9,10,47.37,Active Listening|Adobe Acrobat|Apple macOS|Autodesk AutoCAD|Critical Thinking|Microsoft Excel|Microsoft Outlook|Reading Comprehension|Salesforce software|Speaking,Active Learning|Adobe Creative Cloud software|Adobe Illustrator|Adobe InDesign|Adobe Photoshop|Microsoft Office software|Microsoft PowerPoint|Monitoring|Writing
847,Human Resources,20,8,8,12,40.0,Adobe Acrobat|Adobe Illustrator|Adobe InDesign|Applicant tracking software|Critical Thinking|Learning Strategies|Microsoft Excel|Microsoft Outlook|Microsoft PowerPoint|Oracle HRIS|Reading Comprehension|Workday software,Active Learning|Active Listening|Adobe Creative Cloud software|Adobe Photoshop|Microsoft Office software|Monitoring|Speaking|Writing
848,Research Scientist,22,10,10,12,45.45,Active Learning|Amazon Web Services AWS software|Ansible software|Apache Hadoop|Apache Spark|C++|Critical Thinking|Docker|Git|Mathematics|Speaking|Writing,Active Listening|Apache Kafka|Bash|C|GitHub|Go|Learning Strategies|Monitoring|Reading Comprehension|Science
850,Research Scientist,22,8,8,14,36.36,Active Listening|Ansible software|Apache Hadoop|Bash|C++|Docker|Git|GitHub|Learning Strategies|Mathematics|Reading Comprehension|Science|Speaking|Writing,Active Learning|Amazon Web Services AWS software|Apache Kafka|Apache Spark|C|Critical Thinking|Go|Monitoring
851,Manager,20,14,14,6,70.0,Active Learning|Atlassian Confluence|Atlassian JIRA|Critical Thinking|Reading Comprehension|Speaking,Active Listening|Adobe Acrobat|Adobe Creative Cloud software|Adobe Photoshop|Amazon Web Services AWS software|Apache Hadoop|Apple macOS|Autodesk AutoCAD|Learning Strategies|Microsoft Excel|Microsoft Office software|Microsoft PowerPoint|Monitoring|Writing
852,Healthcare Representative,19,9,9,10,47.37,Active Listening|Apache Hadoop|Critical Thinking|Google Analytics|Intuit QuickBooks|Linux|Microsoft Excel|Monitoring|Salesforce software|Writing,Active Learning|Amazon Web Services AWS software|Google Workspace software|HubSpot software|IBM SPSS Statistics|Microsoft Office software|Microsoft Outlook|Reading Comprehension|Speaking
854,Research Scientist,22,10,10,12,45.45,Active Learning|Active Listening|Ansible software|Apache Kafka|Bash|C++|GitHub|Go|Learning Strategies|Monitoring|Reading Comprehension|Writing,Amazon Web Services AWS software|Apache Hadoop|Apache Spark|C|Critical Thinking|Docker|Git|Mathematics|Science|Speaking
855,Sales Executive,19,9,9,10,47.37,Adobe Creative Cloud software|Adobe Illustrator|Adobe Photoshop|Microsoft Excel|Microsoft Outlook|Microsoft PowerPoint|Reading Comprehension|Salesforce software|Speaking|Writing,Active Learning|Active Listening|Adobe Acrobat|Adobe InDesign|Apple macOS|Autodesk AutoCAD|Critical Thinking|Microsoft Office software|Monitoring
856,Research Scientist,22,10,10,12,45.45,Active Listening|Ansible software|Apache Hadoop|Apache Spark|C|Critical Thinking|Docker|GitHub|Go|Monitoring|Science|Speaking,Active Learning|Amazon Web Services AWS software|Apache Kafka|Bash|C++|Git|Learning Strategies|Mathematics|Reading Comprehension|Writing
857,Sales Executive,19,11,11,8,57.89,Active Learning|Adobe Illustrator|Adobe InDesign|Apple macOS|Microsoft Outlook|Reading Comprehension|Salesforce software|Speaking,Active Listening|Adobe Acrobat|Adobe Creative Cloud software|Adobe Photoshop|Autodesk AutoCAD|Critical Thinking|Microsoft Excel|Microsoft Office software|Microsoft PowerPoint|Monitoring|Writing
859,Sales Executive,19,9,9,10,47.37,Active Learning|Active Listening|Adobe Illustrator|Adobe Photoshop|Apple macOS|Autodesk AutoCAD|Microsoft Office software|Reading Comprehension|Salesforce software|Writing,Adobe Acrobat|Adobe Creative Cloud software|Adobe InDesign|Critical Thinking|Microsoft Excel|Microsoft Outlook|Microsoft PowerPoint|Monitoring|Speaking
861,Research Scientist,22,11,11,11,50.0,Active Learning|Amazon Web Services AWS software|Ansible software|Apache Hadoop|C|C++|Docker|Git|Learning Strategies|Mathematics|Reading Comprehension,Active Listening|Apache Kafka|Apache Spark|Bash|Critical Thinking|GitHub|Go|Monitoring|Science|Speaking|Writing
862,Sales Executive,19,15,15,4,78.95,Active Learning|Autodesk AutoCAD|Critical Thinking|Writing,Active Listening|Adobe Acrobat|Adobe Creative Cloud software|Adobe Illustrator|Adobe InDesign|Adobe Photoshop|Apple macOS|Microsoft Excel|Microsoft Office software|Microsoft Outlook|Microsoft PowerPoint|Monitoring|Reading Comprehension|Salesforce software|Speaking
864,Sales Executive,19,11,11,8,57.89,Active Listening|Adobe Creative Cloud software|Adobe InDesign|Apple macOS|Autodesk AutoCAD|Microsoft Outlook|Microsoft PowerPoint|Speaking,Active Learning|Adobe Acrobat|Adobe Illustrator|Adobe Photoshop|Critical Thinking|Microsoft Excel|Microsoft Office software|Monitoring|Reading Comprehension|Salesforce software|Writing
865,Research Scientist,22,11,11,11,50.0,Active Learning|Amazon Web Services AWS software|Apache Spark|C|C++|Critical Thinking|Git|GitHub|Go|Learning Strategies|Reading Comprehension,Active Listening|Ansible software|Apache Hadoop|Apache Kafka|Bash|Docker|Mathematics|Monitoring|Science|Speaking|Writing
867,Manufacturing Director,20,14,14,6,70.0,Active Learning|Adobe Photoshop|Amazon Web Services AWS software|Apache Hadoop|Speaking|Writing,Active Listening|Adobe Acrobat|Adobe Creative Cloud software|Apple macOS|Atlassian Confluence|Atlassian JIRA|Autodesk AutoCAD|Critical Thinking|Learning Strategies|Microsoft Excel|Microsoft Office software|Microsoft PowerPoint|Monitoring|Reading Comprehension
868,Sales Executive,19,9,9,10,47.37,Active Learning|Adobe Acrobat|Adobe Creative Cloud software|Adobe InDesign|Autodesk AutoCAD|Critical Thinking|Monitoring|Reading Comprehension|Salesforce software|Speaking,Active Listening|Adobe Illustrator|Adobe Photoshop|Apple macOS|Microsoft Excel|Microsoft Office software|Microsoft Outlook|Microsoft PowerPoint|Writing
869,Human Resources,20,9,9,11,45.0,Active Listening|Adobe Acrobat|Adobe Creative Cloud software|Applicant tracking software|Learning Strategies|Microsoft Office software|Microsoft Outlook|Microsoft PowerPoint|Monitoring|Reading Comprehension|Writing,Active Learning|Adobe Illustrator|Adobe InDesign|Adobe Photoshop|Critical Thinking|Microsoft Excel|Oracle HRIS|Speaking|Workday software
872,Manufacturing Director,20,8,8,12,40.0,Adobe Acrobat|Adobe Creative Cloud software|Adobe Photoshop|Amazon Web Services AWS software|Apple macOS|Atlassian JIRA|Critical Thinking|Learning Strategies|Microsoft Excel|Monitoring|Reading Comprehension|Speaking,Active Learning|Active Listening|Apache Hadoop|Atlassian Confluence|Autodesk AutoCAD|Microsoft Office software|Microsoft PowerPoint|Writing
874,Laboratory Technician,20,10,10,10,50.0,Active Listening|Commercial plate reader software|Database software|Google Docs|MEDITECH software|Microsoft PowerPoint|Microsoft Word|Reading Comprehension|SAP software|Science,Active Learning|Billing software|Critical Thinking|Data entry software|Microsoft Excel|Microsoft Office software|Microsoft Outlook|Monitoring|Speaking|Writing
875,Research Scientist,22,10,10,12,45.45,Active Learning|Amazon Web Services AWS software|Ansible software|Bash|C++|Critical Thinking|Docker|GitHub|Learning Strategies|Reading Comprehension|Science|Speaking,Active Listening|Apache Hadoop|Apache Kafka|Apache Spark|C|Git|Go|Mathematics|Monitoring|Writing
878,Human Resources,20,9,9,11,45.0,Active Learning|Active Listening|Adobe Creative Cloud software|Adobe Illustrator|Learning Strategies|Microsoft Excel|Microsoft PowerPoint|Monitoring|Oracle HRIS|Speaking|Workday software,Adobe Acrobat|Adobe InDesign|Adobe Photoshop|Applicant tracking software|Critical Thinking|Microsoft Office software|Microsoft Outlook|Reading Comprehension|Writing
879,Sales Executive,19,8,8,11,42.11,Active Learning|Active Listening|Adobe Creative Cloud software|Adobe Illustrator|Adobe Photoshop|Apple macOS|Critical Thinking|Microsoft Excel|Microsoft Office software|Microsoft PowerPoint|Monitoring,Adobe Acrobat|Adobe InDesign|Autodesk AutoCAD|Microsoft Outlook|Reading Comprehension|Salesforce software|Speaking|Writing
880,Manufacturing Director,20,11,11,9,55.0,Adobe Creative Cloud software|Adobe Photoshop|Atlassian Confluence|Microsoft Excel|Microsoft Office software|Microsoft PowerPoint|Monitoring|Reading Comprehension|Writing,Active Learning|Active Listening|Adobe Acrobat|Amazon Web Services AWS software|Apache Hadoop|Apple macOS|Atlassian JIRA|Autodesk AutoCAD|Critical Thinking|Learning Strategies|Speaking
881,Research Scientist,22,11,11,11,50.0,Active Learning|Amazon Web Services AWS software|C|Critical Thinking|GitHub|Go|Learning Strategies|Monitoring|Science|Speaking|Writing,Active Listening|Ansible software|Apache Hadoop|Apache Kafka|Apache Spark|Bash|C++|Docker|Git|Mathematics|Reading Comprehension
882,Laboratory Technician,20,8,8,12,40.0,Active Learning|Active Listening|Billing software|Critical Thinking|MEDITECH software|Microsoft Excel|Microsoft Office software|Microsoft PowerPoint|Monitoring|Reading Comprehension|SAP software|Speaking,Commercial plate reader software|Data entry software|Database software|Google Docs|Microsoft Outlook|Microsoft Word|Science|Writing
885,Sales Executive,19,8,8,11,42.11,Active Learning|Active Listening|Adobe Acrobat|Adobe Illustrator|Adobe Photoshop|Apple macOS|Microsoft Excel|Microsoft Office software|Microsoft Outlook|Microsoft PowerPoint|Salesforce software,Adobe Creative Cloud software|Adobe InDesign|Autodesk AutoCAD|Critical Thinking|Monitoring|Reading Comprehension|Speaking|Writing
887,Research Scientist,22,10,10,12,45.45,Active Learning|Active Listening|Amazon Web Services AWS software|Apache Hadoop|Apache Kafka|Bash|C++|Docker|Go|Learning Strategies|Science|Speaking,Ansible software|Apache Spark|C|Critical Thinking|Git|GitHub|Mathematics|Monitoring|Reading Comprehension|Writing
888,Laboratory Technician,20,9,9,11,45.0,Active Learning|Active Listening|Critical Thinking|Data entry software|Google Docs|MEDITECH software|Microsoft Outlook|Microsoft PowerPoint|Microsoft Word|Reading Comprehension|Science,Billing software|Commercial plate reader software|Database software|Microsoft Excel|Microsoft Office software|Monitoring|SAP software|Speaking|Writing
889,Sales Executive,19,9,9,10,47.37,Active Learning|Active Listening|Adobe InDesign|Adobe Photoshop|Apple macOS|Autodesk AutoCAD|Microsoft Outlook|Microsoft PowerPoint|Reading Comprehension|Speaking,Adobe Acrobat|Adobe Creative Cloud software|Adobe Illustrator|Critical Thinking|Microsoft Excel|Microsoft Office software|Monitoring|Salesforce software|Writing
893,Sales Representative,19,8,8,11,42.11,Active Learning|Adobe Creative Cloud software|Adobe InDesign|Adobe Photoshop|Apple macOS|Autodesk AutoCAD|Microsoft Outlook|Monitoring|Reading Comprehension|Salesforce software|Speaking,Active Listening|Adobe Acrobat|Adobe Illustrator|Critical Thinking|Microsoft Excel|Microsoft Office software|Microsoft PowerPoint|Writing
894,Laboratory Technician,20,11,11,9,55.0,Commercial plate reader software|Data entry software|Database software|Google Docs|Microsoft Excel|Microsoft Outlook|Microsoft Word|Reading Comprehension|Writing,Active Learning|Active Listening|Billing software|Critical Thinking|MEDITECH software|Microsoft Office software|Microsoft PowerPoint|Monitoring|SAP software|Science|Speaking
895,Research Scientist,22,10,10,12,45.45,Active Listening|Amazon Web Services AWS software|Ansible software|Apache Hadoop|Apache Spark|C|Critical Thinking|Learning Strategies|Monitoring|Reading Comprehension|Science|Speaking,Active Learning|Apache Kafka|Bash|C++|Docker|Git|GitHub|Go|Mathematics|Writing
896,Sales Representative,19,8,8,11,42.11,Active Listening|Adobe Creative Cloud software|Critical Thinking|Microsoft Excel|Microsoft Office software|Microsoft Outlook|Microsoft PowerPoint|Monitoring|Reading Comprehension|Speaking|Writing,Active Learning|Adobe Acrobat|Adobe Illustrator|Adobe InDesign|Adobe Photoshop|Apple macOS|Autodesk AutoCAD|Salesforce software
897,Sales Executive,19,13,13,6,68.42,Adobe Acrobat|Adobe InDesign|Autodesk AutoCAD|Microsoft Office software|Microsoft Outlook|Writing,Active Learning|Active Listening|Adobe Creative Cloud software|Adobe Illustrator|Adobe Photoshop|Apple macOS|Critical Thinking|Microsoft Excel|Microsoft PowerPoint|Monitoring|Reading Comprehension|Salesforce software|Speaking
899,Manufacturing Director,20,11,11,9,55.0,Active Listening|Amazon Web Services AWS software|Critical Thinking|Learning Strategies|Microsoft Excel|Microsoft PowerPoint|Monitoring|Speaking|Writing,Active Learning|Adobe Acrobat|Adobe Creative Cloud software|Adobe Photoshop|Apache Hadoop|Apple macOS|Atlassian Confluence|Atlassian JIRA|Autodesk AutoCAD|Microsoft Office software|Reading Comprehension
900,Sales Representative,19,9,9,10,47.37,Active Learning|Active Listening|Adobe InDesign|Adobe Photoshop|Autodesk AutoCAD|Critical Thinking|Microsoft PowerPoint|Salesforce software|Speaking|Writing,Adobe Acrobat|Adobe Creative Cloud software|Adobe Illustrator|Apple macOS|Microsoft Excel|Microsoft Office software|Microsoft Outlook|Monitoring|Reading Comprehension
901,Research Director,22,16,16,6,72.73,Active Listening|ESRI ArcGIS software|Microsoft Excel|Microsoft Office software|Microsoft SharePoint|Monitoring,Active Learning|Adobe Acrobat|Adobe Photoshop|Critical Thinking|IBM SPSS Statistics|Learning Strategies|Mathematics|Microsoft Access|Microsoft Outlook|Microsoft PowerPoint|Microsoft Project|Microsoft Visio|Reading Comprehension|Science|Speaking|Writing
902,Healthcare Representative,19,10,10,9,52.63,Active Listening|Apache Hadoop|Critical Thinking|Google Workspace software|HubSpot software|Intuit QuickBooks|Microsoft Excel|Speaking|Writing,Active Learning|Amazon Web Services AWS software|Google Analytics|IBM SPSS Statistics|Linux|Microsoft Office software|Microsoft Outlook|Monitoring|Reading Comprehension|Salesforce software
903,Sales Executive,19,9,9,10,47.37,Active Learning|Active Listening|Adobe Illustrator|Adobe Photoshop|Apple macOS|Autodesk AutoCAD|Critical Thinking|Microsoft Office software|Reading Comprehension|Salesforce software,Adobe Acrobat|Adobe Creative Cloud software|Adobe InDesign|Microsoft Excel|Microsoft Outlook|Microsoft PowerPoint|Monitoring|Speaking|Writing
904,Sales Executive,19,9,9,10,47.37,Adobe Acrobat|Adobe Illustrator|Adobe Photoshop|Apple macOS|Critical Thinking|Microsoft Excel|Monitoring|Reading Comprehension|Salesforce software|Speaking,Active Learning|Active Listening|Adobe Creative Cloud software|Adobe InDesign|Autodesk AutoCAD|Microsoft Office software|Microsoft Outlook|Microsoft PowerPoint|Writing
905,Manager,20,14,14,6,70.0,Adobe Photoshop|Amazon Web Services AWS software|Apache Hadoop|Atlassian JIRA|Autodesk AutoCAD|Microsoft Office software,Active Learning|Active Listening|Adobe Acrobat|Adobe Creative Cloud software|Apple macOS|Atlassian Confluence|Critical Thinking|Learning Strategies|Microsoft Excel|Microsoft PowerPoint|Monitoring|Reading Comprehension|Speaking|Writing
909,Human Resources,20,10,10,10,50.0,Active Listening|Adobe Creative Cloud software|Adobe Illustrator|Applicant tracking software|Critical Thinking|Microsoft Outlook|Microsoft PowerPoint|Monitoring|Workday software|Writing,Active Learning|Adobe Acrobat|Adobe InDesign|Adobe Photoshop|Learning Strategies|Microsoft Excel|Microsoft Office software|Oracle HRIS|Reading Comprehension|Speaking
910,Human Resources,20,9,9,11,45.0,Active Learning|Adobe Acrobat|Adobe Creative Cloud software|Adobe Illustrator|Adobe Photoshop|Critical Thinking|Microsoft Excel|Microsoft Office software|Microsoft Outlook|Monitoring|Workday software,Active Listening|Adobe InDesign|Applicant tracking software|Learning Strategies|Microsoft PowerPoint|Oracle HRIS|Reading Comprehension|Speaking|Writing
911,Laboratory Technician,20,8,8,12,40.0,Active Learning|Billing software|Commercial plate reader software|Critical Thinking|Data entry software|Google Docs|MEDITECH software|Microsoft Office software|Microsoft Word|SAP software|Science|Writing,Active Listening|Database software|Microsoft Excel|Microsoft Outlook|Microsoft PowerPoint|Monitoring|Reading Comprehension|Speaking
912,Laboratory Technician,20,9,9,11,45.0,Active Learning|Billing software|Commercial plate reader software|Google Docs|Microsoft Excel|Microsoft Outlook|Microsoft Word|Monitoring|Reading Comprehension|Speaking|Writing,Active Listening|Critical Thinking|Data entry software|Database software|MEDITECH software|Microsoft Office software|Microsoft PowerPoint|SAP software|Science
913,Research Scientist,22,10,10,12,45.45,Active Learning|Active Listening|Amazon Web Services AWS software|Ansible software|C|C++|Critical Thinking|Git|GitHub|Monitoring|Speaking|Writing,Apache Hadoop|Apache Kafka|Apache Spark|Bash|Docker|Go|Learning Strategies|Mathematics|Reading Comprehension|Science
916,Sales Executive,19,8,8,11,42.11,Active Learning|Active Listening|Adobe Acrobat|Adobe Illustrator|Apple macOS|Autodesk AutoCAD|Critical Thinking|Microsoft Office software|Salesforce software|Speaking|Writing,Adobe Creative Cloud software|Adobe InDesign|Adobe Photoshop|Microsoft Excel|Microsoft Outlook|Microsoft PowerPoint|Monitoring|Reading Comprehension
918,Laboratory Technician,20,8,8,12,40.0,Active Learning|Billing software|Data entry software|Google Docs|MEDITECH software|Microsoft Excel|Monitoring|Reading Comprehension|SAP software|Science|Speaking|Writing,Active Listening|Commercial plate reader software|Critical Thinking|Database software|Microsoft Office software|Microsoft Outlook|Microsoft PowerPoint|Microsoft Word
920,Manufacturing Director,20,8,8,12,40.0,Active Listening|Adobe Acrobat|Adobe Creative Cloud software|Adobe Photoshop|Apache Hadoop|Apple macOS|Atlassian Confluence|Autodesk AutoCAD|Microsoft Office software|Monitoring|Reading Comprehension|Writing,Active Learning|Amazon Web Services AWS software|Atlassian JIRA|Critical Thinking|Learning Strategies|Microsoft Excel|Microsoft PowerPoint|Speaking
922,Sales Representative,19,8,8,11,42.11,Active Learning|Active Listening|Adobe Acrobat|Adobe Illustrator|Adobe InDesign|Autodesk AutoCAD|Critical Thinking|Microsoft Outlook|Microsoft PowerPoint|Monitoring|Reading Comprehension,Adobe Creative Cloud software|Adobe Photoshop|Apple macOS|Microsoft Excel|Microsoft Office software|Salesforce software|Speaking|Writing
923,Research Scientist,22,9,9,13,40.91,Active Listening|Ansible software|Apache Kafka|C|Critical Thinking|Docker|Git|GitHub|Go|Mathematics|Reading Comprehension|Science|Writing,Active Learning|Amazon Web Services AWS software|Apache Hadoop|Apache Spark|Bash|C++|Learning Strategies|Monitoring|Speaking
924,Healthcare Representative,19,11,11,8,57.89,Amazon Web Services AWS software|Apache Hadoop|Google Analytics|Google Workspace software|Linux|Microsoft Office software|Speaking|Writing,Active Learning|Active Listening|Critical Thinking|HubSpot software|IBM SPSS Statistics|Intuit QuickBooks|Microsoft Excel|Microsoft Outlook|Monitoring|Reading Comprehension|Salesforce software
925,Sales Representative,19,8,8,11,42.11,Active Learning|Adobe Acrobat|Apple macOS|Autodesk AutoCAD|Critical Thinking|Microsoft Excel|Microsoft Outlook|Microsoft PowerPoint|Reading Comprehension|Salesforce software|Writing,Active Listening|Adobe Creative Cloud software|Adobe Illustrator|Adobe InDesign|Adobe Photoshop|Microsoft Office software|Monitoring|Speaking
926,Manufacturing Director,20,8,8,12,40.0,Active Learning|Adobe Acrobat|Adobe Creative Cloud software|Apache Hadoop|Apple macOS|Atlassian Confluence|Autodesk AutoCAD|Microsoft Excel|Microsoft PowerPoint|Monitoring|Reading Comprehension|Writing,Active Listening|Adobe Photoshop|Amazon Web Services AWS software|Atlassian JIRA|Critical Thinking|Learning Strategies|Microsoft Office software|Speaking
927,Laboratory Technician,20,10,10,10,50.0,Active Listening|Billing software|Critical Thinking|Database software|MEDITECH software|Microsoft PowerPoint|Microsoft Word|Monitoring|SAP software|Science,Active Learning|Commercial plate reader software|Data entry software|Google Docs|Microsoft Excel|Microsoft Office software|Microsoft Outlook|Reading Comprehension|Speaking|Writing
930,Research Scientist,22,10,10,12,45.45,Active Learning|Active Listening|Amazon Web Services AWS software|Ansible software|Apache Spark|Bash|C|Docker|GitHub|Mathematics|Reading Comprehension|Writing,Apache Hadoop|Apache Kafka|C++|Critical Thinking|Git|Go|Learning Strategies|Monitoring|Science|Speaking
932,Laboratory Technician,20,9,9,11,45.0,Active Listening|Commercial plate reader software|Critical Thinking|Data entry software|Database software|Microsoft Excel|Microsoft Office software|Microsoft PowerPoint|Microsoft Word|Monitoring|Writing,Active Learning|Billing software|Google Docs|MEDITECH software|Microsoft Outlook|Reading Comprehension|SAP software|Science|Speaking
933,Research Scientist,22,9,9,13,40.91,Active Learning|Ansible software|Apache Hadoop|Apache Kafka|Apache Spark|C|Critical Thinking|Git|Go|Learning Strategies|Reading Comprehension|Science|Speaking,Active Listening|Amazon Web Services AWS software|Bash|C++|Docker|GitHub|Mathematics|Monitoring|Writing
934,Laboratory Technician,20,8,8,12,40.0,Billing software|Commercial plate reader software|Data entry software|Database software|MEDITECH software|Microsoft Excel|Microsoft PowerPoint|Monitoring|Reading Comprehension|Science|Speaking|Writing,Active Learning|Active Listening|Critical Thinking|Google Docs|Microsoft Office software|Microsoft Outlook|Microsoft Word|SAP software
936,Sales Executive,19,9,9,10,47.37,Active Learning|Active Listening|Adobe Illustrator|Adobe Photoshop|Apple macOS|Microsoft Excel|Microsoft Outlook|Microsoft PowerPoint|Reading Comprehension|Salesforce software,Adobe Acrobat|Adobe Creative Cloud software|Adobe InDesign|Autodesk AutoCAD|Critical Thinking|Microsoft Office software|Monitoring|Speaking|Writing
939,Research Scientist,22,10,10,12,45.45,Amazon Web Services AWS software|Apache Kafka|Apache Spark|C|C++|Critical Thinking|Git|GitHub|Learning Strategies|Monitoring|Reading Comprehension|Writing,Active Learning|Active Listening|Ansible software|Apache Hadoop|Bash|Docker|Go|Mathematics|Science|Speaking
940,Healthcare Representative,19,12,12,7,63.16,Active Learning|Google Workspace software|HubSpot software|Intuit QuickBooks|Linux|Monitoring|Reading Comprehension,Active Listening|Amazon Web Services AWS software|Apache Hadoop|Critical Thinking|Google Analytics|IBM SPSS Statistics|Microsoft Excel|Microsoft Office software|Microsoft Outlook|Salesforce software|Speaking|Writing
941,Sales Representative,19,10,10,9,52.63,Active Learning|Adobe Illustrator|Critical Thinking|Microsoft Excel|Microsoft PowerPoint|Monitoring|Salesforce software|Speaking|Writing,Active Listening|Adobe Acrobat|Adobe Creative Cloud software|Adobe InDesign|Adobe Photoshop|Apple macOS|Autodesk AutoCAD|Microsoft Office software|Microsoft Outlook|Reading Comprehension
942,Healthcare Representative,19,9,9,10,47.37,Active Listening|Amazon Web Services AWS software|Apache Hadoop|Google Workspace software|IBM SPSS Statistics|Intuit QuickBooks|Linux|Microsoft Excel|Monitoring|Salesforce software,Active Learning|Critical Thinking|Google Analytics|HubSpot software|Microsoft Office software|Microsoft Outlook|Reading Comprehension|Speaking|Writing
944,Laboratory Technician,20,14,14,6,70.0,Active Listening|Billing software|Microsoft Excel|Microsoft Word|Reading Comprehension|Science,Active Learning|Commercial plate reader software|Critical Thinking|Data entry software|Database software|Google Docs|MEDITECH software|Microsoft Office software|Microsoft Outlook|Microsoft PowerPoint|Monitoring|SAP software|Speaking|Writing
945,Research Scientist,22,12,12,10,54.55,Active Learning|Ansible software|Apache Hadoop|Apache Spark|Bash|Critical Thinking|Mathematics|Monitoring|Science|Writing,Active Listening|Amazon Web Services AWS software|Apache Kafka|C|C++|Docker|Git|GitHub|Go|Learning Strategies|Reading Comprehension|Speaking
947,Sales Executive,19,9,9,10,47.37,Active Learning|Adobe Acrobat|Adobe Creative Cloud software|Adobe Illustrator|Adobe InDesign|Adobe Photoshop|Apple macOS|Autodesk AutoCAD|Microsoft Excel|Speaking,Active Listening|Critical Thinking|Microsoft Office software|Microsoft Outlook|Microsoft PowerPoint|Monitoring|Reading Comprehension|Salesforce software|Writing
949,Research Scientist,22,10,10,12,45.45,Active Listening|Amazon Web Services AWS software|Ansible software|Apache Kafka|Bash|C|C++|Critical Thinking|GitHub|Reading Comprehension|Speaking|Writing,Active Learning|Apache Hadoop|Apache Spark|Docker|Git|Go|Learning Strategies|Mathematics|Monitoring|Science
950,Research Director,22,12,12,10,54.55,Active Learning|Adobe Photoshop|ESRI ArcGIS software|IBM SPSS Statistics|Learning Strategies|Microsoft Access|Microsoft Outlook|Microsoft PowerPoint|Microsoft Project|Writing,Active Listening|Adobe Acrobat|Critical Thinking|Mathematics|Microsoft Excel|Microsoft Office software|Microsoft SharePoint|Microsoft Visio|Monitoring|Reading Comprehension|Science|Speaking
951,Laboratory Technician,20,9,9,11,45.0,Billing software|Data entry software|Database software|MEDITECH software|Microsoft Excel|Microsoft Office software|Microsoft PowerPoint|Microsoft Word|Reading Comprehension|SAP software|Speaking,Active Learning|Active Listening|Commercial plate reader software|Critical Thinking|Google Docs|Microsoft Outlook|Monitoring|Science|Writing
952,Sales Representative,19,7,7,12,36.84,Active Learning|Active Listening|Adobe Creative Cloud software|Adobe Illustrator|Adobe InDesign|Adobe Photoshop|Autodesk AutoCAD|Microsoft Excel|Microsoft Outlook|Microsoft PowerPoint|Monitoring|Speaking,Adobe Acrobat|Apple macOS|Critical Thinking|Microsoft Office software|Reading Comprehension|Salesforce software|Writing
954,Sales Executive,19,9,9,10,47.37,Adobe Acrobat|Adobe Creative Cloud software|Apple macOS|Autodesk AutoCAD|Critical Thinking|Microsoft Outlook|Microsoft PowerPoint|Monitoring|Salesforce software|Writing,Active Learning|Active Listening|Adobe Illustrator|Adobe InDesign|Adobe Photoshop|Microsoft Excel|Microsoft Office software|Reading Comprehension|Speaking
956,Sales Executive,19,9,9,10,47.37,Active Listening|Adobe Acrobat|Adobe Illustrator|Adobe Photoshop|Critical Thinking|Microsoft Excel|Microsoft Outlook|Monitoring|Reading Comprehension|Writing,Active Learning|Adobe Creative Cloud software|Adobe InDesign|Apple macOS|Autodesk AutoCAD|Microsoft Office software|Microsoft PowerPoint|Salesforce software|Speaking
957,Laboratory Technician,20,12,12,8,60.0,Active Learning|MEDITECH software|Microsoft Excel|Microsoft Office software|Microsoft Word|Monitoring|Reading Comprehension|Science,Active Listening|Billing software|Commercial plate reader software|Critical Thinking|Data entry software|Database software|Google Docs|Microsoft Outlook|Microsoft PowerPoint|SAP software|Speaking|Writing
958,Laboratory Technician,20,11,11,9,55.0,Active Listening|Billing software|Commercial plate reader software|Critical Thinking|Google Docs|Microsoft Office software|Microsoft Word|Reading Comprehension|Science,Active Learning|Data entry software|Database software|MEDITECH software|Microsoft Excel|Microsoft Outlook|Microsoft PowerPoint|Monitoring|SAP software|Speaking|Writing
959,Sales Representative,19,7,7,12,36.84,Active Learning|Adobe Creative Cloud software|Adobe Illustrator|Autodesk AutoCAD|Critical Thinking|Microsoft Excel|Microsoft Office software|Microsoft Outlook|Microsoft PowerPoint|Reading Comprehension|Salesforce software|Speaking,Active Listening|Adobe Acrobat|Adobe InDesign|Adobe Photoshop|Apple macOS|Monitoring|Writing
960,Laboratory Technician,20,8,8,12,40.0,Active Learning|Active Listening|Critical Thinking|Data entry software|Google Docs|MEDITECH software|Microsoft Excel|Microsoft Office software|Microsoft Outlook|Microsoft Word|Reading Comprehension|Speaking,Billing software|Commercial plate reader software|Database software|Microsoft PowerPoint|Monitoring|SAP software|Science|Writing
961,Healthcare Representative,19,9,9,10,47.37,Active Learning|Active Listening|Critical Thinking|Google Workspace software|Microsoft Outlook|Monitoring|Reading Comprehension|Salesforce software|Speaking|Writing,Amazon Web Services AWS software|Apache Hadoop|Google Analytics|HubSpot software|IBM SPSS Statistics|Intuit QuickBooks|Linux|Microsoft Excel|Microsoft Office software
964,Research Scientist,22,9,9,13,40.91,Apache Hadoop|Apache Kafka|C|Docker|Git|GitHub|Go|Learning Strategies|Mathematics|Monitoring|Science|Speaking|Writing,Active Learning|Active Listening|Amazon Web Services AWS software|Ansible software|Apache Spark|Bash|C++|Critical Thinking|Reading Comprehension
966,Manufacturing Director,20,9,9,11,45.0,Active Learning|Active Listening|Adobe Creative Cloud software|Adobe Photoshop|Apache Hadoop|Atlassian JIRA|Critical Thinking|Learning Strategies|Microsoft Excel|Microsoft Office software|Monitoring,Adobe Acrobat|Amazon Web Services AWS software|Apple macOS|Atlassian Confluence|Autodesk AutoCAD|Microsoft PowerPoint|Reading Comprehension|Speaking|Writing
967,Sales Executive,19,11,11,8,57.89,Active Listening|Adobe Acrobat|Adobe Illustrator|Apple macOS|Autodesk AutoCAD|Critical Thinking|Microsoft PowerPoint|Monitoring,Active Learning|Adobe Creative Cloud software|Adobe InDesign|Adobe Photoshop|Microsoft Excel|Microsoft Office software|Microsoft Outlook|Reading Comprehension|Salesforce software|Speaking|Writing
969,Healthcare Representative,19,8,8,11,42.11,Active Learning|Active Listening|Apache Hadoop|Critical Thinking|Google Workspace software|HubSpot software|IBM SPSS Statistics|Intuit QuickBooks|Linux|Microsoft Outlook|Speaking,Amazon Web Services AWS software|Google Analytics|Microsoft Excel|Microsoft Office software|Monitoring|Reading Comprehension|Salesforce software|Writing
970,Sales Executive,19,11,11,8,57.89,Active Listening|Adobe Creative Cloud software|Adobe Illustrator|Adobe InDesign|Autodesk AutoCAD|Microsoft Excel|Salesforce software|Writing,Active Learning|Adobe Acrobat|Adobe Photoshop|Apple macOS|Critical Thinking|Microsoft Office software|Microsoft Outlook|Microsoft PowerPoint|Monitoring|Reading Comprehension|Speaking
972,Laboratory Technician,20,10,10,10,50.0,Commercial plate reader software|Critical Thinking|Data entry software|Database software|Microsoft Outlook|Microsoft PowerPoint|SAP software|Science|Speaking|Writing,Active Learning|Active Listening|Billing software|Google Docs|MEDITECH software|Microsoft Excel|Microsoft Office software|Microsoft Word|Monitoring|Reading Comprehension
974,Sales Representative,19,8,8,11,42.11,Adobe InDesign|Adobe Photoshop|Apple macOS|Critical Thinking|Microsoft Excel|Microsoft Office software|Microsoft Outlook|Monitoring|Reading Comprehension|Speaking|Writing,Active Learning|Active Listening|Adobe Acrobat|Adobe Creative Cloud software|Adobe Illustrator|Autodesk AutoCAD|Microsoft PowerPoint|Salesforce software
975,Sales Executive,19,8,8,11,42.11,Adobe Acrobat|Adobe Illustrator|Adobe Photoshop|Autodesk AutoCAD|Microsoft Excel|Microsoft Office software|Microsoft Outlook|Microsoft PowerPoint|Reading Comprehension|Salesforce software|Writing,Active Learning|Active Listening|Adobe Creative Cloud software|Adobe InDesign|Apple macOS|Critical Thinking|Monitoring|Speaking
976,Manager,20,13,13,7,65.0,Active Learning|Adobe Photoshop|Apache Hadoop|Apple macOS|Critical Thinking|Microsoft Office software|Reading Comprehension,Active Listening|Adobe Acrobat|Adobe Creative Cloud software|Amazon Web Services AWS software|Atlassian Confluence|Atlassian JIRA|Autodesk AutoCAD|Learning Strategies|Microsoft Excel|Microsoft PowerPoint|Monitoring|Speaking|Writing
977,Research Scientist,22,10,10,12,45.45,Ansible software|Bash|C|Docker|Git|GitHub|Go|Learning Strategies|Monitoring|Reading Comprehension|Science|Writing,Active Learning|Active Listening|Amazon Web Services AWS software|Apache Hadoop|Apache Kafka|Apache Spark|C++|Critical Thinking|Mathematics|Speaking
981,Manager,20,12,12,8,60.0,Active Listening|Adobe Acrobat|Atlassian Confluence|Atlassian JIRA|Microsoft Excel|Monitoring|Speaking|Writing,Active Learning|Adobe Creative Cloud software|Adobe Photoshop|Amazon Web Services AWS software|Apache Hadoop|Apple macOS|Autodesk AutoCAD|Critical Thinking|Learning Strategies|Microsoft Office software|Microsoft PowerPoint|Reading Comprehension
982,Sales Executive,19,9,9,10,47.37,Active Learning|Adobe Illustrator|Apple macOS|Autodesk AutoCAD|Critical Thinking|Microsoft Outlook|Monitoring|Salesforce software|Speaking|Writing,Active Listening|Adobe Acrobat|Adobe Creative Cloud software|Adobe InDesign|Adobe Photoshop|Microsoft Excel|Microsoft Office software|Microsoft PowerPoint|Reading Comprehension
983,Sales Executive,19,8,8,11,42.11,Adobe Creative Cloud software|Adobe Illustrator|Adobe InDesign|Adobe Photoshop|Critical Thinking|Microsoft Excel|Microsoft Office software|Microsoft Outlook|Reading Comprehension|Salesforce software|Writing,Active Learning|Active Listening|Adobe Acrobat|Apple macOS|Autodesk AutoCAD|Microsoft PowerPoint|Monitoring|Speaking
984,Sales Executive,19,10,10,9,52.63,Active Learning|Active Listening|Adobe Creative Cloud software|Adobe Illustrator|Adobe Photoshop|Apple macOS|Autodesk AutoCAD|Microsoft PowerPoint|Writing,Adobe Acrobat|Adobe InDesign|Critical Thinking|Microsoft Excel|Microsoft Office software|Microsoft Outlook|Monitoring|Reading Comprehension|Salesforce software|Speaking
985,Sales Executive,19,9,9,10,47.37,Active Learning|Active Listening|Adobe Acrobat|Adobe Creative Cloud software|Adobe Illustrator|Adobe Photoshop|Critical Thinking|Microsoft Excel|Microsoft Office software|Microsoft PowerPoint,Adobe InDesign|Apple macOS|Autodesk AutoCAD|Microsoft Outlook|Monitoring|Reading Comprehension|Salesforce software|Speaking|Writing
986,Sales Executive,19,12,12,7,63.16,Adobe Creative Cloud software|Apple macOS|Autodesk AutoCAD|Critical Thinking|Microsoft PowerPoint|Salesforce software|Writing,Active Learning|Active Listening|Adobe Acrobat|Adobe Illustrator|Adobe InDesign|Adobe Photoshop|Microsoft Excel|Microsoft Office software|Microsoft Outlook|Monitoring|Reading Comprehension|Speaking
987,Manufacturing Director,20,12,12,8,60.0,Adobe Acrobat|Atlassian JIRA|Microsoft Excel|Microsoft PowerPoint|Monitoring|Reading Comprehension|Speaking|Writing,Active Learning|Active Listening|Adobe Creative Cloud software|Adobe Photoshop|Amazon Web Services AWS software|Apache Hadoop|Apple macOS|Atlassian Confluence|Autodesk AutoCAD|Critical Thinking|Learning Strategies|Microsoft Office software
990,Sales Executive,19,10,10,9,52.63,Active Listening|Adobe Illustrator|Autodesk AutoCAD|Microsoft Office software|Microsoft Outlook|Microsoft PowerPoint|Monitoring|Salesforce software|Writing,Active Learning|Adobe Acrobat|Adobe Creative Cloud software|Adobe InDesign|Adobe Photoshop|Apple macOS|Critical Thinking|Microsoft Excel|Reading Comprehension|Speaking
991,Research Scientist,22,9,9,13,40.91,Active Listening|Amazon Web Services AWS software|Ansible software|Apache Hadoop|Apache Kafka|Bash|C|Docker|Git|Mathematics|Monitoring|Science|Speaking,Active Learning|Apache Spark|C++|Critical Thinking|GitHub|Go|Learning Strategies|Reading Comprehension|Writing
992,Manager,20,10,10,10,50.0,Active Learning|Adobe Acrobat|Amazon Web Services AWS software|Atlassian Confluence|Critical Thinking|Microsoft Excel|Microsoft Office software|Microsoft PowerPoint|Monitoring|Reading Comprehension,Active Listening|Adobe Creative Cloud software|Adobe Photoshop|Apache Hadoop|Apple macOS|Atlassian JIRA|Autodesk AutoCAD|Learning Strategies|Speaking|Writing
994,Research Scientist,22,9,9,13,40.91,Active Learning|Amazon Web Services AWS software|Apache Hadoop|Bash|C|Critical Thinking|Docker|Go|Learning Strategies|Mathematics|Monitoring|Science|Speaking,Active Listening|Ansible software|Apache Kafka|Apache Spark|C++|Git|GitHub|Reading Comprehension|Writing
995,Research Scientist,22,10,10,12,45.45,Active Learning|Apache Hadoop|Apache Kafka|C|C++|Critical Thinking|Docker|Git|GitHub|Go|Learning Strategies|Science,Active Listening|Amazon Web Services AWS software|Ansible software|Apache Spark|Bash|Mathematics|Monitoring|Reading Comprehension|Speaking|Writing
996,Laboratory Technician,20,9,9,11,45.0,Active Learning|Active Listening|Billing software|Commercial plate reader software|Data entry software|Google Docs|MEDITECH software|Microsoft Office software|Microsoft Outlook|Microsoft Word|SAP software,Critical Thinking|Database software|Microsoft Excel|Microsoft PowerPoint|Monitoring|Reading Comprehension|Science|Speaking|Writing
997,Research Director,22,16,16,6,72.73,IBM SPSS Statistics|Learning Strategies|Mathematics|Microsoft Outlook|Microsoft Project|Microsoft SharePoint,Active Learning|Active Listening|Adobe Acrobat|Adobe Photoshop|Critical Thinking|ESRI ArcGIS software|Microsoft Access|Microsoft Excel|Microsoft Office software|Microsoft PowerPoint|Microsoft Visio|Monitoring|Reading Comprehension|Science|Speaking|Writing
998,Healthcare Representative,19,8,8,11,42.11,Active Listening|Apache Hadoop|HubSpot software|IBM SPSS Statistics|Intuit QuickBooks|Linux|Microsoft Office software|Monitoring|Salesforce software|Speaking|Writing,Active Learning|Amazon Web Services AWS software|Critical Thinking|Google Analytics|Google Workspace software|Microsoft Excel|Microsoft Outlook|Reading Comprehension
999,Research Director,22,13,13,9,59.09,Active Learning|ESRI ArcGIS software|Mathematics|Microsoft Access|Microsoft Excel|Microsoft Outlook|Microsoft Project|Microsoft SharePoint|Monitoring,Active Listening|Adobe Acrobat|Adobe Photoshop|Critical Thinking|IBM SPSS Statistics|Learning Strategies|Microsoft Office software|Microsoft PowerPoint|Microsoft Visio|Reading Comprehension|Science|Speaking|Writing
1001,Laboratory Technician,20,8,8,12,40.0,Active Learning|Active Listening|Billing software|Critical Thinking|Database software|Microsoft Excel|Microsoft Office software|Microsoft Outlook|Microsoft PowerPoint|Microsoft Word|Science|Writing,Commercial plate reader software|Data entry software|Google Docs|MEDITECH software|Monitoring|Reading Comprehension|SAP software|Speaking
1002,Laboratory Technician,20,10,10,10,50.0,Active Learning|Billing software|Critical Thinking|Database software|Google Docs|Microsoft Excel|Microsoft Office software|Reading Comprehension|SAP software|Science,Active Listening|Commercial plate reader software|Data entry software|MEDITECH software|Microsoft Outlook|Microsoft PowerPoint|Microsoft Word|Monitoring|Speaking|Writing
1003,Sales Executive,19,9,9,10,47.37,Adobe Photoshop|Apple macOS|Critical Thinking|Microsoft Office software|Microsoft Outlook|Microsoft PowerPoint|Monitoring|Reading Comprehension|Salesforce software|Speaking,Active Learning|Active Listening|Adobe Acrobat|Adobe Creative Cloud software|Adobe Illustrator|Adobe InDesign|Autodesk AutoCAD|Microsoft Excel|Writing
1004,Research Scientist,22,10,10,12,45.45,Active Learning|Active Listening|Amazon Web Services AWS software|Apache Hadoop|C|GitHub|Go|Learning Strategies|Mathematics|Monitoring|Science|Speaking,Ansible software|Apache Kafka|Apache Spark|Bash|C++|Critical Thinking|Docker|Git|Reading Comprehension|Writing
1005,Manufacturing Director,20,12,12,8,60.0,Active Listening|Adobe Acrobat|Adobe Photoshop|Apache Hadoop|Critical Thinking|Microsoft Office software|Microsoft PowerPoint|Reading Comprehension,Active Learning|Adobe Creative Cloud software|Amazon Web Services AWS software|Apple macOS|Atlassian Confluence|Atlassian JIRA|Autodesk AutoCAD|Learning Strategies|Microsoft Excel|Monitoring|Speaking|Writing
1006,Research Scientist,22,9,9,13,40.91,Active Learning|Amazon Web Services AWS software|Ansible software|Apache Hadoop|Apache Kafka|Apache Spark|Bash|C|C++|Git|GitHub|Mathematics|Reading Comprehension,Active Listening|Critical Thinking|Docker|Go|Learning Strategies|Monitoring|Science|Speaking|Writing
1007,Manufacturing Director,20,10,10,10,50.0,Adobe Acrobat|Adobe Creative Cloud software|Adobe Photoshop|Apple macOS|Atlassian Confluence|Autodesk AutoCAD|Learning Strategies|Microsoft PowerPoint|Reading Comprehension|Speaking,Active Learning|Active Listening|Amazon Web Services AWS software|Apache Hadoop|Atlassian JIRA|Critical Thinking|Microsoft Excel|Microsoft Office software|Monitoring|Writing
1009,Manufacturing Director,20,9,9,11,45.0,Active Learning|Adobe Acrobat|Adobe Creative Cloud software|Amazon Web Services AWS software|Atlassian Confluence|Atlassian JIRA|Autodesk AutoCAD|Learning Strategies|Microsoft Office software|Microsoft PowerPoint|Writing,Active Listening|Adobe Photoshop|Apache Hadoop|Apple macOS|Critical Thinking|Microsoft Excel|Monitoring|Reading Comprehension|Speaking
1010,Laboratory Technician,20,9,9,11,45.0,Active Learning|Active Listening|Commercial plate reader software|Critical Thinking|MEDITECH software|Microsoft Excel|Microsoft Office software|Microsoft Outlook|Microsoft PowerPoint|Microsoft Word|Writing,Billing software|Data entry software|Database software|Google Docs|Monitoring|Reading Comprehension|SAP software|Science|Speaking
1011,Manufacturing Director,20,8,8,12,40.0,Active Learning|Active Listening|Adobe Creative Cloud software|Amazon Web Services AWS software|Apache Hadoop|Apple macOS|Critical Thinking|Microsoft Excel|Microsoft PowerPoint|Reading Comprehension|Speaking|Writing,Adobe Acrobat|Adobe Photoshop|Atlassian Confluence|Atlassian JIRA|Autodesk AutoCAD|Learning Strategies|Microsoft Office software|Monitoring
1012,Research Scientist,22,8,8,14,36.36,Active Listening|Ansible software|Apache Hadoop|Apache Spark|Bash|Critical Thinking|Docker|Git|GitHub|Go|Learning Strategies|Mathematics|Monitoring|Writing,Active Learning|Amazon Web Services AWS software|Apache Kafka|C|C++|Reading Comprehension|Science|Speaking
1013,Manufacturing Director,20,12,12,8,60.0,Active Learning|Amazon Web Services AWS software|Atlassian JIRA|Autodesk AutoCAD|Critical Thinking|Microsoft Excel|Microsoft Office software|Reading Comprehension,Active Listening|Adobe Acrobat|Adobe Creative Cloud software|Adobe Photoshop|Apache Hadoop|Apple macOS|Atlassian Confluence|Learning Strategies|Microsoft PowerPoint|Monitoring|Speaking|Writing
1014,Healthcare Representative,19,11,11,8,57.89,Active Listening|Critical Thinking|Google Analytics|Google Workspace software|IBM SPSS Statistics|Reading Comprehension|Salesforce software|Writing,Active Learning|Amazon Web Services AWS software|Apache Hadoop|HubSpot software|Intuit QuickBooks|Linux|Microsoft Excel|Microsoft Office software|Microsoft Outlook|Monitoring|Speaking
1015,Research Director,22,11,11,11,50.0,Active Listening|Adobe Photoshop|ESRI ArcGIS software|Learning Strategies|Microsoft Excel|Microsoft Outlook|Microsoft PowerPoint|Microsoft Project|Microsoft SharePoint|Speaking|Writing,Active Learning|Adobe Acrobat|Critical Thinking|IBM SPSS Statistics|Mathematics|Microsoft Access|Microsoft Office software|Microsoft Visio|Monitoring|Reading Comprehension|Science
1016,Research Scientist,22,9,9,13,40.91,Active Learning|Active Listening|Amazon Web Services AWS software|Ansible software|Apache Hadoop|Apache Kafka|Apache Spark|C|GitHub|Go|Learning Strategies|Science|Writing,Bash|C++|Critical Thinking|Docker|Git|Mathematics|Monitoring|Reading Comprehension|Speaking
1017,Laboratory Technician,20,8,8,12,40.0,Billing software|Commercial plate reader software|Critical Thinking|Database software|Microsoft Excel|Microsoft Office software|Microsoft Outlook|Microsoft PowerPoint|Microsoft Word|SAP software|Science|Writing,Active Learning|Active Listening|Data entry software|Google Docs|MEDITECH software|Monitoring|Reading Comprehension|Speaking
1018,Manufacturing Director,20,9,9,11,45.0,Active Learning|Adobe Acrobat|Adobe Creative Cloud software|Amazon Web Services AWS software|Apache Hadoop|Atlassian Confluence|Atlassian JIRA|Autodesk AutoCAD|Microsoft Excel|Microsoft PowerPoint|Speaking,Active Listening|Adobe Photoshop|Apple macOS|Critical Thinking|Learning Strategies|Microsoft Office software|Monitoring|Reading Comprehension|Writing
1019,Laboratory Technician,20,8,8,12,40.0,Active Learning|Billing software|Database software|MEDITECH software|Microsoft Office software|Microsoft PowerPoint|Microsoft Word|Monitoring|Reading Comprehension|SAP software|Speaking|Writing,Active Listening|Commercial plate reader software|Critical Thinking|Data entry software|Google Docs|Microsoft Excel|Microsoft Outlook|Science
1022,Healthcare Representative,19,11,11,8,57.89,Google Workspace software|HubSpot software|IBM SPSS Statistics|Microsoft Office software|Microsoft Outlook|Reading Comprehension|Salesforce software|Speaking,Active Learning|Active Listening|Amazon Web Services AWS software|Apache Hadoop|Critical Thinking|Google Analytics|Intuit QuickBooks|Linux|Microsoft Excel|Monitoring|Writing
1024,Healthcare Representative,19,13,13,6,68.42,Active Learning|Active Listening|Amazon Web Services AWS software|Microsoft Excel|Microsoft Outlook|Monitoring,Apache Hadoop|Critical Thinking|Google Analytics|Google Workspace software|HubSpot software|IBM SPSS Statistics|Intuit QuickBooks|Linux|Microsoft Office software|Reading Comprehension|Salesforce software|Speaking|Writing
1025,Manufacturing Director,20,9,9,11,45.0,Active Listening|Adobe Acrobat|Adobe Photoshop|Amazon Web Services AWS software|Apache Hadoop|Atlassian Confluence|Autodesk AutoCAD|Critical Thinking|Learning Strategies|Speaking|Writing,Active Learning|Adobe Creative Cloud software|Apple macOS|Atlassian JIRA|Microsoft Excel|Microsoft Office software|Microsoft PowerPoint|Monitoring|Reading Comprehension
1026,Manufacturing Director,20,12,12,8,60.0,Active Learning|Active Listening|Adobe Creative Cloud software|Amazon Web Services AWS software|Apple macOS|Microsoft Office software|Microsoft PowerPoint|Writing,Adobe Acrobat|Adobe Photoshop|Apache Hadoop|Atlassian Confluence|Atlassian JIRA|Autodesk AutoCAD|Critical Thinking|Learning Strategies|Microsoft Excel|Monitoring|Reading Comprehension|Speaking
1027,Manufacturing Director,20,8,8,12,40.0,Active Learning|Adobe Creative Cloud software|Adobe Photoshop|Amazon Web Services AWS software|Atlassian JIRA|Autodesk AutoCAD|Learning Strategies|Microsoft Office software|Microsoft PowerPoint|Monitoring|Reading Comprehension|Speaking,Active Listening|Adobe Acrobat|Apache Hadoop|Apple macOS|Atlassian Confluence|Critical Thinking|Microsoft Excel|Writing
1028,Laboratory Technician,20,8,8,12,40.0,Active Learning|Active Listening|Billing software|Commercial plate reader software|Critical Thinking|Database software|Microsoft Excel|Microsoft Office software|Microsoft Outlook|Microsoft Word|Monitoring|Science,Data entry software|Google Docs|MEDITECH software|Microsoft PowerPoint|Reading Comprehension|SAP software|Speaking|Writing
1029,Manager,20,12,12,8,60.0,Active Learning|Adobe Acrobat|Adobe Photoshop|Atlassian Confluence|Critical Thinking|Learning Strategies|Microsoft Excel|Writing,Active Listening|Adobe Creative Cloud software|Amazon Web Services AWS software|Apache Hadoop|Apple macOS|Atlassian JIRA|Autodesk AutoCAD|Microsoft Office software|Microsoft PowerPoint|Monitoring|Reading Comprehension|Speaking
1030,Laboratory Technician,20,9,9,11,45.0,Active Learning|Commercial plate reader software|Critical Thinking|Database software|Google Docs|MEDITECH software|Microsoft Office software|Microsoft PowerPoint|Microsoft Word|Science|Writing,Active Listening|Billing software|Data entry software|Microsoft Excel|Microsoft Outlook|Monitoring|Reading Comprehension|SAP software|Speaking
1032,Manufacturing Director,20,14,14,6,70.0,Apache Hadoop|Atlassian Confluence|Autodesk AutoCAD|Reading Comprehension|Speaking|Writing,Active Learning|Active Listening|Adobe Acrobat|Adobe Creative Cloud software|Adobe Photoshop|Amazon Web Services AWS software|Apple macOS|Atlassian JIRA|Critical Thinking|Learning Strategies|Microsoft Excel|Microsoft Office software|Microsoft PowerPoint|Monitoring
1033,Healthcare Representative,19,10,10,9,52.63,Active Learning|Google Workspace software|HubSpot software|IBM SPSS Statistics|Microsoft Excel|Reading Comprehension|Salesforce software|Speaking|Writing,Active Listening|Amazon Web Services AWS software|Apache Hadoop|Critical Thinking|Google Analytics|Intuit QuickBooks|Linux|Microsoft Office software|Microsoft Outlook|Monitoring
1034,Healthcare Representative,19,11,11,8,57.89,Active Learning|Apache Hadoop|Google Workspace software|IBM SPSS Statistics|Linux|Monitoring|Speaking|Writing,Active Listening|Amazon Web Services AWS software|Critical Thinking|Google Analytics|HubSpot software|Intuit QuickBooks|Microsoft Excel|Microsoft Office software|Microsoft Outlook|Reading Comprehension|Salesforce software
1035,Research Director,22,13,13,9,59.09,IBM SPSS Statistics|Learning Strategies|Mathematics|Microsoft Access|Microsoft Outlook|Microsoft PowerPoint|Microsoft SharePoint|Reading Comprehension|Writing,Active Learning|Active Listening|Adobe Acrobat|Adobe Photoshop|Critical Thinking|ESRI ArcGIS software|Microsoft Excel|Microsoft Office software|Microsoft Project|Microsoft Visio|Monitoring|Science|Speaking
1036,Sales Executive,19,11,11,8,57.89,Active Learning|Adobe InDesign|Adobe Photoshop|Autodesk AutoCAD|Microsoft Office software|Microsoft Outlook|Microsoft PowerPoint|Writing,Active Listening|Adobe Acrobat|Adobe Creative Cloud software|Adobe Illustrator|Apple macOS|Critical Thinking|Microsoft Excel|Monitoring|Reading Comprehension|Salesforce software|Speaking
1037,Sales Executive,19,9,9,10,47.37,Adobe Acrobat|Adobe Photoshop|Autodesk AutoCAD|Critical Thinking|Microsoft Office software|Microsoft PowerPoint|Monitoring|Reading Comprehension|Salesforce software|Speaking,Active Learning|Active Listening|Adobe Creative Cloud software|Adobe Illustrator|Adobe InDesign|Apple macOS|Microsoft Excel|Microsoft Outlook|Writing
1038,Manager,20,15,15,5,75.0,Adobe Creative Cloud software|Adobe Photoshop|Autodesk AutoCAD|Microsoft Office software|Reading Comprehension,Active Learning|Active Listening|Adobe Acrobat|Amazon Web Services AWS software|Apache Hadoop|Apple macOS|Atlassian Confluence|Atlassian JIRA|Critical Thinking|Learning Strategies|Microsoft Excel|Microsoft PowerPoint|Monitoring|Speaking|Writing
1039,Sales Executive,19,12,12,7,63.16,Active Listening|Adobe Acrobat|Adobe Illustrator|Critical Thinking|Microsoft Office software|Monitoring|Reading Comprehension,Active Learning|Adobe Creative Cloud software|Adobe InDesign|Adobe Photoshop|Apple macOS|Autodesk AutoCAD|Microsoft Excel|Microsoft Outlook|Microsoft PowerPoint|Salesforce software|Speaking|Writing
1040,Sales Executive,19,11,11,8,57.89,Active Learning|Adobe Acrobat|Adobe Creative Cloud software|Autodesk AutoCAD|Microsoft Office software|Microsoft Outlook|Microsoft PowerPoint|Speaking,Active Listening|Adobe Illustrator|Adobe InDesign|Adobe Photoshop|Apple macOS|Critical Thinking|Microsoft Excel|Monitoring|Reading Comprehension|Salesforce software|Writing
1042,Laboratory Technician,20,12,12,8,60.0,Active Learning|Critical Thinking|MEDITECH software|Microsoft Office software|Microsoft Outlook|Reading Comprehension|Science|Writing,Active Listening|Billing software|Commercial plate reader software|Data entry software|Database software|Google Docs|Microsoft Excel|Microsoft PowerPoint|Microsoft Word|Monitoring|SAP software|Speaking
1043,Manufacturing Director,20,12,12,8,60.0,Adobe Acrobat|Adobe Photoshop|Apache Hadoop|Atlassian JIRA|Critical Thinking|Learning Strategies|Microsoft Excel|Monitoring,Active Learning|Active Listening|Adobe Creative Cloud software|Amazon Web Services AWS software|Apple macOS|Atlassian Confluence|Autodesk AutoCAD|Microsoft Office software|Microsoft PowerPoint|Reading Comprehension|Speaking|Writing
1044,Sales Representative,19,8,8,11,42.11,Active Listening|Adobe Creative Cloud software|Adobe Illustrator|Adobe Photoshop|Apple macOS|Critical Thinking|Microsoft Excel|Microsoft Office software|Monitoring|Reading Comprehension|Speaking,Active Learning|Adobe Acrobat|Adobe InDesign|Autodesk AutoCAD|Microsoft Outlook|Microsoft PowerPoint|Salesforce software|Writing
1045,Manager,20,13,13,7,65.0,Active Listening|Apache Hadoop|Apple macOS|Microsoft Excel|Microsoft PowerPoint|Monitoring|Writing,Active Learning|Adobe Acrobat|Adobe Creative Cloud software|Adobe Photoshop|Amazon Web Services AWS software|Atlassian Confluence|Atlassian JIRA|Autodesk AutoCAD|Critical Thinking|Learning Strategies|Microsoft Office software|Reading Comprehension|Speaking
1046,Laboratory Technician,20,10,10,10,50.0,Active Learning|Active Listening|Database software|MEDITECH software|Microsoft Excel|Microsoft Office software|Microsoft Word|Monitoring|Reading Comprehension|Speaking,Billing software|Commercial plate reader software|Critical Thinking|Data entry software|Google Docs|Microsoft Outlook|Microsoft PowerPoint|SAP software|Science|Writing
1047,Sales Executive,19,11,11,8,57.89,Adobe Creative Cloud software|Adobe InDesign|Apple macOS|Critical Thinking|Microsoft Office software|Microsoft Outlook|Monitoring|Speaking,Active Learning|Active Listening|Adobe Acrobat|Adobe Illustrator|Adobe Photoshop|Autodesk AutoCAD|Microsoft Excel|Microsoft PowerPoint|Reading Comprehension|Salesforce software|Writing
1048,Manager,20,11,11,9,55.0,Active Learning|Atlassian Confluence|Atlassian JIRA|Learning Strategies|Microsoft Excel|Microsoft PowerPoint|Reading Comprehension|Speaking|Writing,Active Listening|Adobe Acrobat|Adobe Creative Cloud software|Adobe Photoshop|Amazon Web Services AWS software|Apache Hadoop|Apple macOS|Autodesk AutoCAD|Critical Thinking|Microsoft Office software|Monitoring
1049,Human Resources,20,9,9,11,45.0,Active Learning|Adobe Creative Cloud software|Adobe Illustrator|Critical Thinking|Learning Strategies|Monitoring|Oracle HRIS|Reading Comprehension|Speaking|Workday software|Writing,Active Listening|Adobe Acrobat|Adobe InDesign|Adobe Photoshop|Applicant tracking software|Microsoft Excel|Microsoft Office software|Microsoft Outlook|Microsoft PowerPoint
1050,Sales Executive,19,14,14,5,73.68,Active Learning|Adobe Illustrator|Autodesk AutoCAD|Microsoft PowerPoint|Speaking,Active Listening|Adobe Acrobat|Adobe Creative Cloud software|Adobe InDesign|Adobe Photoshop|Apple macOS|Critical Thinking|Microsoft Excel|Microsoft Office software|Microsoft Outlook|Monitoring|Reading Comprehension|Salesforce software|Writing
1052,Laboratory Technician,20,10,10,10,50.0,Billing software|Data entry software|Google Docs|Microsoft Office software|Microsoft Outlook|Microsoft PowerPoint|Reading Comprehension|Science|Speaking|Writing,Active Learning|Active Listening|Commercial plate reader software|Critical Thinking|Database software|MEDITECH software|Microsoft Excel|Microsoft Word|Monitoring|SAP software
1053,Research Scientist,22,10,10,12,45.45,Active Listening|Amazon Web Services AWS software|Ansible software|C|C++|Docker|Git|GitHub|Learning Strategies|Mathematics|Reading Comprehension|Writing,Active Learning|Apache Hadoop|Apache Kafka|Apache Spark|Bash|Critical Thinking|Go|Monitoring|Science|Speaking
1055,Sales Representative,19,7,7,12,36.84,Active Learning|Active Listening|Adobe Acrobat|Adobe Illustrator|Adobe InDesign|Apple macOS|Autodesk AutoCAD|Critical Thinking|Microsoft PowerPoint|Monitoring|Salesforce software|Writing,Adobe Creative Cloud software|Adobe Photoshop|Microsoft Excel|Microsoft Office software|Microsoft Outlook|Reading Comprehension|Speaking
1056,Sales Representative,19,7,7,12,36.84,Active Listening|Adobe Acrobat|Adobe Illustrator|Autodesk AutoCAD|Critical Thinking|Microsoft Excel|Microsoft PowerPoint|Monitoring|Reading Comprehension|Salesforce software|Speaking|Writing,Active Learning|Adobe Creative Cloud software|Adobe InDesign|Adobe Photoshop|Apple macOS|Microsoft Office software|Microsoft Outlook
1060,Research Scientist,22,10,10,12,45.45,Active Learning|Active Listening|Amazon Web Services AWS software|Apache Spark|Bash|Critical Thinking|Docker|Go|Learning Strategies|Monitoring|Reading Comprehension|Writing,Ansible software|Apache Hadoop|Apache Kafka|C|C++|Git|GitHub|Mathematics|Science|Speaking
1061,Research Director,22,15,15,7,68.18,Active Learning|Active Listening|Microsoft Excel|Microsoft Office software|Monitoring|Reading Comprehension|Speaking,Adobe Acrobat|Adobe Photoshop|Critical Thinking|ESRI ArcGIS software|IBM SPSS Statistics|Learning Strategies|Mathematics|Microsoft Access|Microsoft Outlook|Microsoft PowerPoint|Microsoft Project|Microsoft SharePoint|Microsoft Visio|Science|Writing
1062,Healthcare Representative,19,9,9,10,47.37,Amazon Web Services AWS software|Apache Hadoop|Google Workspace software|HubSpot software|IBM SPSS Statistics|Intuit QuickBooks|Linux|Microsoft Excel|Reading Comprehension|Writing,Active Learning|Active Listening|Critical Thinking|Google Analytics|Microsoft Office software|Microsoft Outlook|Monitoring|Salesforce software|Speaking
1066,Sales Executive,19,9,9,10,47.37,Active Listening|Adobe Creative Cloud software|Adobe InDesign|Autodesk AutoCAD|Critical Thinking|Microsoft Office software|Microsoft PowerPoint|Monitoring|Reading Comprehension|Speaking,Active Learning|Adobe Acrobat|Adobe Illustrator|Adobe Photoshop|Apple macOS|Microsoft Excel|Microsoft Outlook|Salesforce software|Writing
1068,Research Scientist,22,10,10,12,45.45,Active Learning|Active Listening|Amazon Web Services AWS software|Ansible software|Apache Kafka|Apache Spark|C++|Docker|Learning Strategies|Mathematics|Science|Speaking,Apache Hadoop|Bash|C|Critical Thinking|Git|GitHub|Go|Monitoring|Reading Comprehension|Writing
1069,Research Director,22,14,14,8,63.64,Active Learning|Adobe Acrobat|Microsoft Excel|Microsoft Outlook|Microsoft PowerPoint|Microsoft SharePoint|Reading Comprehension|Speaking,Active Listening|Adobe Photoshop|Critical Thinking|ESRI ArcGIS software|IBM SPSS Statistics|Learning Strategies|Mathematics|Microsoft Access|Microsoft Office software|Microsoft Project|Microsoft Visio|Monitoring|Science|Writing
1070,Sales Executive,19,10,10,9,52.63,Adobe Acrobat|Adobe Illustrator|Adobe Photoshop|Apple macOS|Critical Thinking|Microsoft Excel|Microsoft PowerPoint|Reading Comprehension|Speaking,Active Learning|Active Listening|Adobe Creative Cloud software|Adobe InDesign|Autodesk AutoCAD|Microsoft Office software|Microsoft Outlook|Monitoring|Salesforce software|Writing
1071,Research Scientist,22,13,13,9,59.09,Active Learning|Amazon Web Services AWS software|Ansible software|Apache Kafka|Bash|C++|Docker|Git|Mathematics,Active Listening|Apache Hadoop|Apache Spark|C|Critical Thinking|GitHub|Go|Learning Strategies|Monitoring|Reading Comprehension|Science|Speaking|Writing
1073,Manufacturing Director,20,11,11,9,55.0,Active Learning|Adobe Creative Cloud software|Apple macOS|Autodesk AutoCAD|Microsoft Office software|Monitoring|Reading Comprehension|Speaking|Writing,Active Listening|Adobe Acrobat|Adobe Photoshop|Amazon Web Services AWS software|Apache Hadoop|Atlassian Confluence|Atlassian JIRA|Critical Thinking|Learning Strategies|Microsoft Excel|Microsoft PowerPoint
1074,Manager,20,14,14,6,70.0,Active Learning|Amazon Web Services AWS software|Atlassian Confluence|Learning Strategies|Monitoring|Speaking,Active Listening|Adobe Acrobat|Adobe Creative Cloud software|Adobe Photoshop|Apache Hadoop|Apple macOS|Atlassian JIRA|Autodesk AutoCAD|Critical Thinking|Microsoft Excel|Microsoft Office software|Microsoft PowerPoint|Reading Comprehension|Writing
1076,Sales Executive,19,11,11,8,57.89,Adobe Acrobat|Adobe Creative Cloud software|Adobe InDesign|Autodesk AutoCAD|Critical Thinking|Monitoring|Reading Comprehension|Speaking,Active Learning|Active Listening|Adobe Illustrator|Adobe Photoshop|Apple macOS|Microsoft Excel|Microsoft Office software|Microsoft Outlook|Microsoft PowerPoint|Salesforce software|Writing
1077,Sales Representative,19,8,8,11,42.11,Adobe Acrobat|Adobe Creative Cloud software|Adobe Illustrator|Adobe InDesign|Critical Thinking|Microsoft Office software|Microsoft PowerPoint|Monitoring|Salesforce software|Speaking|Writing,Active Learning|Active Listening|Adobe Photoshop|Apple macOS|Autodesk AutoCAD|Microsoft Excel|Microsoft Outlook|Reading Comprehension
1079,Laboratory Technician,20,8,8,12,40.0,Active Learning|Billing software|Commercial plate reader software|Critical Thinking|MEDITECH software|Microsoft Outlook|Microsoft PowerPoint|Reading Comprehension|SAP software|Science|Speaking|Writing,Active Listening|Data entry software|Database software|Google Docs|Microsoft Excel|Microsoft Office software|Microsoft Word|Monitoring
1080,Research Scientist,22,13,13,9,59.09,Active Learning|Apache Hadoop|C|C++|Docker|Go|Monitoring|Reading Comprehension|Science,Active Listening|Amazon Web Services AWS software|Ansible software|Apache Kafka|Apache Spark|Bash|Critical Thinking|Git|GitHub|Learning Strategies|Mathematics|Speaking|Writing
1081,Research Scientist,22,13,13,9,59.09,Amazon Web Services AWS software|Ansible software|Apache Kafka|Apache Spark|Critical Thinking|GitHub|Go|Science|Speaking,Active Learning|Active Listening|Apache Hadoop|Bash|C|C++|Docker|Git|Learning Strategies|Mathematics|Monitoring|Reading Comprehension|Writing
1082,Healthcare Representative,19,9,9,10,47.37,Active Learning|Critical Thinking|Google Analytics|Google Workspace software|Microsoft Excel|Microsoft Office software|Microsoft Outlook|Monitoring|Reading Comprehension|Salesforce software,Active Listening|Amazon Web Services AWS software|Apache Hadoop|HubSpot software|IBM SPSS Statistics|Intuit QuickBooks|Linux|Speaking|Writing
1083,Laboratory Technician,20,9,9,11,45.0,Active Learning|Active Listening|Critical Thinking|Data entry software|Database software|Microsoft Excel|Microsoft Outlook|Microsoft Word|Monitoring|Reading Comprehension|Writing,Billing software|Commercial plate reader software|Google Docs|MEDITECH software|Microsoft Office software|Microsoft PowerPoint|SAP software|Science|Speaking
1084,Manufacturing Director,20,9,9,11,45.0,Active Learning|Active Listening|Adobe Acrobat|Adobe Creative Cloud software|Adobe Photoshop|Amazon Web Services AWS software|Apache Hadoop|Atlassian JIRA|Learning Strategies|Microsoft PowerPoint|Speaking,Apple macOS|Atlassian Confluence|Autodesk AutoCAD|Critical Thinking|Microsoft Excel|Microsoft Office software|Monitoring|Reading Comprehension|Writing
1085,Research Scientist,22,11,11,11,50.0,Active Learning|Active Listening|Amazon Web Services AWS software|Apache Kafka|Apache Spark|C|Critical Thinking|GitHub|Go|Monitoring|Writing,Ansible software|Apache Hadoop|Bash|C++|Docker|Git|Learning Strategies|Mathematics|Reading Comprehension|Science|Speaking
1088,Healthcare Representative,19,11,11,8,57.89,Active Listening|Google Workspace software|IBM SPSS Statistics|Microsoft Excel|Microsoft Office software|Salesforce software|Speaking|Writing,Active Learning|Amazon Web Services AWS software|Apache Hadoop|Critical Thinking|Google Analytics|HubSpot software|Intuit QuickBooks|Linux|Microsoft Outlook|Monitoring|Reading Comprehension
1092,Healthcare Representative,19,10,10,9,52.63,Apache Hadoop|Critical Thinking|Google Workspace software|IBM SPSS Statistics|Intuit QuickBooks|Microsoft Office software|Monitoring|Reading Comprehension|Speaking,Active Learning|Active Listening|Amazon Web Services AWS software|Google Analytics|HubSpot software|Linux|Microsoft Excel|Microsoft Outlook|Salesforce software|Writing
1094,Laboratory Technician,20,8,8,12,40.0,Active Learning|Billing software|Commercial plate reader software|Microsoft Excel|Microsoft Outlook|Microsoft PowerPoint|Monitoring|Reading Comprehension|SAP software|Science|Speaking|Writing,Active Listening|Critical Thinking|Data entry software|Database software|Google Docs|MEDITECH software|Microsoft Office software|Microsoft Word
1096,Manufacturing Director,20,13,13,7,65.0,Active Learning|Active Listening|Adobe Creative Cloud software|Amazon Web Services AWS software|Apple macOS|Microsoft Excel|Reading Comprehension,Adobe Acrobat|Adobe Photoshop|Apache Hadoop|Atlassian Confluence|Atlassian JIRA|Autodesk AutoCAD|Critical Thinking|Learning Strategies|Microsoft Office software|Microsoft PowerPoint|Monitoring|Speaking|Writing
1097,Research Scientist,22,11,11,11,50.0,Ansible software|Apache Hadoop|Apache Kafka|C|C++|Docker|Git|Learning Strategies|Monitoring|Reading Comprehension|Science,Active Learning|Active Listening|Amazon Web Services AWS software|Apache Spark|Bash|Critical Thinking|GitHub|Go|Mathematics|Speaking|Writing
1098,Human Resources,20,13,13,7,65.0,Active Learning|Adobe Acrobat|Microsoft Outlook|Monitoring|Reading Comprehension|Speaking|Workday software,Active Listening|Adobe Creative Cloud software|Adobe Illustrator|Adobe InDesign|Adobe Photoshop|Applicant tracking software|Critical Thinking|Learning Strategies|Microsoft Excel|Microsoft Office software|Microsoft PowerPoint|Oracle HRIS|Writing
1099,Healthcare Representative,19,9,9,10,47.37,Active Learning|Google Analytics|HubSpot software|IBM SPSS Statistics|Intuit QuickBooks|Linux|Microsoft Office software|Monitoring|Salesforce software|Writing,Active Listening|Amazon Web Services AWS software|Apache Hadoop|Critical Thinking|Google Workspace software|Microsoft Excel|Microsoft Outlook|Reading Comprehension|Speaking
1100,Sales Executive,19,9,9,10,47.37,Active Learning|Active Listening|Adobe Creative Cloud software|Adobe Illustrator|Adobe InDesign|Autodesk AutoCAD|Critical Thinking|Microsoft Excel|Reading Comprehension|Salesforce software,Adobe Acrobat|Adobe Photoshop|Apple macOS|Microsoft Office software|Microsoft Outlook|Microsoft PowerPoint|Monitoring|Speaking|Writing
1101,Research Scientist,22,12,12,10,54.55,Active Listening|Apache Kafka|Apache Spark|Bash|C|Docker|Git|Learning Strategies|Mathematics|Science,Active Learning|Amazon Web Services AWS software|Ansible software|Apache Hadoop|C++|Critical Thinking|GitHub|Go|Monitoring|Reading Comprehension|Speaking|Writing
1102,Laboratory Technician,20,8,8,12,40.0,Active Learning|Active Listening|Database software|Google Docs|MEDITECH software|Microsoft Office software|Microsoft Outlook|Microsoft PowerPoint|Microsoft Word|Monitoring|Science|Speaking,Billing software|Commercial plate reader software|Critical Thinking|Data entry software|Microsoft Excel|Reading Comprehension|SAP software|Writing
1103,Healthcare Representative,19,9,9,10,47.37,Active Listening|Apache Hadoop|Google Analytics|Google Workspace software|Intuit QuickBooks|Linux|Microsoft Excel|Microsoft Office software|Reading Comprehension|Speaking,Active Learning|Amazon Web Services AWS software|Critical Thinking|HubSpot software|IBM SPSS Statistics|Microsoft Outlook|Monitoring|Salesforce software|Writing
1105,Sales Executive,19,9,9,10,47.37,Active Learning|Active Listening|Adobe Acrobat|Adobe Creative Cloud software|Apple macOS|Autodesk AutoCAD|Microsoft Excel|Monitoring|Speaking|Writing,Adobe Illustrator|Adobe InDesign|Adobe Photoshop|Critical Thinking|Microsoft Office software|Microsoft Outlook|Microsoft PowerPoint|Reading Comprehension|Salesforce software
1106,Laboratory Technician,20,9,9,11,45.0,Active Learning|Active Listening|Billing software|Data entry software|Google Docs|Microsoft Office software|Microsoft PowerPoint|Monitoring|Reading Comprehension|SAP software|Speaking,Commercial plate reader software|Critical Thinking|Database software|MEDITECH software|Microsoft Excel|Microsoft Outlook|Microsoft Word|Science|Writing
1107,Laboratory Technician,20,8,8,12,40.0,Active Learning|Active Listening|Billing software|Commercial plate reader software|Microsoft Excel|Microsoft Office software|Microsoft Outlook|Microsoft PowerPoint|Microsoft Word|Reading Comprehension|Speaking|Writing,Critical Thinking|Data entry software|Database software|Google Docs|MEDITECH software|Monitoring|SAP software|Science
1108,Research Scientist,22,10,10,12,45.45,Active Listening|Amazon Web Services AWS software|Ansible software|Apache Hadoop|Critical Thinking|Docker|GitHub|Go|Learning Strategies|Monitoring|Science|Writing,Active Learning|Apache Kafka|Apache Spark|Bash|C|C++|Git|Mathematics|Reading Comprehension|Speaking
1109,Manager,20,13,13,7,65.0,Active Listening|Adobe Creative Cloud software|Amazon Web Services AWS software|Apache Hadoop|Monitoring|Speaking|Writing,Active Learning|Adobe Acrobat|Adobe Photoshop|Apple macOS|Atlassian Confluence|Atlassian JIRA|Autodesk AutoCAD|Critical Thinking|Learning Strategies|Microsoft Excel|Microsoft Office software|Microsoft PowerPoint|Reading Comprehension
1111,Laboratory Technician,20,8,8,12,40.0,Active Learning|Billing software|Commercial plate reader software|Critical Thinking|Database software|Google Docs|MEDITECH software|Microsoft Office software|Microsoft Word|Reading Comprehension|Science|Speaking,Active Listening|Data entry software|Microsoft Excel|Microsoft Outlook|Microsoft PowerPoint|Monitoring|SAP software|Writing
1113,Sales Executive,19,8,8,11,42.11,Active Learning|Adobe Creative Cloud software|Adobe Illustrator|Adobe InDesign|Adobe Photoshop|Critical Thinking|Microsoft Excel|Microsoft Office software|Microsoft PowerPoint|Salesforce software|Writing,Active Listening|Adobe Acrobat|Apple macOS|Autodesk AutoCAD|Microsoft Outlook|Monitoring|Reading Comprehension|Speaking
1114,Sales Executive,19,8,8,11,42.11,Active Learning|Adobe Illustrator|Adobe Photoshop|Apple macOS|Autodesk AutoCAD|Critical Thinking|Microsoft Office software|Microsoft Outlook|Microsoft PowerPoint|Reading Comprehension|Writing,Active Listening|Adobe Acrobat|Adobe Creative Cloud software|Adobe InDesign|Microsoft Excel|Monitoring|Salesforce software|Speaking
1115,Research Scientist,22,10,10,12,45.45,Active Listening|Amazon Web Services AWS software|Ansible software|Apache Kafka|Apache Spark|C|Git|Learning Strategies|Mathematics|Monitoring|Reading Comprehension|Science,Active Learning|Apache Hadoop|Bash|C++|Critical Thinking|Docker|GitHub|Go|Speaking|Writing
1116,Manager,20,14,14,6,70.0,Active Listening|Adobe Acrobat|Apple macOS|Atlassian Confluence|Learning Strategies|Microsoft PowerPoint,Active Learning|Adobe Creative Cloud software|Adobe Photoshop|Amazon Web Services AWS software|Apache Hadoop|Atlassian JIRA|Autodesk AutoCAD|Critical Thinking|Microsoft Excel|Microsoft Office software|Monitoring|Reading Comprehension|Speaking|Writing
1117,Sales Executive,19,10,10,9,52.63,Active Listening|Adobe Creative Cloud software|Adobe Photoshop|Apple macOS|Critical Thinking|Microsoft Excel|Salesforce software|Speaking|Writing,Active Learning|Adobe Acrobat|Adobe Illustrator|Adobe InDesign|Autodesk AutoCAD|Microsoft Office software|Microsoft Outlook|Microsoft PowerPoint|Monitoring|Reading Comprehension
1118,Healthcare Representative,19,11,11,8,57.89,Active Listening|Amazon Web Services AWS software|Critical Thinking|IBM SPSS Statistics|Microsoft Office software|Monitoring|Salesforce software|Writing,Active Learning|Apache Hadoop|Google Analytics|Google Workspace software|HubSpot software|Intuit QuickBooks|Linux|Microsoft Excel|Microsoft Outlook|Reading Comprehension|Speaking
1119,Sales Executive,19,9,9,10,47.37,Active Learning|Adobe Acrobat|Adobe Creative Cloud software|Adobe Illustrator|Autodesk AutoCAD|Microsoft Office software|Microsoft Outlook|Microsoft PowerPoint|Reading Comprehension|Speaking,Active Listening|Adobe InDesign|Adobe Photoshop|Apple macOS|Critical Thinking|Microsoft Excel|Monitoring|Salesforce software|Writing
1120,Research Scientist,22,11,11,11,50.0,Active Learning|Amazon Web Services AWS software|Ansible software|Apache Spark|C|Docker|Git|GitHub|Go|Science|Speaking,Active Listening|Apache Hadoop|Apache Kafka|Bash|C++|Critical Thinking|Learning Strategies|Mathematics|Monitoring|Reading Comprehension|Writing
1121,Manufacturing Director,20,10,10,10,50.0,Adobe Acrobat|Adobe Creative Cloud software|Apache Hadoop|Atlassian Confluence|Atlassian JIRA|Autodesk AutoCAD|Microsoft Excel|Microsoft Office software|Microsoft PowerPoint|Monitoring,Active Learning|Active Listening|Adobe Photoshop|Amazon Web Services AWS software|Apple macOS|Critical Thinking|Learning Strategies|Reading Comprehension|Speaking|Writing
1124,Manager,20,13,13,7,65.0,Adobe Acrobat|Adobe Creative Cloud software|Adobe Photoshop|Apple macOS|Atlassian JIRA|Microsoft Office software|Microsoft PowerPoint,Active Learning|Active Listening|Amazon Web Services AWS software|Apache Hadoop|Atlassian Confluence|Autodesk AutoCAD|Critical Thinking|Learning Strategies|Microsoft Excel|Monitoring|Reading Comprehension|Speaking|Writing
1125,Sales Executive,19,9,9,10,47.37,Active Learning|Adobe Acrobat|Adobe InDesign|Adobe Photoshop|Apple macOS|Autodesk AutoCAD|Microsoft Office software|Reading Comprehension|Salesforce software|Speaking,Active Listening|Adobe Creative Cloud software|Adobe Illustrator|Critical Thinking|Microsoft Excel|Microsoft Outlook|Microsoft PowerPoint|Monitoring|Writing
1126,Manufacturing Director,20,12,12,8,60.0,Adobe Acrobat|Adobe Creative Cloud software|Adobe Photoshop|Apple macOS|Atlassian JIRA|Learning Strategies|Microsoft Office software|Writing,Active Learning|Active Listening|Amazon Web Services AWS software|Apache Hadoop|Atlassian Confluence|Autodesk AutoCAD|Critical Thinking|Microsoft Excel|Microsoft PowerPoint|Monitoring|Reading Comprehension|Speaking
1127,Healthcare Representative,19,12,12,7,63.16,Active Listening|Apache Hadoop|Critical Thinking|Microsoft Excel|Microsoft Outlook|Monitoring|Writing,Active Learning|Amazon Web Services AWS software|Google Analytics|Google Workspace software|HubSpot software|IBM SPSS Statistics|Intuit QuickBooks|Linux|Microsoft Office software|Reading Comprehension|Salesforce software|Speaking
1128,Research Director,22,13,13,9,59.09,ESRI ArcGIS software|IBM SPSS Statistics|Learning Strategies|Microsoft Access|Microsoft Office software|Microsoft Project|Microsoft SharePoint|Microsoft Visio|Reading Comprehension,Active Learning|Active Listening|Adobe Acrobat|Adobe Photoshop|Critical Thinking|Mathematics|Microsoft Excel|Microsoft Outlook|Microsoft PowerPoint|Monitoring|Science|Speaking|Writing
1131,Research Scientist,22,9,9,13,40.91,Active Learning|Active Listening|Apache Spark|Bash|C++|Docker|Git|GitHub|Learning Strategies|Mathematics|Monitoring|Speaking|Writing,Amazon Web Services AWS software|Ansible software|Apache Hadoop|Apache Kafka|C|Critical Thinking|Go|Reading Comprehension|Science
1132,Laboratory Technician,20,10,10,10,50.0,Active Learning|Data entry software|Google Docs|MEDITECH software|Microsoft Excel|Microsoft Outlook|Microsoft Word|Reading Comprehension|SAP software|Writing,Active Listening|Billing software|Commercial plate reader software|Critical Thinking|Database software|Microsoft Office software|Microsoft PowerPoint|Monitoring|Science|Speaking
1133,Manufacturing Director,20,12,12,8,60.0,Adobe Creative Cloud software|Apache Hadoop|Atlassian Confluence|Learning Strategies|Microsoft Excel|Microsoft PowerPoint|Monitoring|Writing,Active Learning|Active Listening|Adobe Acrobat|Adobe Photoshop|Amazon Web Services AWS software|Apple macOS|Atlassian JIRA|Autodesk AutoCAD|Critical Thinking|Microsoft Office software|Reading Comprehension|Speaking
1135,Sales Representative,19,8,8,11,42.11,Active Learning|Active Listening|Adobe Creative Cloud software|Adobe Photoshop|Apple macOS|Autodesk AutoCAD|Critical Thinking|Microsoft Excel|Microsoft Outlook|Salesforce software|Writing,Adobe Acrobat|Adobe Illustrator|Adobe InDesign|Microsoft Office software|Microsoft PowerPoint|Monitoring|Reading Comprehension|Speaking
1136,Research Scientist,22,10,10,12,45.45,Active Listening|Ansible software|Apache Kafka|C|C++|Critical Thinking|GitHub|Go|Monitoring|Reading Comprehension|Science|Speaking,Active Learning|Amazon Web Services AWS software|Apache Hadoop|Apache Spark|Bash|Docker|Git|Learning Strategies|Mathematics|Writing
1137,Sales Executive,19,8,8,11,42.11,Active Learning|Adobe Acrobat|Adobe Illustrator|Adobe Photoshop|Apple macOS|Critical Thinking|Microsoft Office software|Microsoft PowerPoint|Monitoring|Reading Comprehension|Salesforce software,Active Listening|Adobe Creative Cloud software|Adobe InDesign|Autodesk AutoCAD|Microsoft Excel|Microsoft Outlook|Speaking|Writing
1138,Sales Executive,19,12,12,7,63.16,Adobe Creative Cloud software|Adobe Illustrator|Critical Thinking|Monitoring|Reading Comprehension|Salesforce software|Writing,Active Learning|Active Listening|Adobe Acrobat|Adobe InDesign|Adobe Photoshop|Apple macOS|Autodesk AutoCAD|Microsoft Excel|Microsoft Office software|Microsoft Outlook|Microsoft PowerPoint|Speaking
1140,Manufacturing Director,20,9,9,11,45.0,Active Learning|Adobe Acrobat|Adobe Photoshop|Atlassian Confluence|Atlassian JIRA|Autodesk AutoCAD|Learning Strategies|Microsoft Office software|Microsoft PowerPoint|Reading Comprehension|Writing,Active Listening|Adobe Creative Cloud software|Amazon Web Services AWS software|Apache Hadoop|Apple macOS|Critical Thinking|Microsoft Excel|Monitoring|Speaking
1143,Research Scientist,22,10,10,12,45.45,Active Learning|Amazon Web Services AWS software|Ansible software|Apache Hadoop|Apache Kafka|C++|Critical Thinking|Docker|Go|Mathematics|Reading Comprehension|Writing,Active Listening|Apache Spark|Bash|C|Git|GitHub|Learning Strategies|Monitoring|Science|Speaking
1148,Laboratory Technician,20,11,11,9,55.0,Active Learning|MEDITECH software|Microsoft Outlook|Microsoft PowerPoint|Monitoring|Reading Comprehension|SAP software|Speaking|Writing,Active Listening|Billing software|Commercial plate reader software|Critical Thinking|Data entry software|Database software|Google Docs|Microsoft Excel|Microsoft Office software|Microsoft Word|Science
1150,Manufacturing Director,20,10,10,10,50.0,Active Listening|Adobe Creative Cloud software|Adobe Photoshop|Amazon Web Services AWS software|Atlassian Confluence|Autodesk AutoCAD|Learning Strategies|Reading Comprehension|Speaking|Writing,Active Learning|Adobe Acrobat|Apache Hadoop|Apple macOS|Atlassian JIRA|Critical Thinking|Microsoft Excel|Microsoft Office software|Microsoft PowerPoint|Monitoring
1152,Human Resources,20,9,9,11,45.0,Active Learning|Adobe Acrobat|Adobe Creative Cloud software|Adobe InDesign|Adobe Photoshop|Learning Strategies|Microsoft Excel|Microsoft Office software|Microsoft PowerPoint|Oracle HRIS|Workday software,Active Listening|Adobe Illustrator|Applicant tracking software|Critical Thinking|Microsoft Outlook|Monitoring|Reading Comprehension|Speaking|Writing
1154,Research Scientist,22,9,9,13,40.91,Apache Hadoop|Apache Kafka|Apache Spark|C++|Critical Thinking|Git|GitHub|Go|Mathematics|Monitoring|Reading Comprehension|Speaking|Writing,Active Learning|Active Listening|Amazon Web Services AWS software|Ansible software|Bash|C|Docker|Learning Strategies|Science
1156,Laboratory Technician,20,8,8,12,40.0,Active Listening|Billing software|Data entry software|Database software|MEDITECH software|Microsoft Excel|Microsoft Office software|Microsoft Word|Reading Comprehension|Science|Speaking|Writing,Active Learning|Commercial plate reader software|Critical Thinking|Google Docs|Microsoft Outlook|Microsoft PowerPoint|Monitoring|SAP software
1157,Sales Executive,19,8,8,11,42.11,Active Learning|Adobe Acrobat|Adobe Illustrator|Adobe InDesign|Apple macOS|Autodesk AutoCAD|Microsoft Office software|Microsoft Outlook|Microsoft PowerPoint|Reading Comprehension|Salesforce software,Active Listening|Adobe Creative Cloud software|Adobe Photoshop|Critical Thinking|Microsoft Excel|Monitoring|Speaking|Writing
1158,Laboratory Technician,20,9,9,11,45.0,Active Listening|Billing software|Commercial plate reader software|Critical Thinking|Data entry software|Database software|Microsoft Excel|Microsoft Outlook|Microsoft PowerPoint|Microsoft Word|SAP software,Active Learning|Google Docs|MEDITECH software|Microsoft Office software|Monitoring|Reading Comprehension|Science|Speaking|Writing
1160,Laboratory Technician,20,8,8,12,40.0,Critical Thinking|Data entry software|Database software|Google Docs|MEDITECH software|Microsoft Excel|Microsoft Outlook|Microsoft Word|Monitoring|Reading Comprehension|Speaking|Writing,Active Learning|Active Listening|Billing software|Commercial plate reader software|Microsoft Office software|Microsoft PowerPoint|SAP software|Science
1161,Healthcare Representative,19,9,9,10,47.37,Active Listening|Critical Thinking|Google Analytics|Google Workspace software|Intuit QuickBooks|Microsoft Outlook|Reading Comprehension|Salesforce software|Speaking|Writing,Active Learning|Amazon Web Services AWS software|Apache Hadoop|HubSpot software|IBM SPSS Statistics|Linux|Microsoft Excel|Microsoft Office software|Monitoring
1162,Research Scientist,22,9,9,13,40.91,Amazon Web Services AWS software|Apache Spark|Bash|C|Critical Thinking|Docker|Git|Learning Strategies|Mathematics|Reading Comprehension|Science|Speaking|Writing,Active Learning|Active Listening|Ansible software|Apache Hadoop|Apache Kafka|C++|GitHub|Go|Monitoring
1163,Sales Executive,19,8,8,11,42.11,Active Learning|Active Listening|Adobe Photoshop|Apple macOS|Autodesk AutoCAD|Critical Thinking|Microsoft Outlook|Microsoft PowerPoint|Monitoring|Speaking|Writing,Adobe Acrobat|Adobe Creative Cloud software|Adobe Illustrator|Adobe InDesign|Microsoft Excel|Microsoft Office software|Reading Comprehension|Salesforce software
1164,Human Resources,20,9,9,11,45.0,Adobe Creative Cloud software|Adobe InDesign|Adobe Photoshop|Applicant tracking software|Critical Thinking|Learning Strategies|Microsoft PowerPoint|Monitoring|Oracle HRIS|Speaking|Workday software,Active Learning|Active Listening|Adobe Acrobat|Adobe Illustrator|Microsoft Excel|Microsoft Office software|Microsoft Outlook|Reading Comprehension|Writing
1165,Sales Executive,19,9,9,10,47.37,Active Learning|Adobe Acrobat|Adobe Creative Cloud software|Adobe Illustrator|Adobe InDesign|Autodesk AutoCAD|Critical Thinking|Microsoft PowerPoint|Speaking|Writing,Active Listening|Adobe Photoshop|Apple macOS|Microsoft Excel|Microsoft Office software|Microsoft Outlook|Monitoring|Reading Comprehension|Salesforce software
1166,Research Director,22,13,13,9,59.09,Active Listening|Adobe Acrobat|Adobe Photoshop|Mathematics|Microsoft Access|Microsoft Excel|Microsoft Office software|Monitoring|Speaking,Active Learning|Critical Thinking|ESRI ArcGIS software|IBM SPSS Statistics|Learning Strategies|Microsoft Outlook|Microsoft PowerPoint|Microsoft Project|Microsoft SharePoint|Microsoft Visio|Reading Comprehension|Science|Writing
1167,Sales Executive,19,12,12,7,63.16,Active Listening|Adobe Acrobat|Adobe Illustrator|Adobe InDesign|Critical Thinking|Salesforce software|Speaking,Active Learning|Adobe Creative Cloud software|Adobe Photoshop|Apple macOS|Autodesk AutoCAD|Microsoft Excel|Microsoft Office software|Microsoft Outlook|Microsoft PowerPoint|Monitoring|Reading Comprehension|Writing
1171,Sales Executive,19,9,9,10,47.37,Active Learning|Active Listening|Adobe Acrobat|Adobe Creative Cloud software|Apple macOS|Autodesk AutoCAD|Microsoft Excel|Reading Comprehension|Salesforce software|Writing,Adobe Illustrator|Adobe InDesign|Adobe Photoshop|Critical Thinking|Microsoft Office software|Microsoft Outlook|Microsoft PowerPoint|Monitoring|Speaking
1172,Laboratory Technician,20,10,10,10,50.0,Active Listening|Billing software|Commercial plate reader software|Critical Thinking|Data entry software|MEDITECH software|Microsoft Office software|Microsoft Word|Reading Comprehension|Science,Active Learning|Database software|Google Docs|Microsoft Excel|Microsoft Outlook|Microsoft PowerPoint|Monitoring|SAP software|Speaking|Writing
1173,Laboratory Technician,20,9,9,11,45.0,Active Learning|Active Listening|Critical Thinking|Data entry software|Database software|Microsoft Office software|Microsoft PowerPoint|Monitoring|SAP software|Science|Writing,Billing software|Commercial plate reader software|Google Docs|MEDITECH software|Microsoft Excel|Microsoft Outlook|Microsoft Word|Reading Comprehension|Speaking
1175,Laboratory Technician,20,8,8,12,40.0,Commercial plate reader software|Data entry software|Database software|Google Docs|MEDITECH software|Microsoft Office software|Microsoft Outlook|Microsoft PowerPoint|Reading Comprehension|SAP software|Science|Speaking,Active Learning|Active Listening|Billing software|Critical Thinking|Microsoft Excel|Microsoft Word|Monitoring|Writing
1177,Laboratory Technician,20,9,9,11,45.0,Active Listening|Commercial plate reader software|Critical Thinking|Data entry software|Database software|Google Docs|Microsoft Excel|Microsoft Word|Monitoring|SAP software|Science,Active Learning|Billing software|MEDITECH software|Microsoft Office software|Microsoft Outlook|Microsoft PowerPoint|Reading Comprehension|Speaking|Writing
1179,Sales Executive,19,9,9,10,47.37,Adobe Acrobat|Adobe InDesign|Apple macOS|Autodesk AutoCAD|Critical Thinking|Microsoft PowerPoint|Monitoring|Reading Comprehension|Salesforce software|Writing,Active Learning|Active Listening|Adobe Creative Cloud software|Adobe Illustrator|Adobe Photoshop|Microsoft Excel|Microsoft Office software|Microsoft Outlook|Speaking
1180,Research Scientist,22,12,12,10,54.55,Active Learning|Active Listening|Ansible software|Apache Hadoop|C|C++|Git|Monitoring|Science|Writing,Amazon Web Services AWS software|Apache Kafka|Apache Spark|Bash|Critical Thinking|Docker|GitHub|Go|Learning Strategies|Mathematics|Reading Comprehension|Speaking
1182,Manufacturing Director,20,11,11,9,55.0,Amazon Web Services AWS software|Apache Hadoop|Apple macOS|Atlassian Confluence|Autodesk AutoCAD|Microsoft Excel|Microsoft PowerPoint|Monitoring|Writing,Active Learning|Active Listening|Adobe Acrobat|Adobe Creative Cloud software|Adobe Photoshop|Atlassian JIRA|Critical Thinking|Learning Strategies|Microsoft Office software|Reading Comprehension|Speaking
1184,Healthcare Representative,19,10,10,9,52.63,Active Learning|Active Listening|Amazon Web Services AWS software|Critical Thinking|Google Analytics|Linux|Reading Comprehension|Speaking|Writing,Apache Hadoop|Google Workspace software|HubSpot software|IBM SPSS Statistics|Intuit QuickBooks|Microsoft Excel|Microsoft Office software|Microsoft Outlook|Monitoring|Salesforce software
1185,Laboratory Technician,20,8,8,12,40.0,Active Learning|Active Listening|Billing software|Commercial plate reader software|Data entry software|MEDITECH software|Microsoft Office software|Microsoft PowerPoint|Microsoft Word|SAP software|Speaking|Writing,Critical Thinking|Database software|Google Docs|Microsoft Excel|Microsoft Outlook|Monitoring|Reading Comprehension|Science
1188,Sales Executive,19,9,9,10,47.37,Active Learning|Active Listening|Adobe Acrobat|Adobe Creative Cloud software|Adobe Photoshop|Autodesk AutoCAD|Critical Thinking|Microsoft Excel|Reading Comprehension|Salesforce software,Adobe Illustrator|Adobe InDesign|Apple macOS|Microsoft Office software|Microsoft Outlook|Microsoft PowerPoint|Monitoring|Speaking|Writing
1190,Sales Representative,19,7,7,12,36.84,Active Learning|Active Listening|Adobe Creative Cloud software|Adobe Illustrator|Adobe Photoshop|Apple macOS|Microsoft Excel|Microsoft Office software|Microsoft PowerPoint|Monitoring|Salesforce software|Speaking,Adobe Acrobat|Adobe InDesign|Autodesk AutoCAD|Critical Thinking|Microsoft Outlook|Reading Comprehension|Writing
1191,Manager,20,14,14,6,70.0,Adobe Acrobat|Apache Hadoop|Atlassian Confluence|Microsoft Excel|Monitoring|Speaking,Active Learning|Active Listening|Adobe Creative Cloud software|Adobe Photoshop|Amazon Web Services AWS software|Apple macOS|Atlassian JIRA|Autodesk AutoCAD|Critical Thinking|Learning Strategies|Microsoft Office software|Microsoft PowerPoint|Reading Comprehension|Writing
1192,Laboratory Technician,20,10,10,10,50.0,Active Learning|Billing software|Commercial plate reader software|Data entry software|Database software|Microsoft Excel|Microsoft Office software|Microsoft PowerPoint|Monitoring|Science,Active Listening|Critical Thinking|Google Docs|MEDITECH software|Microsoft Outlook|Microsoft Word|Reading Comprehension|SAP software|Speaking|Writing
1193,Research Scientist,22,9,9,13,40.91,Active Learning|Active Listening|Apache Spark|C|Critical Thinking|GitHub|Go|Learning Strategies|Monitoring|Reading Comprehension|Science|Speaking|Writing,Amazon Web Services AWS software|Ansible software|Apache Hadoop|Apache Kafka|Bash|C++|Docker|Git|Mathematics
1195,Research Scientist,22,10,10,12,45.45,Active Listening|Amazon Web Services AWS software|Apache Spark|C++|Git|GitHub|Go|Learning Strategies|Reading Comprehension|Science|Speaking|Writing,Active Learning|Ansible software|Apache Hadoop|Apache Kafka|Bash|C|Critical Thinking|Docker|Mathematics|Monitoring
1196,Manufacturing Director,20,11,11,9,55.0,Adobe Photoshop|Amazon Web Services AWS software|Atlassian Confluence|Autodesk AutoCAD|Microsoft Excel|Microsoft PowerPoint|Monitoring|Speaking|Writing,Active Learning|Active Listening|Adobe Acrobat|Adobe Creative Cloud software|Apache Hadoop|Apple macOS|Atlassian JIRA|Critical Thinking|Learning Strategies|Microsoft Office software|Reading Comprehension
1198,Laboratory Technician,20,8,8,12,40.0,Critical Thinking|Data entry software|Google Docs|Microsoft Excel|Microsoft Office software|Microsoft Outlook|Microsoft PowerPoint|Monitoring|Reading Comprehension|SAP software|Speaking|Writing,Active Learning|Active Listening|Billing software|Commercial plate reader software|Database software|MEDITECH software|Microsoft Word|Science
1200,Research Scientist,22,10,10,12,45.45,Active Learning|Active Listening|Ansible software|Apache Spark|Bash|C|Critical Thinking|GitHub|Go|Learning Strategies|Mathematics|Science,Amazon Web Services AWS software|Apache Hadoop|Apache Kafka|C++|Docker|Git|Monitoring|Reading Comprehension|Speaking|Writing
1201,Manager,20,13,13,7,65.0,Active Learning|Apache Hadoop|Autodesk AutoCAD|Learning Strategies|Microsoft PowerPoint|Monitoring|Speaking,Active Listening|Adobe Acrobat|Adobe Creative Cloud software|Adobe Photoshop|Amazon Web Services AWS software|Apple macOS|Atlassian Confluence|Atlassian JIRA|Critical Thinking|Microsoft Excel|Microsoft Office software|Reading Comprehension|Writing
1202,Research Scientist,22,10,10,12,45.45,Active Learning|Active Listening|Apache Kafka|Apache Spark|C|Critical Thinking|Git|GitHub|Monitoring|Reading Comprehension|Science|Writing,Amazon Web Services AWS software|Ansible software|Apache Hadoop|Bash|C++|Docker|Go|Learning Strategies|Mathematics|Speaking
1203,Research Scientist,22,9,9,13,40.91,Apache Hadoop|Apache Kafka|Apache Spark|Bash|Critical Thinking|Docker|Git|Go|Learning Strategies|Monitoring|Reading Comprehension|Speaking|Writing,Active Learning|Active Listening|Amazon Web Services AWS software|Ansible software|C|C++|GitHub|Mathematics|Science
1204,Manager,20,14,14,6,70.0,Amazon Web Services AWS software|Atlassian Confluence|Atlassian JIRA|Autodesk AutoCAD|Learning Strategies|Microsoft PowerPoint,Active Learning|Active Listening|Adobe Acrobat|Adobe Creative Cloud software|Adobe Photoshop|Apache Hadoop|Apple macOS|Critical Thinking|Microsoft Excel|Microsoft Office software|Monitoring|Reading Comprehension|Speaking|Writing
1206,Research Scientist,22,10,10,12,45.45,Active Listening|Apache Kafka|Apache Spark|Bash|Critical Thinking|Git|Go|Learning Strategies|Mathematics|Reading Comprehension|Speaking|Writing,Active Learning|Amazon Web Services AWS software|Ansible software|Apache Hadoop|C|C++|Docker|GitHub|Monitoring|Science
1207,Human Resources,20,9,9,11,45.0,Active Listening|Adobe Acrobat|Adobe Photoshop|Microsoft Excel|Microsoft Office software|Microsoft Outlook|Microsoft PowerPoint|Oracle HRIS|Reading Comprehension|Speaking|Writing,Active Learning|Adobe Creative Cloud software|Adobe Illustrator|Adobe InDesign|Applicant tracking software|Critical Thinking|Learning Strategies|Monitoring|Workday software
1210,Research Scientist,22,10,10,12,45.45,Active Learning|Apache Hadoop|C|C++|Critical Thinking|Docker|GitHub|Go|Learning Strategies|Reading Comprehension|Science|Speaking,Active Listening|Amazon Web Services AWS software|Ansible software|Apache Kafka|Apache Spark|Bash|Git|Mathematics|Monitoring|Writing
1211,Sales Executive,19,9,9,10,47.37,Active Listening|Adobe Acrobat|Adobe Illustrator|Autodesk AutoCAD|Critical Thinking|Microsoft Office software|Microsoft Outlook|Microsoft PowerPoint|Speaking|Writing,Active Learning|Adobe Creative Cloud software|Adobe InDesign|Adobe Photoshop|Apple macOS|Microsoft Excel|Monitoring|Reading Comprehension|Salesforce software
1212,Sales Executive,19,8,8,11,42.11,Active Learning|Active Listening|Adobe InDesign|Adobe Photoshop|Autodesk AutoCAD|Critical Thinking|Microsoft Outlook|Microsoft PowerPoint|Monitoring|Reading Comprehension|Speaking,Adobe Acrobat|Adobe Creative Cloud software|Adobe Illustrator|Apple macOS|Microsoft Excel|Microsoft Office software|Salesforce software|Writing
1215,Manager,20,15,15,5,75.0,Atlassian JIRA|Microsoft Excel|Reading Comprehension|Speaking|Writing,Active Learning|Active Listening|Adobe Acrobat|Adobe Creative Cloud software|Adobe Photoshop|Amazon Web Services AWS software|Apache Hadoop|Apple macOS|Atlassian Confluence|Autodesk AutoCAD|Critical Thinking|Learning Strategies|Microsoft Office software|Microsoft PowerPoint|Monitoring
1216,Laboratory Technician,20,9,9,11,45.0,Active Learning|Active Listening|Billing software|Data entry software|Database software|Microsoft PowerPoint|Monitoring|Reading Comprehension|SAP software|Speaking|Writing,Commercial plate reader software|Critical Thinking|Google Docs|MEDITECH software|Microsoft Excel|Microsoft Office software|Microsoft Outlook|Microsoft Word|Science
1217,Research Director,22,14,14,8,63.64,Active Learning|Active Listening|Mathematics|Microsoft Excel|Microsoft SharePoint|Microsoft Visio|Reading Comprehension|Writing,Adobe Acrobat|Adobe Photoshop|Critical Thinking|ESRI ArcGIS software|IBM SPSS Statistics|Learning Strategies|Microsoft Access|Microsoft Office software|Microsoft Outlook|Microsoft PowerPoint|Microsoft Project|Monitoring|Science|Speaking
1218,Sales Executive,19,10,10,9,52.63,Active Learning|Adobe Acrobat|Adobe Illustrator|Adobe InDesign|Apple macOS|Microsoft Office software|Microsoft Outlook|Reading Comprehension|Speaking,Active Listening|Adobe Creative Cloud software|Adobe Photoshop|Autodesk AutoCAD|Critical Thinking|Microsoft Excel|Microsoft PowerPoint|Monitoring|Salesforce software|Writing
1219,Laboratory Technician,20,8,8,12,40.0,Active Learning|Billing software|Critical Thinking|Data entry software|Database software|MEDITECH software|Microsoft Excel|Microsoft Outlook|Microsoft Word|Monitoring|SAP software|Science,Active Listening|Commercial plate reader software|Google Docs|Microsoft Office software|Microsoft PowerPoint|Reading Comprehension|Speaking|Writing
1220,Sales Executive,19,9,9,10,47.37,Active Learning|Active Listening|Adobe Creative Cloud software|Adobe Illustrator|Adobe InDesign|Apple macOS|Critical Thinking|Microsoft Office software|Microsoft Outlook|Salesforce software,Adobe Acrobat|Adobe Photoshop|Autodesk AutoCAD|Microsoft Excel|Microsoft PowerPoint|Monitoring|Reading Comprehension|Speaking|Writing
1221,Laboratory Technician,20,9,9,11,45.0,Active Learning|Active Listening|Billing software|Commercial plate reader software|Data entry software|MEDITECH software|Microsoft PowerPoint|Reading Comprehension|SAP software|Science|Writing,Critical Thinking|Database software|Google Docs|Microsoft Excel|Microsoft Office software|Microsoft Outlook|Microsoft Word|Monitoring|Speaking
1224,Laboratory Technician,20,10,10,10,50.0,Active Listening|Commercial plate reader software|Database software|MEDITECH software|Microsoft Excel|Microsoft Word|Reading Comprehension|SAP software|Science|Speaking,Active Learning|Billing software|Critical Thinking|Data entry software|Google Docs|Microsoft Office software|Microsoft Outlook|Microsoft PowerPoint|Monitoring|Writing
1225,Research Scientist,22,13,13,9,59.09,Active Learning|Active Listening|Amazon Web Services AWS software|Apache Spark|Bash|Docker|Mathematics|Reading Comprehension|Speaking,Ansible software|Apache Hadoop|Apache Kafka|C|C++|Critical Thinking|Git|GitHub|Go|Learning Strategies|Monitoring|Science|Writing
1226,Sales Representative,19,8,8,11,42.11,Active Listening|Adobe Creative Cloud software|Adobe Illustrator|Adobe InDesign|Apple macOS|Critical Thinking|Microsoft Excel|Microsoft Office software|Microsoft PowerPoint|Monitoring|Reading Comprehension,Active Learning|Adobe Acrobat|Adobe Photoshop|Autodesk AutoCAD|Microsoft Outlook|Salesforce software|Speaking|Writing
1228,Manufacturing Director,20,10,10,10,50.0,Active Listening|Adobe Creative Cloud software|Amazon Web Services AWS software|Apache Hadoop|Critical Thinking|Learning Strategies|Microsoft Office software|Microsoft PowerPoint|Speaking|Writing,Active Learning|Adobe Acrobat|Adobe Photoshop|Apple macOS|Atlassian Confluence|Atlassian JIRA|Autodesk AutoCAD|Microsoft Excel|Monitoring|Reading Comprehension
1231,Human Resources,20,10,10,10,50.0,Active Learning|Adobe Acrobat|Learning Strategies|Microsoft Excel|Microsoft Office software|Microsoft Outlook|Microsoft PowerPoint|Speaking|Workday software|Writing,Active Listening|Adobe Creative Cloud software|Adobe Illustrator|Adobe InDesign|Adobe Photoshop|Applicant tracking software|Critical Thinking|Monitoring|Oracle HRIS|Reading Comprehension
1233,Sales Executive,19,10,10,9,52.63,Active Listening|Adobe Acrobat|Adobe Illustrator|Adobe InDesign|Apple macOS|Microsoft Outlook|Monitoring|Salesforce software|Speaking,Active Learning|Adobe Creative Cloud software|Adobe Photoshop|Autodesk AutoCAD|Critical Thinking|Microsoft Excel|Microsoft Office software|Microsoft PowerPoint|Reading Comprehension|Writing
1234,Laboratory Technician,20,8,8,12,40.0,Active Learning|Active Listening|Billing software|Google Docs|Microsoft Excel|Microsoft Office software|Microsoft Outlook|Microsoft PowerPoint|Microsoft Word|Reading Comprehension|SAP software|Writing,Commercial plate reader software|Critical Thinking|Data entry software|Database software|MEDITECH software|Monitoring|Science|Speaking
1235,Research Scientist,22,11,11,11,50.0,Apache Spark|Bash|C|Critical Thinking|Git|Go|Monitoring|Reading Comprehension|Science|Speaking|Writing,Active Learning|Active Listening|Amazon Web Services AWS software|Ansible software|Apache Hadoop|Apache Kafka|C++|Docker|GitHub|Learning Strategies|Mathematics
1237,Manufacturing Director,20,11,11,9,55.0,Adobe Creative Cloud software|Adobe Photoshop|Atlassian Confluence|Autodesk AutoCAD|Critical Thinking|Microsoft Excel|Microsoft Office software|Monitoring|Writing,Active Learning|Active Listening|Adobe Acrobat|Amazon Web Services AWS software|Apache Hadoop|Apple macOS|Atlassian JIRA|Learning Strategies|Microsoft PowerPoint|Reading Comprehension|Speaking
1238,Research Scientist,22,12,12,10,54.55,Active Learning|Apache Hadoop|Bash|C|Docker|Git|Go|Learning Strategies|Monitoring|Speaking,Active Listening|Amazon Web Services AWS software|Ansible software|Apache Kafka|Apache Spark|C++|Critical Thinking|GitHub|Mathematics|Reading Comprehension|Science|Writing
1239,Sales Executive,19,9,9,10,47.37,Active Listening|Adobe Acrobat|Adobe Illustrator|Adobe Photoshop|Autodesk AutoCAD|Microsoft Office software|Microsoft Outlook|Monitoring|Reading Comprehension|Writing,Active Learning|Adobe Creative Cloud software|Adobe InDesign|Apple macOS|Critical Thinking|Microsoft Excel|Microsoft PowerPoint|Salesforce software|Speaking
1240,Sales Executive,19,8,8,11,42.11,Active Learning|Adobe Acrobat|Adobe Creative Cloud software|Adobe Illustrator|Adobe InDesign|Apple macOS|Autodesk AutoCAD|Microsoft Office software|Microsoft Outlook|Microsoft PowerPoint|Speaking,Active Listening|Adobe Photoshop|Critical Thinking|Microsoft Excel|Monitoring|Reading Comprehension|Salesforce software|Writing
1241,Research Scientist,22,11,11,11,50.0,Ansible software|Apache Kafka|Bash|C|C++|Docker|GitHub|Mathematics|Monitoring|Science|Writing,Active Learning|Active Listening|Amazon Web Services AWS software|Apache Hadoop|Apache Spark|Critical Thinking|Git|Go|Learning Strategies|Reading Comprehension|Speaking
1242,Research Director,22,13,13,9,59.09,Active Learning|Adobe Acrobat|Microsoft Access|Microsoft Excel|Microsoft Outlook|Microsoft PowerPoint|Microsoft SharePoint|Speaking|Writing,Active Listening|Adobe Photoshop|Critical Thinking|ESRI ArcGIS software|IBM SPSS Statistics|Learning Strategies|Mathematics|Microsoft Office software|Microsoft Project|Microsoft Visio|Monitoring|Reading Comprehension|Science
1243,Sales Executive,19,11,11,8,57.89,Active Listening|Adobe Illustrator|Adobe InDesign|Adobe Photoshop|Critical Thinking|Microsoft Outlook|Microsoft PowerPoint|Writing,Active Learning|Adobe Acrobat|Adobe Creative Cloud software|Apple macOS|Autodesk AutoCAD|Microsoft Excel|Microsoft Office software|Monitoring|Reading Comprehension|Salesforce software|Speaking
1244,Research Scientist,22,11,11,11,50.0,Ansible software|Apache Hadoop|Apache Kafka|Apache Spark|Bash|C|Git|Mathematics|Monitoring|Science|Writing,Active Learning|Active Listening|Amazon Web Services AWS software|C++|Critical Thinking|Docker|GitHub|Go|Learning Strategies|Reading Comprehension|Speaking
1245,Manufacturing Director,20,15,15,5,75.0,Active Listening|Apache Hadoop|Learning Strategies|Microsoft Excel|Microsoft PowerPoint,Active Learning|Adobe Acrobat|Adobe Creative Cloud software|Adobe Photoshop|Amazon Web Services AWS software|Apple macOS|Atlassian Confluence|Atlassian JIRA|Autodesk AutoCAD|Critical Thinking|Microsoft Office software|Monitoring|Reading Comprehension|Speaking|Writing
1246,Research Scientist,22,11,11,11,50.0,Active Learning|Apache Hadoop|C|Docker|Git|Learning Strategies|Mathematics|Monitoring|Reading Comprehension|Speaking|Writing,Active Listening|Amazon Web Services AWS software|Ansible software|Apache Kafka|Apache Spark|Bash|C++|Critical Thinking|GitHub|Go|Science
1248,Research Scientist,22,9,9,13,40.91,Active Listening|Apache Hadoop|Bash|C++|Critical Thinking|Docker|Git|Go|Mathematics|Reading Comprehension|Science|Speaking|Writing,Active Learning|Amazon Web Services AWS software|Ansible software|Apache Kafka|Apache Spark|C|GitHub|Learning Strategies|Monitoring
1249,Research Scientist,22,9,9,13,40.91,Active Learning|Active Listening|Amazon Web Services AWS software|Apache Spark|Bash|C|C++|Critical Thinking|Git|Learning Strategies|Reading Comprehension|Speaking|Writing,Ansible software|Apache Hadoop|Apache Kafka|Docker|GitHub|Go|Mathematics|Monitoring|Science
1250,Research Director,22,17,17,5,77.27,Adobe Photoshop|Critical Thinking|Learning Strategies|Microsoft Office software|Science,Active Learning|Active Listening|Adobe Acrobat|ESRI ArcGIS software|IBM SPSS Statistics|Mathematics|Microsoft Access|Microsoft Excel|Microsoft Outlook|Microsoft PowerPoint|Microsoft Project|Microsoft SharePoint|Microsoft Visio|Monitoring|Reading Comprehension|Speaking|Writing
1251,Healthcare Representative,19,8,8,11,42.11,Active Learning|Amazon Web Services AWS software|Apache Hadoop|IBM SPSS Statistics|Intuit QuickBooks|Microsoft Excel|Microsoft Office software|Monitoring|Reading Comprehension|Speaking|Writing,Active Listening|Critical Thinking|Google Analytics|Google Workspace software|HubSpot software|Linux|Microsoft Outlook|Salesforce software
1252,Healthcare Representative,19,9,9,10,47.37,Active Learning|Apache Hadoop|Google Analytics|Google Workspace software|HubSpot software|Intuit QuickBooks|Linux|Microsoft Office software|Microsoft Outlook|Writing,Active Listening|Amazon Web Services AWS software|Critical Thinking|IBM SPSS Statistics|Microsoft Excel|Monitoring|Reading Comprehension|Salesforce software|Speaking
1254,Sales Executive,19,10,10,9,52.63,Active Learning|Adobe Acrobat|Adobe Creative Cloud software|Adobe Illustrator|Critical Thinking|Microsoft Office software|Reading Comprehension|Speaking|Writing,Active Listening|Adobe InDesign|Adobe Photoshop|Apple macOS|Autodesk AutoCAD|Microsoft Excel|Microsoft Outlook|Microsoft PowerPoint|Monitoring|Salesforce software
1255,Research Director,22,14,14,8,63.64,Active Listening|ESRI ArcGIS software|IBM SPSS Statistics|Learning Strategies|Microsoft Excel|Microsoft Office software|Microsoft SharePoint|Science,Active Learning|Adobe Acrobat|Adobe Photoshop|Critical Thinking|Mathematics|Microsoft Access|Microsoft Outlook|Microsoft PowerPoint|Microsoft Project|Microsoft Visio|Monitoring|Reading Comprehension|Speaking|Writing
1256,Manager,20,13,13,7,65.0,Active Listening|Adobe Acrobat|Amazon Web Services AWS software|Apache Hadoop|Apple macOS|Atlassian Confluence|Critical Thinking,Active Learning|Adobe Creative Cloud software|Adobe Photoshop|Atlassian JIRA|Autodesk AutoCAD|Learning Strategies|Microsoft Excel|Microsoft Office software|Microsoft PowerPoint|Monitoring|Reading Comprehension|Speaking|Writing
1257,Research Scientist,22,11,11,11,50.0,Active Learning|Active Listening|Apache Hadoop|Apache Kafka|Critical Thinking|Git|GitHub|Learning Strategies|Reading Comprehension|Speaking|Writing,Amazon Web Services AWS software|Ansible software|Apache Spark|Bash|C|C++|Docker|Go|Mathematics|Monitoring|Science
1258,Laboratory Technician,20,9,9,11,45.0,Data entry software|Database software|Google Docs|Microsoft Excel|Microsoft PowerPoint|Microsoft Word|Monitoring|SAP software|Science|Speaking|Writing,Active Learning|Active Listening|Billing software|Commercial plate reader software|Critical Thinking|MEDITECH software|Microsoft Office software|Microsoft Outlook|Reading Comprehension
1259,Research Scientist,22,10,10,12,45.45,Ansible software|Apache Hadoop|Apache Spark|C|C++|Critical Thinking|Docker|Git|Go|Mathematics|Monitoring|Writing,Active Learning|Active Listening|Amazon Web Services AWS software|Apache Kafka|Bash|GitHub|Learning Strategies|Reading Comprehension|Science|Speaking
1260,Healthcare Representative,19,8,8,11,42.11,Active Learning|Active Listening|Amazon Web Services AWS software|Apache Hadoop|Critical Thinking|Linux|Microsoft Outlook|Monitoring|Reading Comprehension|Salesforce software|Writing,Google Analytics|Google Workspace software|HubSpot software|IBM SPSS Statistics|Intuit QuickBooks|Microsoft Excel|Microsoft Office software|Speaking
1263,Research Director,22,14,14,8,63.64,Active Learning|Adobe Photoshop|Critical Thinking|Microsoft Excel|Microsoft Office software|Microsoft Outlook|Reading Comprehension|Speaking,Active Listening|Adobe Acrobat|ESRI ArcGIS software|IBM SPSS Statistics|Learning Strategies|Mathematics|Microsoft Access|Microsoft PowerPoint|Microsoft Project|Microsoft SharePoint|Microsoft Visio|Monitoring|Science|Writing
1264,Research Director,22,11,11,11,50.0,Active Listening|Adobe Acrobat|Learning Strategies|Mathematics|Microsoft Excel|Microsoft Office software|Microsoft PowerPoint|Microsoft Project|Microsoft SharePoint|Reading Comprehension|Writing,Active Learning|Adobe Photoshop|Critical Thinking|ESRI ArcGIS software|IBM SPSS Statistics|Microsoft Access|Microsoft Outlook|Microsoft Visio|Monitoring|Science|Speaking
1265,Research Scientist,22,9,9,13,40.91,Active Listening|Apache Spark|Bash|Critical Thinking|Git|GitHub|Go|Learning Strategies|Monitoring|Reading Comprehension|Science|Speaking|Writing,Active Learning|Amazon Web Services AWS software|Ansible software|Apache Hadoop|Apache Kafka|C|C++|Docker|Mathematics
1267,Manager,20,13,13,7,65.0,Active Listening|Adobe Acrobat|Atlassian Confluence|Atlassian JIRA|Critical Thinking|Microsoft Office software|Speaking,Active Learning|Adobe Creative Cloud software|Adobe Photoshop|Amazon Web Services AWS software|Apache Hadoop|Apple macOS|Autodesk AutoCAD|Learning Strategies|Microsoft Excel|Microsoft PowerPoint|Monitoring|Reading Comprehension|Writing
1268,Sales Executive,19,9,9,10,47.37,Active Learning|Active Listening|Adobe Acrobat|Adobe InDesign|Autodesk AutoCAD|Microsoft Outlook|Microsoft PowerPoint|Salesforce software|Speaking|Writing,Adobe Creative Cloud software|Adobe Illustrator|Adobe Photoshop|Apple macOS|Critical Thinking|Microsoft Excel|Microsoft Office software|Monitoring|Reading Comprehension
1269,Research Scientist,22,9,9,13,40.91,Active Learning|Active Listening|Ansible software|Apache Hadoop|Apache Kafka|Bash|C|C++|Git|Learning Strategies|Monitoring|Science|Speaking,Amazon Web Services AWS software|Apache Spark|Critical Thinking|Docker|GitHub|Go|Mathematics|Reading Comprehension|Writing
1270,Research Scientist,22,9,9,13,40.91,Active Listening|Amazon Web Services AWS software|Ansible software|Apache Kafka|Apache Spark|Bash|Critical Thinking|Docker|Git|Mathematics|Monitoring|Speaking|Writing,Active Learning|Apache Hadoop|C|C++|GitHub|Go|Learning Strategies|Reading Comprehension|Science
1273,Sales Representative,19,7,7,12,36.84,Active Learning|Active Listening|Adobe Creative Cloud software|Adobe Illustrator|Adobe Photoshop|Apple macOS|Microsoft Excel|Microsoft Outlook|Microsoft PowerPoint|Salesforce software|Speaking|Writing,Adobe Acrobat|Adobe InDesign|Autodesk AutoCAD|Critical Thinking|Microsoft Office software|Monitoring|Reading Comprehension
1275,Research Scientist,22,10,10,12,45.45,Active Learning|Active Listening|Ansible software|Apache Hadoop|C++|Critical Thinking|Docker|Go|Learning Strategies|Mathematics|Monitoring|Reading Comprehension,Amazon Web Services AWS software|Apache Kafka|Apache Spark|Bash|C|Git|GitHub|Science|Speaking|Writing
1277,Manager,20,13,13,7,65.0,Adobe Acrobat|Atlassian Confluence|Atlassian JIRA|Microsoft Excel|Microsoft PowerPoint|Monitoring|Speaking,Active Learning|Active Listening|Adobe Creative Cloud software|Adobe Photoshop|Amazon Web Services AWS software|Apache Hadoop|Apple macOS|Autodesk AutoCAD|Critical Thinking|Learning Strategies|Microsoft Office software|Reading Comprehension|Writing
1278,Healthcare Representative,19,14,14,5,73.68,Active Learning|Active Listening|IBM SPSS Statistics|Microsoft Excel|Writing,Amazon Web Services AWS software|Apache Hadoop|Critical Thinking|Google Analytics|Google Workspace software|HubSpot software|Intuit QuickBooks|Linux|Microsoft Office software|Microsoft Outlook|Monitoring|Reading Comprehension|Salesforce software|Speaking
1279,Laboratory Technician,20,8,8,12,40.0,Active Listening|Billing software|Critical Thinking|Data entry software|Google Docs|MEDITECH software|Microsoft Excel|Microsoft PowerPoint|Reading Comprehension|SAP software|Science|Speaking,Active Learning|Commercial plate reader software|Database software|Microsoft Office software|Microsoft Outlook|Microsoft Word|Monitoring|Writing
1280,Manager,20,13,13,7,65.0,Active Learning|Adobe Creative Cloud software|Apache Hadoop|Apple macOS|Atlassian JIRA|Monitoring|Writing,Active Listening|Adobe Acrobat|Adobe Photoshop|Amazon Web Services AWS software|Atlassian Confluence|Autodesk AutoCAD|Critical Thinking|Learning Strategies|Microsoft Excel|Microsoft Office software|Microsoft PowerPoint|Reading Comprehension|Speaking
1281,Sales Executive,19,8,8,11,42.11,Active Learning|Adobe Creative Cloud software|Adobe Photoshop|Apple macOS|Autodesk AutoCAD|Critical Thinking|Microsoft Excel|Microsoft Outlook|Microsoft PowerPoint|Reading Comprehension|Writing,Active Listening|Adobe Acrobat|Adobe Illustrator|Adobe InDesign|Microsoft Office software|Monitoring|Salesforce software|Speaking
1282,Manager,20,14,14,6,70.0,Active Listening|Adobe Photoshop|Apple macOS|Learning Strategies|Microsoft Office software|Reading Comprehension,Active Learning|Adobe Acrobat|Adobe Creative Cloud software|Amazon Web Services AWS software|Apache Hadoop|Atlassian Confluence|Atlassian JIRA|Autodesk AutoCAD|Critical Thinking|Microsoft Excel|Microsoft PowerPoint|Monitoring|Speaking|Writing
1283,Manufacturing Director,20,13,13,7,65.0,Active Learning|Active Listening|Adobe Creative Cloud software|Atlassian JIRA|Critical Thinking|Microsoft Office software|Speaking,Adobe Acrobat|Adobe Photoshop|Amazon Web Services AWS software|Apache Hadoop|Apple macOS|Atlassian Confluence|Autodesk AutoCAD|Learning Strategies|Microsoft Excel|Microsoft PowerPoint|Monitoring|Reading Comprehension|Writing
1285,Laboratory Technician,20,11,11,9,55.0,Data entry software|Database software|MEDITECH software|Microsoft Excel|Microsoft Office software|Microsoft Outlook|Microsoft PowerPoint|Science|Writing,Active Learning|Active Listening|Billing software|Commercial plate reader software|Critical Thinking|Google Docs|Microsoft Word|Monitoring|Reading Comprehension|SAP software|Speaking
1286,Laboratory Technician,20,9,9,11,45.0,Active Learning|Active Listening|Critical Thinking|Database software|Microsoft Excel|Microsoft Outlook|Monitoring|Reading Comprehension|SAP software|Speaking|Writing,Billing software|Commercial plate reader software|Data entry software|Google Docs|MEDITECH software|Microsoft Office software|Microsoft PowerPoint|Microsoft Word|Science
1288,Manager,20,13,13,7,65.0,Active Listening|Adobe Photoshop|Atlassian Confluence|Atlassian JIRA|Autodesk AutoCAD|Microsoft Office software|Reading Comprehension,Active Learning|Adobe Acrobat|Adobe Creative Cloud software|Amazon Web Services AWS software|Apache Hadoop|Apple macOS|Critical Thinking|Learning Strategies|Microsoft Excel|Microsoft PowerPoint|Monitoring|Speaking|Writing
1289,Human Resources,20,11,11,9,55.0,Active Listening|Adobe Photoshop|Critical Thinking|Microsoft Outlook|Microsoft PowerPoint|Oracle HRIS|Reading Comprehension|Speaking|Writing,Active Learning|Adobe Acrobat|Adobe Creative Cloud software|Adobe Illustrator|Adobe InDesign|Applicant tracking software|Learning Strategies|Microsoft Excel|Microsoft Office software|Monitoring|Workday software
1291,Research Scientist,22,9,9,13,40.91,Active Listening|Amazon Web Services AWS software|Apache Hadoop|Apache Spark|C++|Critical Thinking|Docker|GitHub|Mathematics|Monitoring|Reading Comprehension|Science|Speaking,Active Learning|Ansible software|Apache Kafka|Bash|C|Git|Go|Learning Strategies|Writing
1292,Research Scientist,22,13,13,9,59.09,Active Listening|Ansible software|Apache Hadoop|Bash|C++|Critical Thinking|Docker|Git|Learning Strategies,Active Learning|Amazon Web Services AWS software|Apache Kafka|Apache Spark|C|GitHub|Go|Mathematics|Monitoring|Reading Comprehension|Science|Speaking|Writing
1293,Sales Executive,19,12,12,7,63.16,Active Listening|Adobe Creative Cloud software|Adobe Illustrator|Microsoft Office software|Monitoring|Salesforce software|Speaking,Active Learning|Adobe Acrobat|Adobe InDesign|Adobe Photoshop|Apple macOS|Autodesk AutoCAD|Critical Thinking|Microsoft Excel|Microsoft Outlook|Microsoft PowerPoint|Reading Comprehension|Writing
1294,Manufacturing Director,20,12,12,8,60.0,Adobe Photoshop|Amazon Web Services AWS software|Apache Hadoop|Autodesk AutoCAD|Critical Thinking|Learning Strategies|Monitoring|Reading Comprehension,Active Learning|Active Listening|Adobe Acrobat|Adobe Creative Cloud software|Apple macOS|Atlassian Confluence|Atlassian JIRA|Microsoft Excel|Microsoft Office software|Microsoft PowerPoint|Speaking|Writing
1295,Healthcare Representative,19,9,9,10,47.37,Active Listening|Google Analytics|Google Workspace software|Linux|Microsoft Excel|Microsoft Office software|Microsoft Outlook|Reading Comprehension|Speaking|Writing,Active Learning|Amazon Web Services AWS software|Apache Hadoop|Critical Thinking|HubSpot software|IBM SPSS Statistics|Intuit QuickBooks|Monitoring|Salesforce software
1296,Laboratory Technician,20,8,8,12,40.0,Active Learning|Active Listening|Billing software|Commercial plate reader software|Critical Thinking|Database software|Microsoft PowerPoint|Monitoring|Reading Comprehension|Science|Speaking|Writing,Data entry software|Google Docs|MEDITECH software|Microsoft Excel|Microsoft Office software|Microsoft Outlook|Microsoft Word|SAP software
1297,Laboratory Technician,20,9,9,11,45.0,Billing software|Critical Thinking|Data entry software|Google Docs|Microsoft Office software|Microsoft Outlook|Monitoring|Reading Comprehension|SAP software|Science|Writing,Active Learning|Active Listening|Commercial plate reader software|Database software|MEDITECH software|Microsoft Excel|Microsoft PowerPoint|Microsoft Word|Speaking
1298,Manufacturing Director,20,10,10,10,50.0,Amazon Web Services AWS software|Apache Hadoop|Atlassian JIRA|Autodesk AutoCAD|Critical Thinking|Learning Strategies|Microsoft Office software|Monitoring|Speaking|Writing,Active Learning|Active Listening|Adobe Acrobat|Adobe Creative Cloud software|Adobe Photoshop|Apple macOS|Atlassian Confluence|Microsoft Excel|Microsoft PowerPoint|Reading Comprehension
1299,Laboratory Technician,20,10,10,10,50.0,Active Learning|Billing software|Commercial plate reader software|Microsoft Excel|Microsoft Outlook|Monitoring|Reading Comprehension|SAP software|Science|Speaking,Active Listening|Critical Thinking|Data entry software|Database software|Google Docs|MEDITECH software|Microsoft Office software|Microsoft PowerPoint|Microsoft Word|Writing
1301,Research Scientist,22,10,10,12,45.45,Apache Hadoop|Apache Kafka|Apache Spark|C|C++|Docker|Git|Mathematics|Monitoring|Reading Comprehension|Speaking|Writing,Active Learning|Active Listening|Amazon Web Services AWS software|Ansible software|Bash|Critical Thinking|GitHub|Go|Learning Strategies|Science
1303,Research Scientist,22,9,9,13,40.91,Active Learning|Ansible software|Apache Hadoop|Apache Kafka|Bash|Docker|Git|Go|Learning Strategies|Mathematics|Monitoring|Reading Comprehension|Writing,Active Listening|Amazon Web Services AWS software|Apache Spark|C|C++|Critical Thinking|GitHub|Science|Speaking
1304,Sales Executive,19,9,9,10,47.37,Active Listening|Adobe Creative Cloud software|Adobe InDesign|Adobe Photoshop|Autodesk AutoCAD|Microsoft Excel|Microsoft Office software|Microsoft PowerPoint|Reading Comprehension|Salesforce software,Active Learning|Adobe Acrobat|Adobe Illustrator|Apple macOS|Critical Thinking|Microsoft Outlook|Monitoring|Speaking|Writing
1306,Manager,20,12,12,8,60.0,Adobe Acrobat|Apache Hadoop|Atlassian Confluence|Atlassian JIRA|Autodesk AutoCAD|Microsoft Excel|Reading Comprehension|Writing,Active Learning|Active Listening|Adobe Creative Cloud software|Adobe Photoshop|Amazon Web Services AWS software|Apple macOS|Critical Thinking|Learning Strategies|Microsoft Office software|Microsoft PowerPoint|Monitoring|Speaking
1307,Manager,20,12,12,8,60.0,Active Learning|Adobe Creative Cloud software|Amazon Web Services AWS software|Apache Hadoop|Apple macOS|Autodesk AutoCAD|Monitoring|Writing,Active Listening|Adobe Acrobat|Adobe Photoshop|Atlassian Confluence|Atlassian JIRA|Critical Thinking|Learning Strategies|Microsoft Excel|Microsoft Office software|Microsoft PowerPoint|Reading Comprehension|Speaking
1308,Research Scientist,22,9,9,13,40.91,Active Listening|Ansible software|Apache Hadoop|Apache Kafka|Apache Spark|C++|Critical Thinking|Docker|GitHub|Go|Learning Strategies|Monitoring|Writing,Active Learning|Amazon Web Services AWS software|Bash|C|Git|Mathematics|Reading Comprehension|Science|Speaking
1309,Laboratory Technician,20,10,10,10,50.0,Active Learning|Active Listening|Billing software|Commercial plate reader software|Database software|Google Docs|MEDITECH software|Microsoft Office software|Microsoft Outlook|Monitoring,Critical Thinking|Data entry software|Microsoft Excel|Microsoft PowerPoint|Microsoft Word|Reading Comprehension|SAP software|Science|Speaking|Writing
1310,Research Scientist,22,10,10,12,45.45,Active Learning|Amazon Web Services AWS software|Ansible software|Apache Kafka|Critical Thinking|Docker|GitHub|Go|Learning Strategies|Mathematics|Reading Comprehension|Science,Active Listening|Apache Hadoop|Apache Spark|Bash|C|C++|Git|Monitoring|Speaking|Writing
1311,Laboratory Technician,20,10,10,10,50.0,Critical Thinking|Data entry software|MEDITECH software|Microsoft Excel|Microsoft Outlook|Microsoft Word|Monitoring|Reading Comprehension|Speaking|Writing,Active Learning|Active Listening|Billing software|Commercial plate reader software|Database software|Google Docs|Microsoft Office software|Microsoft PowerPoint|SAP software|Science
1312,Healthcare Representative,19,9,9,10,47.37,Active Listening|Amazon Web Services AWS software|Apache Hadoop|Critical Thinking|Google Analytics|Google Workspace software|HubSpot software|Microsoft Office software|Reading Comprehension|Salesforce software,Active Learning|IBM SPSS Statistics|Intuit QuickBooks|Linux|Microsoft Excel|Microsoft Outlook|Monitoring|Speaking|Writing
1314,Human Resources,20,10,10,10,50.0,Active Listening|Adobe Acrobat|Adobe Illustrator|Adobe Photoshop|Critical Thinking|Learning Strategies|Microsoft Excel|Microsoft Office software|Microsoft PowerPoint|Oracle HRIS,Active Learning|Adobe Creative Cloud software|Adobe InDesign|Applicant tracking software|Microsoft Outlook|Monitoring|Reading Comprehension|Speaking|Workday software|Writing
1315,Laboratory Technician,20,10,10,10,50.0,Billing software|Commercial plate reader software|Database software|Microsoft Excel|Microsoft Office software|Microsoft Word|Monitoring|Reading Comprehension|SAP software|Writing,Active Learning|Active Listening|Critical Thinking|Data entry software|Google Docs|MEDITECH software|Microsoft Outlook|Microsoft PowerPoint|Science|Speaking
1317,Research Director,22,14,14,8,63.64,Active Listening|Adobe Photoshop|IBM SPSS Statistics|Learning Strategies|Microsoft Excel|Microsoft Office software|Microsoft Visio|Reading Comprehension,Active Learning|Adobe Acrobat|Critical Thinking|ESRI ArcGIS software|Mathematics|Microsoft Access|Microsoft Outlook|Microsoft PowerPoint|Microsoft Project|Microsoft SharePoint|Monitoring|Science|Speaking|Writing
1318,Sales Executive,19,9,9,10,47.37,Active Learning|Adobe Acrobat|Adobe Creative Cloud software|Adobe InDesign|Adobe Photoshop|Autodesk AutoCAD|Critical Thinking|Microsoft PowerPoint|Speaking|Writing,Active Listening|Adobe Illustrator|Apple macOS|Microsoft Excel|Microsoft Office software|Microsoft Outlook|Monitoring|Reading Comprehension|Salesforce software
1319,Sales Executive,19,9,9,10,47.37,Active Learning|Adobe Creative Cloud software|Adobe InDesign|Apple macOS|Autodesk AutoCAD|Microsoft Excel|Microsoft Outlook|Reading Comprehension|Salesforce software|Writing,Active Listening|Adobe Acrobat|Adobe Illustrator|Adobe Photoshop|Critical Thinking|Microsoft Office software|Microsoft PowerPoint|Monitoring|Speaking
1321,Manager,20,10,10,10,50.0,Active Learning|Adobe Photoshop|Amazon Web Services AWS software|Apache Hadoop|Atlassian Confluence|Atlassian JIRA|Critical Thinking|Microsoft Office software|Microsoft PowerPoint|Reading Comprehension,Active Listening|Adobe Acrobat|Adobe Creative Cloud software|Apple macOS|Autodesk AutoCAD|Learning Strategies|Microsoft Excel|Monitoring|Speaking|Writing
1322,Manufacturing Director,20,10,10,10,50.0,Active Listening|Adobe Acrobat|Amazon Web Services AWS software|Apple macOS|Learning Strategies|Microsoft Excel|Monitoring|Reading Comprehension|Speaking|Writing,Active Learning|Adobe Creative Cloud software|Adobe Photoshop|Apache Hadoop|Atlassian Confluence|Atlassian JIRA|Autodesk AutoCAD|Critical Thinking|Microsoft Office software|Microsoft PowerPoint
1324,Sales Executive,19,9,9,10,47.37,Active Learning|Adobe Acrobat|Adobe Illustrator|Adobe InDesign|Microsoft Office software|Microsoft Outlook|Monitoring|Reading Comprehension|Salesforce software|Speaking,Active Listening|Adobe Creative Cloud software|Adobe Photoshop|Apple macOS|Autodesk AutoCAD|Critical Thinking|Microsoft Excel|Microsoft PowerPoint|Writing
1329,Sales Executive,19,11,11,8,57.89,Adobe Illustrator|Adobe InDesign|Adobe Photoshop|Microsoft Excel|Microsoft Office software|Microsoft Outlook|Monitoring|Reading Comprehension,Active Learning|Active Listening|Adobe Acrobat|Adobe Creative Cloud software|Apple macOS|Autodesk AutoCAD|Critical Thinking|Microsoft PowerPoint|Salesforce software|Speaking|Writing
1331,Sales Representative,19,8,8,11,42.11,Adobe Acrobat|Adobe Illustrator|Adobe InDesign|Adobe Photoshop|Apple macOS|Autodesk AutoCAD|Critical Thinking|Microsoft PowerPoint|Monitoring|Reading Comprehension|Writing,Active Learning|Active Listening|Adobe Creative Cloud software|Microsoft Excel|Microsoft Office software|Microsoft Outlook|Salesforce software|Speaking
1333,Laboratory Technician,20,10,10,10,50.0,Active Learning|Billing software|Critical Thinking|Data entry software|Google Docs|Microsoft Office software|Microsoft Outlook|SAP software|Speaking|Writing,Active Listening|Commercial plate reader software|Database software|MEDITECH software|Microsoft Excel|Microsoft PowerPoint|Microsoft Word|Monitoring|Reading Comprehension|Science
1334,Manager,20,12,12,8,60.0,Adobe Photoshop|Apple macOS|Atlassian Confluence|Atlassian JIRA|Learning Strategies|Microsoft Office software|Microsoft PowerPoint|Writing,Active Learning|Active Listening|Adobe Acrobat|Adobe Creative Cloud software|Amazon Web Services AWS software|Apache Hadoop|Autodesk AutoCAD|Critical Thinking|Microsoft Excel|Monitoring|Reading Comprehension|Speaking
1336,Manager,20,13,13,7,65.0,Adobe Acrobat|Apple macOS|Atlassian Confluence|Microsoft Excel|Microsoft Office software|Monitoring|Writing,Active Learning|Active Listening|Adobe Creative Cloud software|Adobe Photoshop|Amazon Web Services AWS software|Apache Hadoop|Atlassian JIRA|Autodesk AutoCAD|Critical Thinking|Learning Strategies|Microsoft PowerPoint|Reading Comprehension|Speaking
1338,Manager,20,16,16,4,80.0,Active Listening|Amazon Web Services AWS software|Atlassian Confluence|Reading Comprehension,Active Learning|Adobe Acrobat|Adobe Creative Cloud software|Adobe Photoshop|Apache Hadoop|Apple macOS|Atlassian JIRA|Autodesk AutoCAD|Critical Thinking|Learning Strategies|Microsoft Excel|Microsoft Office software|Microsoft PowerPoint|Monitoring|Speaking|Writing
1340,Research Scientist,22,10,10,12,45.45,Active Listening|Ansible software|Apache Spark|Bash|C|C++|Git|GitHub|Learning Strategies|Mathematics|Monitoring|Reading Comprehension,Active Learning|Amazon Web Services AWS software|Apache Hadoop|Apache Kafka|Critical Thinking|Docker|Go|Science|Speaking|Writing
1344,Healthcare Representative,19,9,9,10,47.37,Apache Hadoop|Google Workspace software|IBM SPSS Statistics|Intuit QuickBooks|Microsoft Excel|Microsoft Office software|Microsoft Outlook|Monitoring|Reading Comprehension|Writing,Active Learning|Active Listening|Amazon Web Services AWS software|Critical Thinking|Google Analytics|HubSpot software|Linux|Salesforce software|Speaking
1346,Research Scientist,22,11,11,11,50.0,Ansible software|Apache Hadoop|Apache Kafka|Apache Spark|Bash|C|Learning Strategies|Mathematics|Monitoring|Speaking|Writing,Active Learning|Active Listening|Amazon Web Services AWS software|C++|Critical Thinking|Docker|Git|GitHub|Go|Reading Comprehension|Science
1349,Sales Executive,19,9,9,10,47.37,Active Listening|Adobe Acrobat|Adobe Creative Cloud software|Adobe Illustrator|Adobe InDesign|Microsoft Excel|Microsoft Office software|Microsoft Outlook|Reading Comprehension|Writing,Active Learning|Adobe Photoshop|Apple macOS|Autodesk AutoCAD|Critical Thinking|Microsoft PowerPoint|Monitoring|Salesforce software|Speaking
1350,Research Scientist,22,11,11,11,50.0,Active Listening|Amazon Web Services AWS software|Ansible software|Apache Kafka|Bash|Critical Thinking|Git|Go|Mathematics|Monitoring|Writing,Active Learning|Apache Hadoop|Apache Spark|C|C++|Docker|GitHub|Learning Strategies|Reading Comprehension|Science|Speaking
1352,Manager,20,15,15,5,75.0,Adobe Photoshop|Apple macOS|Learning Strategies|Microsoft PowerPoint|Speaking,Active Learning|Active Listening|Adobe Acrobat|Adobe Creative Cloud software|Amazon Web Services AWS software|Apache Hadoop|Atlassian Confluence|Atlassian JIRA|Autodesk AutoCAD|Critical Thinking|Microsoft Excel|Microsoft Office software|Monitoring|Reading Comprehension|Writing
1355,Sales Executive,19,9,9,10,47.37,Active Learning|Active Listening|Adobe Creative Cloud software|Adobe Illustrator|Adobe InDesign|Autodesk AutoCAD|Critical Thinking|Microsoft Excel|Microsoft Outlook|Reading Comprehension,Adobe Acrobat|Adobe Photoshop|Apple macOS|Microsoft Office software|Microsoft PowerPoint|Monitoring|Salesforce software|Speaking|Writing
1356,Sales Executive,19,9,9,10,47.37,Adobe Creative Cloud software|Adobe Illustrator|Adobe InDesign|Apple macOS|Critical Thinking|Microsoft Office software|Microsoft Outlook|Monitoring|Reading Comprehension|Writing,Active Learning|Active Listening|Adobe Acrobat|Adobe Photoshop|Autodesk AutoCAD|Microsoft Excel|Microsoft PowerPoint|Salesforce software|Speaking
1358,Laboratory Technician,20,9,9,11,45.0,Active Learning|Active Listening|Data entry software|Database software|Microsoft Excel|Microsoft Word|Reading Comprehension|SAP software|Science|Speaking|Writing,Billing software|Commercial plate reader software|Critical Thinking|Google Docs|MEDITECH software|Microsoft Office software|Microsoft Outlook|Microsoft PowerPoint|Monitoring
1360,Manufacturing Director,20,14,14,6,70.0,Active Learning|Adobe Photoshop|Apache Hadoop|Atlassian Confluence|Learning Strategies|Writing,Active Listening|Adobe Acrobat|Adobe Creative Cloud software|Amazon Web Services AWS software|Apple macOS|Atlassian JIRA|Autodesk AutoCAD|Critical Thinking|Microsoft Excel|Microsoft Office software|Microsoft PowerPoint|Monitoring|Reading Comprehension|Speaking
1361,Laboratory Technician,20,9,9,11,45.0,Active Listening|Billing software|Data entry software|Database software|MEDITECH software|Microsoft Excel|Microsoft Office software|Monitoring|Reading Comprehension|Speaking|Writing,Active Learning|Commercial plate reader software|Critical Thinking|Google Docs|Microsoft Outlook|Microsoft PowerPoint|Microsoft Word|SAP software|Science
1362,Sales Executive,19,11,11,8,57.89,Active Learning|Active Listening|Adobe Creative Cloud software|Adobe Illustrator|Adobe InDesign|Apple macOS|Microsoft PowerPoint|Reading Comprehension,Adobe Acrobat|Adobe Photoshop|Autodesk AutoCAD|Critical Thinking|Microsoft Excel|Microsoft Office software|Microsoft Outlook|Monitoring|Salesforce software|Speaking|Writing
1363,Manufacturing Director,20,10,10,10,50.0,Active Listening|Adobe Acrobat|Amazon Web Services AWS software|Apache Hadoop|Atlassian Confluence|Learning Strategies|Microsoft Excel|Microsoft Office software|Reading Comprehension|Writing,Active Learning|Adobe Creative Cloud software|Adobe Photoshop|Apple macOS|Atlassian JIRA|Autodesk AutoCAD|Critical Thinking|Microsoft PowerPoint|Monitoring|Speaking
1364,Sales Representative,19,8,8,11,42.11,Adobe Illustrator|Adobe Photoshop|Critical Thinking|Microsoft Office software|Microsoft Outlook|Microsoft PowerPoint|Monitoring|Reading Comprehension|Salesforce software|Speaking|Writing,Active Learning|Active Listening|Adobe Acrobat|Adobe Creative Cloud software|Adobe InDesign|Apple macOS|Autodesk AutoCAD|Microsoft Excel
1367,Manufacturing Director,20,14,14,6,70.0,Adobe Acrobat|Adobe Photoshop|Atlassian Confluence|Critical Thinking|Reading Comprehension|Speaking,Active Learning|Active Listening|Adobe Creative Cloud software|Amazon Web Services AWS software|Apache Hadoop|Apple macOS|Atlassian JIRA|Autodesk AutoCAD|Learning Strategies|Microsoft Excel|Microsoft Office software|Microsoft PowerPoint|Monitoring|Writing
1368,Laboratory Technician,20,8,8,12,40.0,Active Learning|Active Listening|Data entry software|Database software|Google Docs|Microsoft Excel|Microsoft PowerPoint|Microsoft Word|Monitoring|Reading Comprehension|SAP software|Writing,Billing software|Commercial plate reader software|Critical Thinking|MEDITECH software|Microsoft Office software|Microsoft Outlook|Science|Speaking
1369,Laboratory Technician,20,10,10,10,50.0,Commercial plate reader software|Data entry software|Database software|Google Docs|MEDITECH software|Microsoft Office software|Microsoft PowerPoint|Monitoring|SAP software|Writing,Active Learning|Active Listening|Billing software|Critical Thinking|Microsoft Excel|Microsoft Outlook|Microsoft Word|Reading Comprehension|Science|Speaking
1371,Sales Executive,19,9,9,10,47.37,Adobe Creative Cloud software|Adobe Photoshop|Apple macOS|Microsoft Excel|Microsoft Office software|Microsoft Outlook|Microsoft PowerPoint|Monitoring|Reading Comprehension|Salesforce software,Active Learning|Active Listening|Adobe Acrobat|Adobe Illustrator|Adobe InDesign|Autodesk AutoCAD|Critical Thinking|Speaking|Writing
1372,Sales Executive,19,12,12,7,63.16,Adobe Acrobat|Adobe Illustrator|Adobe Photoshop|Apple macOS|Autodesk AutoCAD|Microsoft Office software|Reading Comprehension,Active Learning|Active Listening|Adobe Creative Cloud software|Adobe InDesign|Critical Thinking|Microsoft Excel|Microsoft Outlook|Microsoft PowerPoint|Monitoring|Salesforce software|Speaking|Writing
1373,Manufacturing Director,20,15,15,5,75.0,Amazon Web Services AWS software|Apache Hadoop|Atlassian JIRA|Microsoft Office software|Reading Comprehension,Active Learning|Active Listening|Adobe Acrobat|Adobe Creative Cloud software|Adobe Photoshop|Apple macOS|Atlassian Confluence|Autodesk AutoCAD|Critical Thinking|Learning Strategies|Microsoft Excel|Microsoft PowerPoint|Monitoring|Speaking|Writing
1374,Research Scientist,22,10,10,12,45.45,Active Learning|Amazon Web Services AWS software|Ansible software|Apache Kafka|C++|Critical Thinking|Docker|Git|Mathematics|Reading Comprehension|Science|Writing,Active Listening|Apache Hadoop|Apache Spark|Bash|C|GitHub|Go|Learning Strategies|Monitoring|Speaking
1375,Healthcare Representative,19,10,10,9,52.63,Active Listening|HubSpot software|Intuit QuickBooks|Linux|Microsoft Excel|Microsoft Outlook|Monitoring|Reading Comprehension|Speaking,Active Learning|Amazon Web Services AWS software|Apache Hadoop|Critical Thinking|Google Analytics|Google Workspace software|IBM SPSS Statistics|Microsoft Office software|Salesforce software|Writing
1377,Laboratory Technician,20,10,10,10,50.0,Active Learning|Active Listening|MEDITECH software|Microsoft Excel|Microsoft Outlook|Microsoft PowerPoint|Microsoft Word|SAP software|Science|Writing,Billing software|Commercial plate reader software|Critical Thinking|Data entry software|Database software|Google Docs|Microsoft Office software|Monitoring|Reading Comprehension|Speaking
1379,Sales Representative,19,8,8,11,42.11,Adobe Acrobat|Adobe Creative Cloud software|Adobe Illustrator|Adobe InDesign|Adobe Photoshop|Microsoft Excel|Microsoft Office software|Microsoft PowerPoint|Reading Comprehension|Salesforce software|Writing,Active Learning|Active Listening|Apple macOS|Autodesk AutoCAD|Critical Thinking|Microsoft Outlook|Monitoring|Speaking
1380,Sales Executive,19,8,8,11,42.11,Active Learning|Active Listening|Adobe Acrobat|Adobe Creative Cloud software|Critical Thinking|Microsoft Excel|Microsoft Office software|Microsoft Outlook|Salesforce software|Speaking|Writing,Adobe Illustrator|Adobe InDesign|Adobe Photoshop|Apple macOS|Autodesk AutoCAD|Microsoft PowerPoint|Monitoring|Reading Comprehension
1382,Research Scientist,22,9,9,13,40.91,Active Learning|Amazon Web Services AWS software|Apache Hadoop|Apache Kafka|Apache Spark|C++|Critical Thinking|Docker|Go|Mathematics|Monitoring|Reading Comprehension|Writing,Active Listening|Ansible software|Bash|C|Git|GitHub|Learning Strategies|Science|Speaking
1383,Healthcare Representative,19,10,10,9,52.63,Active Listening|Amazon Web Services AWS software|Google Analytics|Google Workspace software|HubSpot software|IBM SPSS Statistics|Microsoft Excel|Microsoft Office software|Speaking,Active Learning|Apache Hadoop|Critical Thinking|Intuit QuickBooks|Linux|Microsoft Outlook|Monitoring|Reading Comprehension|Salesforce software|Writing
1387,Sales Executive,19,8,8,11,42.11,Adobe Acrobat|Adobe Creative Cloud software|Adobe Illustrator|Adobe InDesign|Apple macOS|Critical Thinking|Microsoft Outlook|Microsoft PowerPoint|Reading Comprehension|Salesforce software|Writing,Active Learning|Active Listening|Adobe Photoshop|Autodesk AutoCAD|Microsoft Excel|Microsoft Office software|Monitoring|Speaking
1389,Manufacturing Director,20,10,10,10,50.0,Active Listening|Adobe Acrobat|Adobe Creative Cloud software|Adobe Photoshop|Amazon Web Services AWS software|Atlassian Confluence|Atlassian JIRA|Critical Thinking|Microsoft Excel|Speaking,Active Learning|Apache Hadoop|Apple macOS|Autodesk AutoCAD|Learning Strategies|Microsoft Office software|Microsoft PowerPoint|Monitoring|Reading Comprehension|Writing
1390,Sales Executive,19,9,9,10,47.37,Active Listening|Adobe Acrobat|Adobe Creative Cloud software|Adobe Illustrator|Adobe Photoshop|Microsoft Excel|Microsoft Office software|Monitoring|Reading Comprehension|Speaking,Active Learning|Adobe InDesign|Apple macOS|Autodesk AutoCAD|Critical Thinking|Microsoft Outlook|Microsoft PowerPoint|Salesforce software|Writing
1391,Sales Executive,19,10,10,9,52.63,Adobe Creative Cloud software|Adobe Illustrator|Adobe InDesign|Apple macOS|Autodesk AutoCAD|Microsoft Office software|Microsoft Outlook|Monitoring|Writing,Active Learning|Active Listening|Adobe Acrobat|Adobe Photoshop|Critical Thinking|Microsoft Excel|Microsoft PowerPoint|Reading Comprehension|Salesforce software|Speaking
1392,Research Scientist,22,11,11,11,50.0,Active Listening|Amazon Web Services AWS software|Apache Hadoop|Critical Thinking|Docker|Git|GitHub|Learning Strategies|Monitoring|Speaking|Writing,Active Learning|Ansible software|Apache Kafka|Apache Spark|Bash|C|C++|Go|Mathematics|Reading Comprehension|Science
1394,Research Scientist,22,10,10,12,45.45,Ansible software|Apache Hadoop|Apache Spark|Bash|Git|GitHub|Go|Learning Strategies|Mathematics|Reading Comprehension|Science|Speaking,Active Learning|Active Listening|Amazon Web Services AWS software|Apache Kafka|C|C++|Critical Thinking|Docker|Monitoring|Writing
1395,Sales Executive,19,9,9,10,47.37,Active Listening|Apple macOS|Autodesk AutoCAD|Critical Thinking|Microsoft Office software|Microsoft Outlook|Microsoft PowerPoint|Reading Comprehension|Speaking|Writing,Active Learning|Adobe Acrobat|Adobe Creative Cloud software|Adobe Illustrator|Adobe InDesign|Adobe Photoshop|Microsoft Excel|Monitoring|Salesforce software
1396,Sales Executive,19,8,8,11,42.11,Active Learning|Active Listening|Adobe Acrobat|Apple macOS|Autodesk AutoCAD|Critical Thinking|Microsoft Excel|Microsoft Office software|Microsoft Outlook|Monitoring|Writing,Adobe Creative Cloud software|Adobe Illustrator|Adobe InDesign|Adobe Photoshop|Microsoft PowerPoint|Reading Comprehension|Salesforce software|Speaking
1397,Healthcare Representative,19,10,10,9,52.63,Active Learning|Apache Hadoop|Intuit QuickBooks|Microsoft Outlook|Monitoring|Reading Comprehension|Salesforce software|Speaking|Writing,Active Listening|Amazon Web Services AWS software|Critical Thinking|Google Analytics|Google Workspace software|HubSpot software|IBM SPSS Statistics|Linux|Microsoft Excel|Microsoft Office software
1399,Sales Executive,19,8,8,11,42.11,Active Learning|Adobe Acrobat|Adobe Creative Cloud software|Adobe Photoshop|Apple macOS|Microsoft Excel|Microsoft PowerPoint|Monitoring|Salesforce software|Speaking|Writing,Active Listening|Adobe Illustrator|Adobe InDesign|Autodesk AutoCAD|Critical Thinking|Microsoft Office software|Microsoft Outlook|Reading Comprehension
1401,Manufacturing Director,20,13,13,7,65.0,Adobe Acrobat|Adobe Creative Cloud software|Adobe Photoshop|Amazon Web Services AWS software|Atlassian JIRA|Learning Strategies|Microsoft Excel,Active Learning|Active Listening|Apache Hadoop|Apple macOS|Atlassian Confluence|Autodesk AutoCAD|Critical Thinking|Microsoft Office software|Microsoft PowerPoint|Monitoring|Reading Comprehension|Speaking|Writing
1402,Research Scientist,22,13,13,9,59.09,Active Learning|Active Listening|Amazon Web Services AWS software|Ansible software|C|C++|Docker|GitHub|Writing,Apache Hadoop|Apache Kafka|Apache Spark|Bash|Critical Thinking|Git|Go|Learning Strategies|Mathematics|Monitoring|Reading Comprehension|Science|Speaking
1403,Sales Executive,19,8,8,11,42.11,Active Listening|Adobe Acrobat|Adobe Creative Cloud software|Adobe InDesign|Adobe Photoshop|Apple macOS|Autodesk AutoCAD|Microsoft Outlook|Monitoring|Speaking|Writing,Active Learning|Adobe Illustrator|Critical Thinking|Microsoft Excel|Microsoft Office software|Microsoft PowerPoint|Reading Comprehension|Salesforce software
1405,Research Scientist,22,10,10,12,45.45,Active Learning|Active Listening|Amazon Web Services AWS software|Apache Hadoop|Bash|C|Docker|GitHub|Learning Strategies|Mathematics|Monitoring|Science,Ansible software|Apache Kafka|Apache Spark|C++|Critical Thinking|Git|Go|Reading Comprehension|Speaking|Writing
1407,Research Scientist,22,10,10,12,45.45,Active Learning|Amazon Web Services AWS software|Ansible software|Apache Hadoop|Apache Kafka|Bash|C++|Critical Thinking|Git|Monitoring|Reading Comprehension|Science,Active Listening|Apache Spark|C|Docker|GitHub|Go|Learning Strategies|Mathematics|Speaking|Writing
1408,Manager,20,12,12,8,60.0,Adobe Acrobat|Adobe Creative Cloud software|Atlassian JIRA|Learning Strategies|Microsoft Office software|Microsoft PowerPoint|Reading Comprehension|Writing,Active Learning|Active Listening|Adobe Photoshop|Amazon Web Services AWS software|Apache Hadoop|Apple macOS|Atlassian Confluence|Autodesk AutoCAD|Critical Thinking|Microsoft Excel|Monitoring|Speaking
1409,Laboratory Technician,20,10,10,10,50.0,Active Learning|Active Listening|Billing software|Microsoft Excel|Microsoft Office software|Microsoft Word|Reading Comprehension|SAP software|Science|Writing,Commercial plate reader software|Critical Thinking|Data entry software|Database software|Google Docs|MEDITECH software|Microsoft Outlook|Microsoft PowerPoint|Monitoring|Speaking
1411,Laboratory Technician,20,9,9,11,45.0,Active Listening|Billing software|Commercial plate reader software|Data entry software|Database software|Google Docs|Microsoft Excel|Microsoft Outlook|Monitoring|Speaking|Writing,Active Learning|Critical Thinking|MEDITECH software|Microsoft Office software|Microsoft PowerPoint|Microsoft Word|Reading Comprehension|SAP software|Science
1412,Manufacturing Director,20,10,10,10,50.0,Active Listening|Adobe Creative Cloud software|Amazon Web Services AWS software|Autodesk AutoCAD|Critical Thinking|Learning Strategies|Microsoft PowerPoint|Monitoring|Speaking|Writing,Active Learning|Adobe Acrobat|Adobe Photoshop|Apache Hadoop|Apple macOS|Atlassian Confluence|Atlassian JIRA|Microsoft Excel|Microsoft Office software|Reading Comprehension
1415,Laboratory Technician,20,9,9,11,45.0,Critical Thinking|MEDITECH software|Microsoft Office software|Microsoft Outlook|Microsoft PowerPoint|Microsoft Word|Monitoring|Reading Comprehension|SAP software|Speaking|Writing,Active Learning|Active Listening|Billing software|Commercial plate reader software|Data entry software|Database software|Google Docs|Microsoft Excel|Science
1417,Laboratory Technician,20,9,9,11,45.0,Active Listening|Billing software|Commercial plate reader software|Critical Thinking|Google Docs|MEDITECH software|Microsoft Office software|Microsoft Outlook|Microsoft Word|Science|Writing,Active Learning|Data entry software|Database software|Microsoft Excel|Microsoft PowerPoint|Monitoring|Reading Comprehension|SAP software|Speaking
1419,Human Resources,20,10,10,10,50.0,Adobe Acrobat|Adobe Creative Cloud software|Adobe Illustrator|Adobe InDesign|Applicant tracking software|Critical Thinking|Microsoft PowerPoint|Oracle HRIS|Speaking|Workday software,Active Learning|Active Listening|Adobe Photoshop|Learning Strategies|Microsoft Excel|Microsoft Office software|Microsoft Outlook|Monitoring|Reading Comprehension|Writing
1420,Laboratory Technician,20,12,12,8,60.0,Active Listening|Billing software|Commercial plate reader software|Critical Thinking|Data entry software|Database software|Google Docs|MEDITECH software,Active Learning|Microsoft Excel|Microsoft Office software|Microsoft Outlook|Microsoft PowerPoint|Microsoft Word|Monitoring|Reading Comprehension|SAP software|Science|Speaking|Writing
1421,Healthcare Representative,19,9,9,10,47.37,Active Listening|Critical Thinking|Google Analytics|HubSpot software|Linux|Microsoft Office software|Microsoft Outlook|Monitoring|Salesforce software|Writing,Active Learning|Amazon Web Services AWS software|Apache Hadoop|Google Workspace software|IBM SPSS Statistics|Intuit QuickBooks|Microsoft Excel|Reading Comprehension|Speaking
1422,Research Director,22,15,15,7,68.18,Active Listening|Critical Thinking|IBM SPSS Statistics|Microsoft PowerPoint|Microsoft Project|Speaking|Writing,Active Learning|Adobe Acrobat|Adobe Photoshop|ESRI ArcGIS software|Learning Strategies|Mathematics|Microsoft Access|Microsoft Excel|Microsoft Office software|Microsoft Outlook|Microsoft SharePoint|Microsoft Visio|Monitoring|Reading Comprehension|Science
1423,Research Director,22,16,16,6,72.73,Active Listening|ESRI ArcGIS software|Microsoft Office software|Monitoring|Science|Writing,Active Learning|Adobe Acrobat|Adobe Photoshop|Critical Thinking|IBM SPSS Statistics|Learning Strategies|Mathematics|Microsoft Access|Microsoft Excel|Microsoft Outlook|Microsoft PowerPoint|Microsoft Project|Microsoft SharePoint|Microsoft Visio|Reading Comprehension|Speaking
1424,Research Director,22,16,16,6,72.73,Active Learning|Active Listening|Microsoft Excel|Microsoft Visio|Monitoring|Reading Comprehension,Adobe Acrobat|Adobe Photoshop|Critical Thinking|ESRI ArcGIS software|IBM SPSS Statistics|Learning Strategies|Mathematics|Microsoft Access|Microsoft Office software|Microsoft Outlook|Microsoft PowerPoint|Microsoft Project|Microsoft SharePoint|Science|Speaking|Writing
1425,Sales Executive,19,10,10,9,52.63,Active Listening|Autodesk AutoCAD|Critical Thinking|Microsoft Excel|Microsoft Office software|Microsoft Outlook|Monitoring|Speaking|Writing,Active Learning|Adobe Acrobat|Adobe Creative Cloud software|Adobe Illustrator|Adobe InDesign|Adobe Photoshop|Apple macOS|Microsoft PowerPoint|Reading Comprehension|Salesforce software
1427,Sales Representative,19,7,7,12,36.84,Adobe Acrobat|Adobe Creative Cloud software|Apple macOS|Microsoft Excel|Microsoft Office software|Microsoft Outlook|Microsoft PowerPoint|Monitoring|Reading Comprehension|Salesforce software|Speaking|Writing,Active Learning|Active Listening|Adobe Illustrator|Adobe InDesign|Adobe Photoshop|Autodesk AutoCAD|Critical Thinking
1428,Sales Executive,19,9,9,10,47.37,Active Listening|Adobe Creative Cloud software|Adobe InDesign|Apple macOS|Autodesk AutoCAD|Microsoft Outlook|Microsoft PowerPoint|Salesforce software|Speaking|Writing,Active Learning|Adobe Acrobat|Adobe Illustrator|Adobe Photoshop|Critical Thinking|Microsoft Excel|Microsoft Office software|Monitoring|Reading Comprehension
1430,Research Director,22,11,11,11,50.0,Adobe Acrobat|ESRI ArcGIS software|Learning Strategies|Mathematics|Microsoft Access|Microsoft PowerPoint|Microsoft Project|Microsoft Visio|Monitoring|Science|Writing,Active Learning|Active Listening|Adobe Photoshop|Critical Thinking|IBM SPSS Statistics|Microsoft Excel|Microsoft Office software|Microsoft Outlook|Microsoft SharePoint|Reading Comprehension|Speaking
1431,Research Scientist,22,11,11,11,50.0,Active Listening|Apache Hadoop|Apache Spark|Bash|C|Docker|Learning Strategies|Mathematics|Monitoring|Reading Comprehension|Science,Active Learning|Amazon Web Services AWS software|Ansible software|Apache Kafka|C++|Critical Thinking|Git|GitHub|Go|Speaking|Writing
1433,Research Scientist,22,9,9,13,40.91,Active Learning|Active Listening|Ansible software|Apache Kafka|Bash|C|C++|GitHub|Go|Mathematics|Monitoring|Reading Comprehension|Writing,Amazon Web Services AWS software|Apache Hadoop|Apache Spark|Critical Thinking|Docker|Git|Learning Strategies|Science|Speaking
1434,Laboratory Technician,20,9,9,11,45.0,Active Listening|Critical Thinking|Data entry software|Microsoft Excel|Microsoft Office software|Microsoft Outlook|Microsoft PowerPoint|Monitoring|SAP software|Speaking|Writing,Active Learning|Billing software|Commercial plate reader software|Database software|Google Docs|MEDITECH software|Microsoft Word|Reading Comprehension|Science
1435,Laboratory Technician,20,10,10,10,50.0,Active Listening|Commercial plate reader software|Critical Thinking|Database software|Google Docs|Microsoft Office software|Monitoring|Reading Comprehension|Speaking|Writing,Active Learning|Billing software|Data entry software|MEDITECH software|Microsoft Excel|Microsoft Outlook|Microsoft PowerPoint|Microsoft Word|SAP software|Science
1436,Sales Executive,19,9,9,10,47.37,Adobe Creative Cloud software|Adobe Illustrator|Adobe InDesign|Adobe Photoshop|Critical Thinking|Microsoft Outlook|Microsoft PowerPoint|Monitoring|Reading Comprehension|Writing,Active Learning|Active Listening|Adobe Acrobat|Apple macOS|Autodesk AutoCAD|Microsoft Excel|Microsoft Office software|Salesforce software|Speaking
1438,Research Scientist,22,13,13,9,59.09,Active Listening|Ansible software|Apache Hadoop|Apache Spark|Docker|GitHub|Monitoring|Science|Writing,Active Learning|Amazon Web Services AWS software|Apache Kafka|Bash|C|C++|Critical Thinking|Git|Go|Learning Strategies|Mathematics|Reading Comprehension|Speaking
1439,Sales Representative,19,8,8,11,42.11,Adobe Acrobat|Adobe Illustrator|Adobe InDesign|Adobe Photoshop|Apple macOS|Microsoft Excel|Microsoft Outlook|Microsoft PowerPoint|Monitoring|Salesforce software|Speaking,Active Learning|Active Listening|Adobe Creative Cloud software|Autodesk AutoCAD|Critical Thinking|Microsoft Office software|Reading Comprehension|Writing
1440,Laboratory Technician,20,9,9,11,45.0,Active Listening|Billing software|Commercial plate reader software|Data entry software|Database software|Google Docs|Microsoft Excel|Microsoft Office software|Microsoft Word|Reading Comprehension|Science,Active Learning|Critical Thinking|MEDITECH software|Microsoft Outlook|Microsoft PowerPoint|Monitoring|SAP software|Speaking|Writing
1441,Research Scientist,22,10,10,12,45.45,Active Listening|Ansible software|Apache Kafka|Apache Spark|C|C++|Critical Thinking|Docker|GitHub|Learning Strategies|Reading Comprehension|Science,Active Learning|Amazon Web Services AWS software|Apache Hadoop|Bash|Git|Go|Mathematics|Monitoring|Speaking|Writing
1443,Research Director,22,15,15,7,68.18,Adobe Photoshop|IBM SPSS Statistics|Microsoft Excel|Microsoft PowerPoint|Microsoft Visio|Science|Speaking,Active Learning|Active Listening|Adobe Acrobat|Critical Thinking|ESRI ArcGIS software|Learning Strategies|Mathematics|Microsoft Access|Microsoft Office software|Microsoft Outlook|Microsoft Project|Microsoft SharePoint|Monitoring|Reading Comprehension|Writing
1445,Sales Executive,19,8,8,11,42.11,Adobe Creative Cloud software|Adobe Illustrator|Adobe InDesign|Autodesk AutoCAD|Critical Thinking|Microsoft Excel|Microsoft Office software|Microsoft Outlook|Monitoring|Salesforce software|Writing,Active Learning|Active Listening|Adobe Acrobat|Adobe Photoshop|Apple macOS|Microsoft PowerPoint|Reading Comprehension|Speaking
1446,Sales Executive,19,9,9,10,47.37,Active Learning|Active Listening|Adobe Acrobat|Adobe Creative Cloud software|Adobe InDesign|Microsoft Outlook|Microsoft PowerPoint|Reading Comprehension|Speaking|Writing,Adobe Illustrator|Adobe Photoshop|Apple macOS|Autodesk AutoCAD|Critical Thinking|Microsoft Excel|Microsoft Office software|Monitoring|Salesforce software
1447,Laboratory Technician,20,9,9,11,45.0,Active Learning|Billing software|Commercial plate reader software|Data entry software|Database software|MEDITECH software|Microsoft Excel|Microsoft Office software|Microsoft Outlook|Science|Speaking,Active Listening|Critical Thinking|Google Docs|Microsoft PowerPoint|Microsoft Word|Monitoring|Reading Comprehension|SAP software|Writing
1448,Research Scientist,22,10,10,12,45.45,Active Learning|Active Listening|Amazon Web Services AWS software|C++|Critical Thinking|Docker|GitHub|Learning Strategies|Mathematics|Monitoring|Reading Comprehension|Science,Ansible software|Apache Hadoop|Apache Kafka|Apache Spark|Bash|C|Git|Go|Speaking|Writing
1449,Laboratory Technician,20,10,10,10,50.0,Active Learning|Active Listening|Commercial plate reader software|Critical Thinking|Database software|Microsoft Excel|Microsoft Outlook|Microsoft PowerPoint|Science|Writing,Billing software|Data entry software|Google Docs|MEDITECH software|Microsoft Office software|Microsoft Word|Monitoring|Reading Comprehension|SAP software|Speaking
1453,Sales Executive,19,10,10,9,52.63,Active Listening|Adobe Illustrator|Adobe InDesign|Autodesk AutoCAD|Critical Thinking|Microsoft Outlook|Microsoft PowerPoint|Monitoring|Salesforce software,Active Learning|Adobe Acrobat|Adobe Creative Cloud software|Adobe Photoshop|Apple macOS|Microsoft Excel|Microsoft Office software|Reading Comprehension|Speaking|Writing
1457,Sales Executive,19,13,13,6,68.42,Adobe Acrobat|Adobe Illustrator|Microsoft Excel|Reading Comprehension|Speaking|Writing,Active Learning|Active Listening|Adobe Creative Cloud software|Adobe InDesign|Adobe Photoshop|Apple macOS|Autodesk AutoCAD|Critical Thinking|Microsoft Office software|Microsoft Outlook|Microsoft PowerPoint|Monitoring|Salesforce software
1458,Laboratory Technician,20,10,10,10,50.0,Active Learning|Data entry software|Database software|MEDITECH software|Microsoft Excel|Monitoring|Reading Comprehension|SAP software|Science|Speaking,Active Listening|Billing software|Commercial plate reader software|Critical Thinking|Google Docs|Microsoft Office software|Microsoft Outlook|Microsoft PowerPoint|Microsoft Word|Writing
1459,Manufacturing Director,20,10,10,10,50.0,Adobe Creative Cloud software|Amazon Web Services AWS software|Apache Hadoop|Apple macOS|Autodesk AutoCAD|Learning Strategies|Microsoft Excel|Reading Comprehension|Speaking|Writing,Active Learning|Active Listening|Adobe Acrobat|Adobe Photoshop|Atlassian Confluence|Atlassian JIRA|Critical Thinking|Microsoft Office software|Microsoft PowerPoint|Monitoring
1460,Healthcare Representative,19,12,12,7,63.16,Active Listening|Amazon Web Services AWS software|Google Analytics|Microsoft Outlook|Salesforce software|Speaking|Writing,Active Learning|Apache Hadoop|Critical Thinking|Google Workspace software|HubSpot software|IBM SPSS Statistics|Intuit QuickBooks|Linux|Microsoft Excel|Microsoft Office software|Monitoring|Reading Comprehension
1461,Human Resources,20,9,9,11,45.0,Active Listening|Adobe Creative Cloud software|Adobe InDesign|Applicant tracking software|Learning Strategies|Microsoft Excel|Microsoft Outlook|Monitoring|Reading Comprehension|Workday software|Writing,Active Learning|Adobe Acrobat|Adobe Illustrator|Adobe Photoshop|Critical Thinking|Microsoft Office software|Microsoft PowerPoint|Oracle HRIS|Speaking
1464,Laboratory Technician,20,9,9,11,45.0,Billing software|Commercial plate reader software|Data entry software|Google Docs|MEDITECH software|Microsoft Excel|Microsoft Word|Monitoring|Reading Comprehension|Science|Writing,Active Learning|Active Listening|Critical Thinking|Database software|Microsoft Office software|Microsoft Outlook|Microsoft PowerPoint|SAP software|Speaking
1465,Manufacturing Director,20,10,10,10,50.0,Adobe Acrobat|Adobe Photoshop|Amazon Web Services AWS software|Apache Hadoop|Atlassian Confluence|Autodesk AutoCAD|Learning Strategies|Microsoft Excel|Microsoft Office software|Writing,Active Learning|Active Listening|Adobe Creative Cloud software|Apple macOS|Atlassian JIRA|Critical Thinking|Microsoft PowerPoint|Monitoring|Reading Comprehension|Speaking
1466,Sales Executive,19,10,10,9,52.63,Adobe Acrobat|Adobe Creative Cloud software|Adobe Illustrator|Apple macOS|Autodesk AutoCAD|Critical Thinking|Microsoft PowerPoint|Monitoring|Reading Comprehension,Active Learning|Active Listening|Adobe InDesign|Adobe Photoshop|Microsoft Excel|Microsoft Office software|Microsoft Outlook|Salesforce software|Speaking|Writing
1467,Human Resources,20,8,8,12,40.0,Active Learning|Active Listening|Adobe Acrobat|Adobe Creative Cloud software|Adobe Illustrator|Applicant tracking software|Learning Strategies|Microsoft Outlook|Microsoft PowerPoint|Monitoring|Oracle HRIS|Speaking,Adobe InDesign|Adobe Photoshop|Critical Thinking|Microsoft Excel|Microsoft Office software|Reading Comprehension|Workday software|Writing
1468,Research Director,22,12,12,10,54.55,Active Learning|Adobe Acrobat|Critical Thinking|IBM SPSS Statistics|Microsoft Access|Microsoft Excel|Reading Comprehension|Science|Speaking|Writing,Active Listening|Adobe Photoshop|ESRI ArcGIS software|Learning Strategies|Mathematics|Microsoft Office software|Microsoft Outlook|Microsoft PowerPoint|Microsoft Project|Microsoft SharePoint|Microsoft Visio|Monitoring
1469,Sales Executive,19,8,8,11,42.11,Adobe Creative Cloud software|Adobe Illustrator|Apple macOS|Autodesk AutoCAD|Microsoft Excel|Microsoft Office software|Microsoft PowerPoint|Monitoring|Salesforce software|Speaking|Writing,Active Learning|Active Listening|Adobe Acrobat|Adobe InDesign|Adobe Photoshop|Critical Thinking|Microsoft Outlook|Reading Comprehension
1471,Laboratory Technician,20,9,9,11,45.0,Active Listening|Critical Thinking|Database software|MEDITECH software|Microsoft Outlook|Microsoft PowerPoint|Microsoft Word|Monitoring|Reading Comprehension|SAP software|Science,Active Learning|Billing software|Commercial plate reader software|Data entry software|Google Docs|Microsoft Excel|Microsoft Office software|Speaking|Writing
1472,Research Director,22,17,17,5,77.27,Active Listening|IBM SPSS Statistics|Microsoft Excel|Microsoft PowerPoint|Writing,Active Learning|Adobe Acrobat|Adobe Photoshop|Critical Thinking|ESRI ArcGIS software|Learning Strategies|Mathematics|Microsoft Access|Microsoft Office software|Microsoft Outlook|Microsoft Project|Microsoft SharePoint|Microsoft Visio|Monitoring|Reading Comprehension|Science|Speaking
1473,Healthcare Representative,19,11,11,8,57.89,Active Listening|Amazon Web Services AWS software|Apache Hadoop|Critical Thinking|HubSpot software|Intuit QuickBooks|Microsoft Excel|Speaking,Active Learning|Google Analytics|Google Workspace software|IBM SPSS Statistics|Linux|Microsoft Office software|Microsoft Outlook|Monitoring|Reading Comprehension|Salesforce software|Writing
1474,Research Scientist,22,10,10,12,45.45,Ansible software|Apache Hadoop|Apache Kafka|C++|Critical Thinking|Git|Go|Learning Strategies|Mathematics|Monitoring|Reading Comprehension|Speaking,Active Learning|Active Listening|Amazon Web Services AWS software|Apache Spark|Bash|C|Docker|GitHub|Science|Writing
1475,Research Scientist,22,10,10,12,45.45,Active Learning|Apache Kafka|Apache Spark|C|C++|Docker|Git|GitHub|Go|Learning Strategies|Speaking|Writing,Active Listening|Amazon Web Services AWS software|Ansible software|Apache Hadoop|Bash|Critical Thinking|Mathematics|Monitoring|Reading Comprehension|Science
1477,Sales Executive,19,8,8,11,42.11,Active Learning|Active Listening|Adobe Creative Cloud software|Adobe InDesign|Apple macOS|Autodesk AutoCAD|Critical Thinking|Microsoft Office software|Salesforce software|Speaking|Writing,Adobe Acrobat|Adobe Illustrator|Adobe Photoshop|Microsoft Excel|Microsoft Outlook|Microsoft PowerPoint|Monitoring|Reading Comprehension
1478,Sales Executive,19,10,10,9,52.63,Active Learning|Active Listening|Adobe Acrobat|Adobe Photoshop|Apple macOS|Autodesk AutoCAD|Salesforce software|Speaking|Writing,Adobe Creative Cloud software|Adobe Illustrator|Adobe InDesign|Critical Thinking|Microsoft Excel|Microsoft Office software|Microsoft Outlook|Microsoft PowerPoint|Monitoring|Reading Comprehension
1479,Sales Executive,19,8,8,11,42.11,Active Learning|Adobe Acrobat|Adobe Illustrator|Adobe Photoshop|Apple macOS|Autodesk AutoCAD|Critical Thinking|Microsoft Office software|Microsoft PowerPoint|Monitoring|Speaking,Active Listening|Adobe Creative Cloud software|Adobe InDesign|Microsoft Excel|Microsoft Outlook|Reading Comprehension|Salesforce software|Writing
1480,Laboratory Technician,20,10,10,10,50.0,Active Learning|Active Listening|Commercial plate reader software|Google Docs|Microsoft Excel|Microsoft Office software|Microsoft PowerPoint|Monitoring|SAP software|Writing,Billing software|Critical Thinking|Data entry software|Database software|MEDITECH software|Microsoft Outlook|Microsoft Word|Reading Comprehension|Science|Speaking
1481,Sales Executive,19,9,9,10,47.37,Adobe InDesign|Adobe Photoshop|Autodesk AutoCAD|Critical Thinking|Microsoft Office software|Microsoft Outlook|Microsoft PowerPoint|Monitoring|Salesforce software|Writing,Active Learning|Active Listening|Adobe Acrobat|Adobe Creative Cloud software|Adobe Illustrator|Apple macOS|Microsoft Excel|Reading Comprehension|Speaking
1482,Research Scientist,22,9,9,13,40.91,Amazon Web Services AWS software|Ansible software|Apache Hadoop|Apache Kafka|Apache Spark|Bash|C|Docker|Git|GitHub|Mathematics|Monitoring|Writing,Active Learning|Active Listening|C++|Critical Thinking|Go|Learning Strategies|Reading Comprehension|Science|Speaking
1483,Research Scientist,22,12,12,10,54.55,Amazon Web Services AWS software|Apache Spark|C|Git|GitHub|Go|Mathematics|Reading Comprehension|Science|Speaking,Active Learning|Active Listening|Ansible software|Apache Hadoop|Apache Kafka|Bash|C++|Critical Thinking|Docker|Learning Strategies|Monitoring|Writing
1484,Healthcare Representative,19,13,13,6,68.42,Google Analytics|Google Workspace software|Reading Comprehension|Salesforce software|Speaking|Writing,Active Learning|Active Listening|Amazon Web Services AWS software|Apache Hadoop|Critical Thinking|HubSpot software|IBM SPSS Statistics|Intuit QuickBooks|Linux|Microsoft Excel|Microsoft Office software|Microsoft Outlook|Monitoring
1485,Research Director,22,12,12,10,54.55,Active Learning|Active Listening|Critical Thinking|ESRI ArcGIS software|Mathematics|Microsoft SharePoint|Monitoring|Science|Speaking|Writing,Adobe Acrobat|Adobe Photoshop|IBM SPSS Statistics|Learning Strategies|Microsoft Access|Microsoft Excel|Microsoft Office software|Microsoft Outlook|Microsoft PowerPoint|Microsoft Project|Microsoft Visio|Reading Comprehension
1486,Sales Representative,19,8,8,11,42.11,Active Listening|Adobe Acrobat|Adobe Illustrator|Adobe Photoshop|Apple macOS|Autodesk AutoCAD|Microsoft Office software|Microsoft PowerPoint|Monitoring|Reading Comprehension|Speaking,Active Learning|Adobe Creative Cloud software|Adobe InDesign|Critical Thinking|Microsoft Excel|Microsoft Outlook|Salesforce software|Writing
1487,Sales Executive,19,9,9,10,47.37,Active Learning|Active Listening|Adobe Creative Cloud software|Adobe Illustrator|Adobe InDesign|Apple macOS|Microsoft Office software|Microsoft Outlook|Reading Comprehension|Writing,Adobe Acrobat|Adobe Photoshop|Autodesk AutoCAD|Critical Thinking|Microsoft Excel|Microsoft PowerPoint|Monitoring|Salesforce software|Speaking
1489,Sales Executive,19,11,11,8,57.89,Active Learning|Adobe Photoshop|Apple macOS|Autodesk AutoCAD|Microsoft PowerPoint|Salesforce software|Speaking|Writing,Active Listening|Adobe Acrobat|Adobe Creative Cloud software|Adobe Illustrator|Adobe InDesign|Critical Thinking|Microsoft Excel|Microsoft Office software|Microsoft Outlook|Monitoring|Reading Comprehension
1492,Sales Representative,19,7,7,12,36.84,Active Listening|Adobe Creative Cloud software|Adobe Illustrator|Adobe InDesign|Adobe Photoshop|Microsoft Excel|Microsoft Office software|Microsoft PowerPoint|Monitoring|Reading Comprehension|Speaking|Writing,Active Learning|Adobe Acrobat|Apple macOS|Autodesk AutoCAD|Critical Thinking|Microsoft Outlook|Salesforce software
1494,Laboratory Technician,20,8,8,12,40.0,Active Learning|Active Listening|Billing software|Commercial plate reader software|Critical Thinking|Database software|Google Docs|Microsoft Excel|Microsoft Office software|Monitoring|Reading Comprehension|Science,Data entry software|MEDITECH software|Microsoft Outlook|Microsoft PowerPoint|Microsoft Word|SAP software|Speaking|Writing
1495,Sales Representative,19,7,7,12,36.84,Active Learning|Active Listening|Adobe Creative Cloud software|Adobe InDesign|Apple macOS|Autodesk AutoCAD|Microsoft Office software|Microsoft Outlook|Microsoft PowerPoint|Monitoring|Speaking|Writing,Adobe Acrobat|Adobe Illustrator|Adobe Photoshop|Critical Thinking|Microsoft Excel|Reading Comprehension|Salesforce software
1496,Manufacturing Director,20,11,11,9,55.0,Active Listening|Adobe Photoshop|Amazon Web Services AWS software|Apple macOS|Autodesk AutoCAD|Critical Thinking|Microsoft Office software|Microsoft PowerPoint|Monitoring,Active Learning|Adobe Acrobat|Adobe Creative Cloud software|Apache Hadoop|Atlassian Confluence|Atlassian JIRA|Learning Strategies|Microsoft Excel|Reading Comprehension|Speaking|Writing
1497,Sales Executive,19,9,9,10,47.37,Active Learning|Adobe Acrobat|Adobe Creative Cloud software|Apple macOS|Autodesk AutoCAD|Critical Thinking|Microsoft Excel|Microsoft Outlook|Speaking|Writing,Active Listening|Adobe Illustrator|Adobe InDesign|Adobe Photoshop|Microsoft Office software|Microsoft PowerPoint|Monitoring|Reading Comprehension|Salesforce software
1499,Human Resources,20,9,9,11,45.0,Active Learning|Active Listening|Adobe Creative Cloud software|Adobe Photoshop|Applicant tracking software|Critical Thinking|Learning Strategies|Microsoft Office software|Monitoring|Oracle HRIS|Writing,Adobe Acrobat|Adobe Illustrator|Adobe InDesign|Microsoft Excel|Microsoft Outlook|Microsoft PowerPoint|Reading Comprehension|Speaking|Workday software
1501,Healthcare Representative,19,8,8,11,42.11,Active Learning|Amazon Web Services AWS software|Critical Thinking|Google Analytics|IBM SPSS Statistics|Intuit QuickBooks|Linux|Microsoft Office software|Microsoft Outlook|Salesforce software|Writing,Active Listening|Apache Hadoop|Google Workspace software|HubSpot software|Microsoft Excel|Monitoring|Reading Comprehension|Speaking
1502,Laboratory Technician,20,9,9,11,45.0,Active Listening|Billing software|Commercial plate reader software|Database software|Google Docs|MEDITECH software|Microsoft Office software|Microsoft PowerPoint|Microsoft Word|Science|Writing,Active Learning|Critical Thinking|Data entry software|Microsoft Excel|Microsoft Outlook|Monitoring|Reading Comprehension|SAP software|Speaking
1503,Sales Executive,19,9,9,10,47.37,Active Learning|Active Listening|Adobe Creative Cloud software|Adobe Illustrator|Adobe InDesign|Apple macOS|Microsoft Office software|Microsoft Outlook|Salesforce software|Speaking,Adobe Acrobat|Adobe Photoshop|Autodesk AutoCAD|Critical Thinking|Microsoft Excel|Microsoft PowerPoint|Monitoring|Reading Comprehension|Writing
1504,Laboratory Technician,20,9,9,11,45.0,Active Learning|Active Listening|Critical Thinking|Database software|Google Docs|Microsoft Office software|Microsoft Outlook|Microsoft Word|Monitoring|Reading Comprehension|SAP software,Billing software|Commercial plate reader software|Data entry software|MEDITECH software|Microsoft Excel|Microsoft PowerPoint|Science|Speaking|Writing
1506,Research Scientist,22,9,9,13,40.91,Active Learning|Amazon Web Services AWS software|Apache Kafka|Apache Spark|C|C++|Docker|GitHub|Learning Strategies|Mathematics|Monitoring|Reading Comprehension|Writing,Active Listening|Ansible software|Apache Hadoop|Bash|Critical Thinking|Git|Go|Science|Speaking
1507,Sales Executive,19,8,8,11,42.11,Active Listening|Adobe Illustrator|Adobe InDesign|Apple macOS|Critical Thinking|Microsoft Excel|Microsoft Outlook|Microsoft PowerPoint|Monitoring|Salesforce software|Writing,Active Learning|Adobe Acrobat|Adobe Creative Cloud software|Adobe Photoshop|Autodesk AutoCAD|Microsoft Office software|Reading Comprehension|Speaking
1509,Laboratory Technician,20,10,10,10,50.0,Critical Thinking|Data entry software|Database software|Google Docs|MEDITECH software|Microsoft Excel|Microsoft PowerPoint|Microsoft Word|Monitoring|SAP software,Active Learning|Active Listening|Billing software|Commercial plate reader software|Microsoft Office software|Microsoft Outlook|Reading Comprehension|Science|Speaking|Writing
1513,Laboratory Technician,20,8,8,12,40.0,Active Learning|Billing software|Critical Thinking|Data entry software|Database software|Microsoft Excel|Microsoft Office software|Microsoft Outlook|Microsoft PowerPoint|Monitoring|Reading Comprehension|Speaking,Active Listening|Commercial plate reader software|Google Docs|MEDITECH software|Microsoft Word|SAP software|Science|Writing
1514,Manufacturing Director,20,9,9,11,45.0,Active Learning|Active Listening|Adobe Photoshop|Apple macOS|Atlassian JIRA|Critical Thinking|Learning Strategies|Microsoft PowerPoint|Monitoring|Reading Comprehension|Writing,Adobe Acrobat|Adobe Creative Cloud software|Amazon Web Services AWS software|Apache Hadoop|Atlassian Confluence|Autodesk AutoCAD|Microsoft Excel|Microsoft Office software|Speaking
1515,Healthcare Representative,19,10,10,9,52.63,Active Learning|Active Listening|Critical Thinking|Google Analytics|Google Workspace software|Linux|Microsoft Office software|Microsoft Outlook|Salesforce software,Amazon Web Services AWS software|Apache Hadoop|HubSpot software|IBM SPSS Statistics|Intuit QuickBooks|Microsoft Excel|Monitoring|Reading Comprehension|Speaking|Writing
1516,Manager,20,10,10,10,50.0,Active Learning|Active Listening|Amazon Web Services AWS software|Atlassian Confluence|Atlassian JIRA|Learning Strategies|Microsoft Excel|Microsoft Office software|Monitoring|Writing,Adobe Acrobat|Adobe Creative Cloud software|Adobe Photoshop|Apache Hadoop|Apple macOS|Autodesk AutoCAD|Critical Thinking|Microsoft PowerPoint|Reading Comprehension|Speaking
1520,Manager,20,13,13,7,65.0,Active Learning|Amazon Web Services AWS software|Apache Hadoop|Apple macOS|Atlassian JIRA|Critical Thinking|Monitoring,Active Listening|Adobe Acrobat|Adobe Creative Cloud software|Adobe Photoshop|Atlassian Confluence|Autodesk AutoCAD|Learning Strategies|Microsoft Excel|Microsoft Office software|Microsoft PowerPoint|Reading Comprehension|Speaking|Writing
1522,Research Scientist,22,11,11,11,50.0,Active Learning|Active Listening|Amazon Web Services AWS software|Ansible software|Apache Hadoop|Apache Kafka|Apache Spark|Bash|C|C++|Monitoring,Critical Thinking|Docker|Git|GitHub|Go|Learning Strategies|Mathematics|Reading Comprehension|Science|Speaking|Writing
1523,Research Director,22,14,14,8,63.64,Active Listening|Adobe Acrobat|Adobe Photoshop|IBM SPSS Statistics|Mathematics|Microsoft Excel|Microsoft Visio|Science,Active Learning|Critical Thinking|ESRI ArcGIS software|Learning Strategies|Microsoft Access|Microsoft Office software|Microsoft Outlook|Microsoft PowerPoint|Microsoft Project|Microsoft SharePoint|Monitoring|Reading Comprehension|Speaking|Writing
1525,Manufacturing Director,20,10,10,10,50.0,Active Listening|Adobe Acrobat|Adobe Photoshop|Apache Hadoop|Apple macOS|Critical Thinking|Learning Strategies|Microsoft Office software|Microsoft PowerPoint|Monitoring,Active Learning|Adobe Creative Cloud software|Amazon Web Services AWS software|Atlassian Confluence|Atlassian JIRA|Autodesk AutoCAD|Microsoft Excel|Reading Comprehension|Speaking|Writing
1527,Manager,20,13,13,7,65.0,Active Learning|Adobe Acrobat|Apache Hadoop|Atlassian Confluence|Atlassian JIRA|Microsoft Excel|Monitoring,Active Listening|Adobe Creative Cloud software|Adobe Photoshop|Amazon Web Services AWS software|Apple macOS|Autodesk AutoCAD|Critical Thinking|Learning Strategies|Microsoft Office software|Microsoft PowerPoint|Reading Comprehension|Speaking|Writing
1529,Healthcare Representative,19,9,9,10,47.37,Amazon Web Services AWS software|Google Workspace software|Linux|Microsoft Excel|Microsoft Office software|Microsoft Outlook|Monitoring|Reading Comprehension|Salesforce software|Speaking,Active Learning|Active Listening|Apache Hadoop|Critical Thinking|Google Analytics|HubSpot software|IBM SPSS Statistics|Intuit QuickBooks|Writing
1533,Laboratory Technician,20,9,9,11,45.0,Active Listening|Billing software|Commercial plate reader software|MEDITECH software|Microsoft Excel|Microsoft Office software|Microsoft Outlook|Microsoft Word|Reading Comprehension|Science|Writing,Active Learning|Critical Thinking|Data entry software|Database software|Google Docs|Microsoft PowerPoint|Monitoring|SAP software|Speaking
1534,Laboratory Technician,20,11,11,9,55.0,Active Learning|Active Listening|Billing software|Database software|Microsoft Outlook|Microsoft Word|SAP software|Science|Writing,Commercial plate reader software|Critical Thinking|Data entry software|Google Docs|MEDITECH software|Microsoft Excel|Microsoft Office software|Microsoft PowerPoint|Monitoring|Reading Comprehension|Speaking
1535,Sales Executive,19,9,9,10,47.37,Adobe Acrobat|Adobe Creative Cloud software|Adobe InDesign|Apple macOS|Autodesk AutoCAD|Critical Thinking|Microsoft PowerPoint|Monitoring|Reading Comprehension|Speaking,Active Learning|Active Listening|Adobe Illustrator|Adobe Photoshop|Microsoft Excel|Microsoft Office software|Microsoft Outlook|Salesforce software|Writing
1537,Research Scientist,22,10,10,12,45.45,Active Listening|Amazon Web Services AWS software|C|Docker|Git|GitHub|Go|Learning Strategies|Mathematics|Monitoring|Reading Comprehension|Science,Active Learning|Ansible software|Apache Hadoop|Apache Kafka|Apache Spark|Bash|C++|Critical Thinking|Speaking|Writing
1539,Research Director,22,16,16,6,72.73,Active Learning|Learning Strategies|Mathematics|Microsoft Access|Microsoft Project|Speaking,Active Listening|Adobe Acrobat|Adobe Photoshop|Critical Thinking|ESRI ArcGIS software|IBM SPSS Statistics|Microsoft Excel|Microsoft Office software|Microsoft Outlook|Microsoft PowerPoint|Microsoft SharePoint|Microsoft Visio|Monitoring|Reading Comprehension|Science|Writing
1541,Sales Representative,19,10,10,9,52.63,Active Learning|Adobe Illustrator|Adobe Photoshop|Apple macOS|Critical Thinking|Microsoft Office software|Microsoft Outlook|Microsoft PowerPoint|Salesforce software,Active Listening|Adobe Acrobat|Adobe Creative Cloud software|Adobe InDesign|Autodesk AutoCAD|Microsoft Excel|Monitoring|Reading Comprehension|Speaking|Writing
1542,Laboratory Technician,20,8,8,12,40.0,Active Learning|Critical Thinking|Data entry software|Database software|MEDITECH software|Microsoft Excel|Microsoft Outlook|Microsoft Word|Monitoring|Reading Comprehension|SAP software|Science,Active Listening|Billing software|Commercial plate reader software|Google Docs|Microsoft Office software|Microsoft PowerPoint|Speaking|Writing
1543,Research Scientist,22,11,11,11,50.0,Active Learning|Active Listening|Apache Hadoop|C++|Critical Thinking|GitHub|Go|Mathematics|Monitoring|Speaking|Writing,Amazon Web Services AWS software|Ansible software|Apache Kafka|Apache Spark|Bash|C|Docker|Git|Learning Strategies|Reading Comprehension|Science
1544,Healthcare Representative,19,9,9,10,47.37,Active Learning|Apache Hadoop|Google Analytics|Google Workspace software|HubSpot software|Intuit QuickBooks|Microsoft Office software|Microsoft Outlook|Reading Comprehension|Salesforce software,Active Listening|Amazon Web Services AWS software|Critical Thinking|IBM SPSS Statistics|Linux|Microsoft Excel|Monitoring|Speaking|Writing
1545,Manufacturing Director,20,9,9,11,45.0,Adobe Acrobat|Amazon Web Services AWS software|Apple macOS|Atlassian Confluence|Critical Thinking|Microsoft Excel|Microsoft Office software|Microsoft PowerPoint|Monitoring|Reading Comprehension|Speaking,Active Learning|Active Listening|Adobe Creative Cloud software|Adobe Photoshop|Apache Hadoop|Atlassian JIRA|Autodesk AutoCAD|Learning Strategies|Writing
1546,Research Scientist,22,10,10,12,45.45,Active Listening|Amazon Web Services AWS software|Ansible software|Apache Hadoop|Apache Kafka|Apache Spark|C|Critical Thinking|Go|Monitoring|Reading Comprehension|Speaking,Active Learning|Bash|C++|Docker|Git|GitHub|Learning Strategies|Mathematics|Science|Writing
1547,Healthcare Representative,19,12,12,7,63.16,Amazon Web Services AWS software|Apache Hadoop|Critical Thinking|Intuit QuickBooks|Microsoft Excel|Monitoring|Writing,Active Learning|Active Listening|Google Analytics|Google Workspace software|HubSpot software|IBM SPSS Statistics|Linux|Microsoft Office software|Microsoft Outlook|Reading Comprehension|Salesforce software|Speaking
1548,Sales Executive,19,9,9,10,47.37,Adobe Creative Cloud software|Adobe InDesign|Adobe Photoshop|Apple macOS|Critical Thinking|Microsoft Excel|Microsoft PowerPoint|Monitoring|Speaking|Writing,Active Learning|Active Listening|Adobe Acrobat|Adobe Illustrator|Autodesk AutoCAD|Microsoft Office software|Microsoft Outlook|Reading Comprehension|Salesforce software
1549,Laboratory Technician,20,11,11,9,55.0,Billing software|Data entry software|Google Docs|MEDITECH software|Microsoft Excel|Microsoft PowerPoint|Monitoring|Reading Comprehension|Writing,Active Learning|Active Listening|Commercial plate reader software|Critical Thinking|Database software|Microsoft Office software|Microsoft Outlook|Microsoft Word|SAP software|Science|Speaking
1550,Manager,20,12,12,8,60.0,Active Learning|Amazon Web Services AWS software|Apple macOS|Atlassian JIRA|Critical Thinking|Microsoft Excel|Microsoft PowerPoint|Speaking,Active Listening|Adobe Acrobat|Adobe Creative Cloud software|Adobe Photoshop|Apache Hadoop|Atlassian Confluence|Autodesk AutoCAD|Learning Strategies|Microsoft Office software|Monitoring|Reading Comprehension|Writing
1551,Laboratory Technician,20,8,8,12,40.0,Billing software|Critical Thinking|Data entry software|Database software|MEDITECH software|Microsoft Excel|Microsoft Office software|Microsoft Outlook|Microsoft Word|Monitoring|Reading Comprehension|Science,Active Learning|Active Listening|Commercial plate reader software|Google Docs|Microsoft PowerPoint|SAP software|Speaking|Writing
1552,Healthcare Representative,19,9,9,10,47.37,Amazon Web Services AWS software|Google Workspace software|HubSpot software|IBM SPSS Statistics|Linux|Microsoft Office software|Microsoft Outlook|Monitoring|Reading Comprehension|Speaking,Active Learning|Active Listening|Apache Hadoop|Critical Thinking|Google Analytics|Intuit QuickBooks|Microsoft Excel|Salesforce software|Writing
1553,Healthcare Representative,19,9,9,10,47.37,Amazon Web Services AWS software|Critical Thinking|Google Workspace software|HubSpot software|Intuit QuickBooks|Linux|Microsoft Office software|Monitoring|Salesforce software|Writing,Active Learning|Active Listening|Apache Hadoop|Google Analytics|IBM SPSS Statistics|Microsoft Excel|Microsoft Outlook|Reading Comprehension|Speaking
1554,Sales Representative,19,8,8,11,42.11,Active Learning|Active Listening|Adobe Creative Cloud software|Adobe InDesign|Adobe Photoshop|Apple macOS|Autodesk AutoCAD|Critical Thinking|Microsoft Outlook|Monitoring|Salesforce software,Adobe Acrobat|Adobe Illustrator|Microsoft Excel|Microsoft Office software|Microsoft PowerPoint|Reading Comprehension|Speaking|Writing
1555,Research Scientist,22,11,11,11,50.0,Active Learning|Active Listening|Ansible software|Apache Kafka|Critical Thinking|Docker|Go|Learning Strategies|Mathematics|Monitoring|Reading Comprehension,Amazon Web Services AWS software|Apache Hadoop|Apache Spark|Bash|C|C++|Git|GitHub|Science|Speaking|Writing
1556,Sales Representative,19,9,9,10,47.37,Active Learning|Active Listening|Adobe Photoshop|Apple macOS|Autodesk AutoCAD|Critical Thinking|Microsoft Excel|Microsoft Outlook|Speaking|Writing,Adobe Acrobat|Adobe Creative Cloud software|Adobe Illustrator|Adobe InDesign|Microsoft Office software|Microsoft PowerPoint|Monitoring|Reading Comprehension|Salesforce software
1557,Sales Executive,19,11,11,8,57.89,Active Learning|Adobe Acrobat|Adobe Photoshop|Critical Thinking|Microsoft Excel|Microsoft PowerPoint|Salesforce software|Writing,Active Listening|Adobe Creative Cloud software|Adobe Illustrator|Adobe InDesign|Apple macOS|Autodesk AutoCAD|Microsoft Office software|Microsoft Outlook|Monitoring|Reading Comprehension|Speaking
1558,Research Scientist,22,10,10,12,45.45,Active Learning|Amazon Web Services AWS software|Apache Spark|Bash|Critical Thinking|Docker|Git|GitHub|Learning Strategies|Monitoring|Science|Writing,Active Listening|Ansible software|Apache Hadoop|Apache Kafka|C|C++|Go|Mathematics|Reading Comprehension|Speaking
1560,Sales Executive,19,9,9,10,47.37,Active Learning|Active Listening|Adobe Acrobat|Adobe Illustrator|Adobe Photoshop|Autodesk AutoCAD|Critical Thinking|Microsoft PowerPoint|Speaking|Writing,Adobe Creative Cloud software|Adobe InDesign|Apple macOS|Microsoft Excel|Microsoft Office software|Microsoft Outlook|Monitoring|Reading Comprehension|Salesforce software
1562,Sales Executive,19,9,9,10,47.37,Active Listening|Adobe Acrobat|Adobe Creative Cloud software|Adobe InDesign|Adobe Photoshop|Autodesk AutoCAD|Microsoft Outlook|Monitoring|Salesforce software|Writing,Active Learning|Adobe Illustrator|Apple macOS|Critical Thinking|Microsoft Excel|Microsoft Office software|Microsoft PowerPoint|Reading Comprehension|Speaking
1563,Human Resources,20,10,10,10,50.0,Active Learning|Active Listening|Adobe Creative Cloud software|Adobe Illustrator|Adobe InDesign|Adobe Photoshop|Learning Strategies|Microsoft Outlook|Reading Comprehension|Workday software,Adobe Acrobat|Applicant tracking software|Critical Thinking|Microsoft Excel|Microsoft Office software|Microsoft PowerPoint|Monitoring|Oracle HRIS|Speaking|Writing
1564,Laboratory Technician,20,8,8,12,40.0,Critical Thinking|Database software|Google Docs|MEDITECH software|Microsoft Office software|Microsoft Outlook|Microsoft PowerPoint|Monitoring|Reading Comprehension|SAP software|Science|Speaking,Active Learning|Active Listening|Billing software|Commercial plate reader software|Data entry software|Microsoft Excel|Microsoft Word|Writing
1568,Sales Executive,19,9,9,10,47.37,Active Learning|Active Listening|Adobe Creative Cloud software|Adobe Photoshop|Apple macOS|Autodesk AutoCAD|Monitoring|Salesforce software|Speaking|Writing,Adobe Acrobat|Adobe Illustrator|Adobe InDesign|Critical Thinking|Microsoft Excel|Microsoft Office software|Microsoft Outlook|Microsoft PowerPoint|Reading Comprehension
1569,Laboratory Technician,20,8,8,12,40.0,Active Learning|Active Listening|Billing software|Critical Thinking|Google Docs|Microsoft Outlook|Microsoft Word|Monitoring|Reading Comprehension|SAP software|Science|Writing,Commercial plate reader software|Data entry software|Database software|MEDITECH software|Microsoft Excel|Microsoft Office software|Microsoft PowerPoint|Speaking
1572,Manufacturing Director,20,15,15,5,75.0,Apache Hadoop|Apple macOS|Autodesk AutoCAD|Microsoft Excel|Reading Comprehension,Active Learning|Active Listening|Adobe Acrobat|Adobe Creative Cloud software|Adobe Photoshop|Amazon Web Services AWS software|Atlassian Confluence|Atlassian JIRA|Critical Thinking|Learning Strategies|Microsoft Office software|Microsoft PowerPoint|Monitoring|Speaking|Writing
1573,Manufacturing Director,20,9,9,11,45.0,Active Listening|Adobe Creative Cloud software|Adobe Photoshop|Apache Hadoop|Atlassian Confluence|Atlassian JIRA|Critical Thinking|Learning Strategies|Microsoft PowerPoint|Speaking|Writing,Active Learning|Adobe Acrobat|Amazon Web Services AWS software|Apple macOS|Autodesk AutoCAD|Microsoft Excel|Microsoft Office software|Monitoring|Reading Comprehension
1574,Research Scientist,22,11,11,11,50.0,Active Listening|Apache Hadoop|Apache Spark|Bash|C++|Critical Thinking|Git|GitHub|Learning Strategies|Reading Comprehension|Speaking,Active Learning|Amazon Web Services AWS software|Ansible software|Apache Kafka|C|Docker|Go|Mathematics|Monitoring|Science|Writing
1576,Research Scientist,22,11,11,11,50.0,Active Learning|Amazon Web Services AWS software|Apache Spark|C++|Critical Thinking|Git|GitHub|Go|Learning Strategies|Mathematics|Reading Comprehension,Active Listening|Ansible software|Apache Hadoop|Apache Kafka|Bash|C|Docker|Monitoring|Science|Speaking|Writing
1577,Research Scientist,22,9,9,13,40.91,Amazon Web Services AWS software|Ansible software|Apache Kafka|Apache Spark|Bash|C++|Git|GitHub|Go|Mathematics|Reading Comprehension|Science|Writing,Active Learning|Active Listening|Apache Hadoop|C|Critical Thinking|Docker|Learning Strategies|Monitoring|Speaking
1578,Manager,20,16,16,4,80.0,Adobe Creative Cloud software|Critical Thinking|Learning Strategies|Microsoft Excel,Active Learning|Active Listening|Adobe Acrobat|Adobe Photoshop|Amazon Web Services AWS software|Apache Hadoop|Apple macOS|Atlassian Confluence|Atlassian JIRA|Autodesk AutoCAD|Microsoft Office software|Microsoft PowerPoint|Monitoring|Reading Comprehension|Speaking|Writing
1580,Research Scientist,22,11,11,11,50.0,Active Learning|Active Listening|Amazon Web Services AWS software|Apache Hadoop|Apache Kafka|C|C++|Critical Thinking|Git|Learning Strategies|Reading Comprehension,Ansible software|Apache Spark|Bash|Docker|GitHub|Go|Mathematics|Monitoring|Science|Speaking|Writing
1581,Research Scientist,22,9,9,13,40.91,Active Learning|Amazon Web Services AWS software|Apache Kafka|Bash|C|Critical Thinking|Docker|Go|Learning Strategies|Reading Comprehension|Science|Speaking|Writing,Active Listening|Ansible software|Apache Hadoop|Apache Spark|C++|Git|GitHub|Mathematics|Monitoring
1582,Sales Executive,19,9,9,10,47.37,Active Listening|Adobe Illustrator|Adobe Photoshop|Apple macOS|Autodesk AutoCAD|Critical Thinking|Microsoft PowerPoint|Monitoring|Salesforce software|Writing,Active Learning|Adobe Acrobat|Adobe Creative Cloud software|Adobe InDesign|Microsoft Excel|Microsoft Office software|Microsoft Outlook|Reading Comprehension|Speaking
1583,Sales Executive,19,9,9,10,47.37,Active Listening|Adobe Acrobat|Adobe Creative Cloud software|Adobe Illustrator|Adobe InDesign|Adobe Photoshop|Apple macOS|Critical Thinking|Reading Comprehension|Salesforce software,Active Learning|Autodesk AutoCAD|Microsoft Excel|Microsoft Office software|Microsoft Outlook|Microsoft PowerPoint|Monitoring|Speaking|Writing
1585,Sales Executive,19,10,10,9,52.63,Active Learning|Active Listening|Adobe Creative Cloud software|Adobe Illustrator|Adobe InDesign|Adobe Photoshop|Critical Thinking|Monitoring|Reading Comprehension,Adobe Acrobat|Apple macOS|Autodesk AutoCAD|Microsoft Excel|Microsoft Office software|Microsoft Outlook|Microsoft PowerPoint|Salesforce software|Speaking|Writing
1586,Laboratory Technician,20,10,10,10,50.0,Active Learning|Commercial plate reader software|Critical Thinking|Google Docs|Microsoft Office software|Microsoft Outlook|Microsoft PowerPoint|Reading Comprehension|SAP software|Writing,Active Listening|Billing software|Data entry software|Database software|MEDITECH software|Microsoft Excel|Microsoft Word|Monitoring|Science|Speaking
1587,Healthcare Representative,19,9,9,10,47.37,Amazon Web Services AWS software|Apache Hadoop|Google Analytics|HubSpot software|IBM SPSS Statistics|Intuit QuickBooks|Linux|Microsoft Excel|Microsoft Office software|Microsoft Outlook,Active Learning|Active Listening|Critical Thinking|Google Workspace software|Monitoring|Reading Comprehension|Salesforce software|Speaking|Writing
1588,Sales Executive,19,9,9,10,47.37,Active Learning|Adobe Acrobat|Adobe Creative Cloud software|Adobe InDesign|Autodesk AutoCAD|Critical Thinking|Microsoft Excel|Monitoring|Reading Comprehension|Speaking,Active Listening|Adobe Illustrator|Adobe Photoshop|Apple macOS|Microsoft Office software|Microsoft Outlook|Microsoft PowerPoint|Salesforce software|Writing
1590,Healthcare Representative,19,8,8,11,42.11,Active Listening|Google Analytics|Google Workspace software|IBM SPSS Statistics|Intuit QuickBooks|Microsoft Excel|Microsoft Office software|Microsoft Outlook|Salesforce software|Speaking|Writing,Active Learning|Amazon Web Services AWS software|Apache Hadoop|Critical Thinking|HubSpot software|Linux|Monitoring|Reading Comprehension
1591,Manager,20,14,14,6,70.0,Adobe Photoshop|Amazon Web Services AWS software|Critical Thinking|Learning Strategies|Microsoft PowerPoint|Speaking,Active Learning|Active Listening|Adobe Acrobat|Adobe Creative Cloud software|Apache Hadoop|Apple macOS|Atlassian Confluence|Atlassian JIRA|Autodesk AutoCAD|Microsoft Excel|Microsoft Office software|Monitoring|Reading Comprehension|Writing
1592,Research Scientist,22,9,9,13,40.91,Active Learning|Apache Hadoop|Bash|C|C++|Critical Thinking|Docker|Git|GitHub|Learning Strategies|Mathematics|Science|Writing,Active Listening|Amazon Web Services AWS software|Ansible software|Apache Kafka|Apache Spark|Go|Monitoring|Reading Comprehension|Speaking
1594,Laboratory Technician,20,10,10,10,50.0,Active Learning|Billing software|Data entry software|MEDITECH software|Microsoft Office software|Microsoft PowerPoint|Microsoft Word|Monitoring|Reading Comprehension|Writing,Active Listening|Commercial plate reader software|Critical Thinking|Database software|Google Docs|Microsoft Excel|Microsoft Outlook|SAP software|Science|Speaking
1595,Manager,20,13,13,7,65.0,Active Listening|Adobe Acrobat|Apache Hadoop|Atlassian JIRA|Autodesk AutoCAD|Microsoft Excel|Monitoring,Active Learning|Adobe Creative Cloud software|Adobe Photoshop|Amazon Web Services AWS software|Apple macOS|Atlassian Confluence|Critical Thinking|Learning Strategies|Microsoft Office software|Microsoft PowerPoint|Reading Comprehension|Speaking|Writing
1596,Laboratory Technician,20,10,10,10,50.0,Active Listening|Commercial plate reader software|Critical Thinking|Data entry software|Database software|Google Docs|MEDITECH software|Microsoft Office software|SAP software|Science,Active Learning|Billing software|Microsoft Excel|Microsoft Outlook|Microsoft PowerPoint|Microsoft Word|Monitoring|Reading Comprehension|Speaking|Writing
1597,Healthcare Representative,19,9,9,10,47.37,Active Listening|Google Analytics|Google Workspace software|IBM SPSS Statistics|Intuit QuickBooks|Linux|Microsoft Excel|Microsoft Office software|Microsoft Outlook|Salesforce software,Active Learning|Amazon Web Services AWS software|Apache Hadoop|Critical Thinking|HubSpot software|Monitoring|Reading Comprehension|Speaking|Writing
1598,Sales Executive,19,8,8,11,42.11,Active Learning|Active Listening|Adobe Acrobat|Adobe Creative Cloud software|Adobe Illustrator|Apple macOS|Microsoft Excel|Microsoft Outlook|Monitoring|Salesforce software|Speaking,Adobe InDesign|Adobe Photoshop|Autodesk AutoCAD|Critical Thinking|Microsoft Office software|Microsoft PowerPoint|Reading Comprehension|Writing
1599,Laboratory Technician,20,9,9,11,45.0,Active Learning|Active Listening|Billing software|Critical Thinking|Data entry software|Database software|Google Docs|Microsoft PowerPoint|Science|Speaking|Writing,Commercial plate reader software|MEDITECH software|Microsoft Excel|Microsoft Office software|Microsoft Outlook|Microsoft Word|Monitoring|Reading Comprehension|SAP software
1601,Laboratory Technician,20,8,8,12,40.0,Active Learning|Billing software|Commercial plate reader software|Critical Thinking|Data entry software|Database software|MEDITECH software|Microsoft Excel|Microsoft PowerPoint|Monitoring|SAP software|Speaking,Active Listening|Google Docs|Microsoft Office software|Microsoft Outlook|Microsoft Word|Reading Comprehension|Science|Writing
1602,Manager,20,14,14,6,70.0,Active Learning|Adobe Acrobat|Adobe Photoshop|Autodesk AutoCAD|Learning Strategies|Monitoring,Active Listening|Adobe Creative Cloud software|Amazon Web Services AWS software|Apache Hadoop|Apple macOS|Atlassian Confluence|Atlassian JIRA|Critical Thinking|Microsoft Excel|Microsoft Office software|Microsoft PowerPoint|Reading Comprehension|Speaking|Writing
1604,Laboratory Technician,20,8,8,12,40.0,Active Learning|Active Listening|Billing software|Commercial plate reader software|Critical Thinking|Data entry software|Database software|MEDITECH software|Monitoring|Reading Comprehension|Science|Speaking,Google Docs|Microsoft Excel|Microsoft Office software|Microsoft Outlook|Microsoft PowerPoint|Microsoft Word|SAP software|Writing
1605,Research Scientist,22,9,9,13,40.91,Active Listening|Amazon Web Services AWS software|Apache Hadoop|C|C++|Critical Thinking|Docker|Git|GitHub|Mathematics|Monitoring|Science|Speaking,Active Learning|Ansible software|Apache Kafka|Apache Spark|Bash|Go|Learning Strategies|Reading Comprehension|Writing
1606,Healthcare Representative,19,14,14,5,73.68,Apache Hadoop|Google Workspace software|Microsoft Excel|Monitoring|Salesforce software,Active Learning|Active Listening|Amazon Web Services AWS software|Critical Thinking|Google Analytics|HubSpot software|IBM SPSS Statistics|Intuit QuickBooks|Linux|Microsoft Office software|Microsoft Outlook|Reading Comprehension|Speaking|Writing
1607,Research Scientist,22,10,10,12,45.45,Active Learning|Ansible software|Apache Hadoop|Apache Spark|Bash|C|Docker|GitHub|Go|Mathematics|Speaking|Writing,Active Listening|Amazon Web Services AWS software|Apache Kafka|C++|Critical Thinking|Git|Learning Strategies|Monitoring|Reading Comprehension|Science
1608,Research Director,22,14,14,8,63.64,Active Learning|Adobe Acrobat|Critical Thinking|Learning Strategies|Microsoft Access|Microsoft Outlook|Monitoring|Writing,Active Listening|Adobe Photoshop|ESRI ArcGIS software|IBM SPSS Statistics|Mathematics|Microsoft Excel|Microsoft Office software|Microsoft PowerPoint|Microsoft Project|Microsoft SharePoint|Microsoft Visio|Reading Comprehension|Science|Speaking
1609,Research Scientist,22,10,10,12,45.45,Amazon Web Services AWS software|Apache Hadoop|Apache Kafka|Apache Spark|Bash|C++|Critical Thinking|Git|Go|Learning Strategies|Mathematics|Speaking,Active Learning|Active Listening|Ansible software|C|Docker|GitHub|Monitoring|Reading Comprehension|Science|Writing
1611,Laboratory Technician,20,10,10,10,50.0,Commercial plate reader software|Data entry software|MEDITECH software|Microsoft Excel|Microsoft Office software|Microsoft PowerPoint|Microsoft Word|Monitoring|Reading Comprehension|SAP software,Active Learning|Active Listening|Billing software|Critical Thinking|Database software|Google Docs|Microsoft Outlook|Science|Speaking|Writing
1612,Sales Executive,19,9,9,10,47.37,Active Learning|Active Listening|Adobe Creative Cloud software|Adobe Illustrator|Adobe InDesign|Adobe Photoshop|Apple macOS|Microsoft Office software|Microsoft PowerPoint|Monitoring,Adobe Acrobat|Autodesk AutoCAD|Critical Thinking|Microsoft Excel|Microsoft Outlook|Reading Comprehension|Salesforce software|Speaking|Writing
1613,Sales Executive,19,9,9,10,47.37,Active Learning|Active Listening|Adobe Creative Cloud software|Adobe Illustrator|Apple macOS|Autodesk AutoCAD|Critical Thinking|Microsoft Excel|Microsoft Outlook|Microsoft PowerPoint,Adobe Acrobat|Adobe InDesign|Adobe Photoshop|Microsoft Office software|Monitoring|Reading Comprehension|Salesforce software|Speaking|Writing
1614,Manufacturing Director,20,9,9,11,45.0,Active Learning|Active Listening|Adobe Acrobat|Adobe Photoshop|Autodesk AutoCAD|Critical Thinking|Microsoft Excel|Microsoft Office software|Microsoft PowerPoint|Speaking|Writing,Adobe Creative Cloud software|Amazon Web Services AWS software|Apache Hadoop|Apple macOS|Atlassian Confluence|Atlassian JIRA|Learning Strategies|Monitoring|Reading Comprehension
1615,Manufacturing Director,20,10,10,10,50.0,Active Learning|Active Listening|Adobe Acrobat|Atlassian Confluence|Critical Thinking|Learning Strategies|Microsoft Office software|Microsoft PowerPoint|Monitoring|Reading Comprehension,Adobe Creative Cloud software|Adobe Photoshop|Amazon Web Services AWS software|Apache Hadoop|Apple macOS|Atlassian JIRA|Autodesk AutoCAD|Microsoft Excel|Speaking|Writing
1617,Laboratory Technician,20,10,10,10,50.0,Billing software|Commercial plate reader software|Critical Thinking|Database software|Microsoft PowerPoint|Monitoring|SAP software|Science|Speaking|Writing,Active Learning|Active Listening|Data entry software|Google Docs|MEDITECH software|Microsoft Excel|Microsoft Office software|Microsoft Outlook|Microsoft Word|Reading Comprehension
1618,Manufacturing Director,20,10,10,10,50.0,Active Learning|Active Listening|Adobe Acrobat|Adobe Creative Cloud software|Adobe Photoshop|Amazon Web Services AWS software|Apple macOS|Atlassian JIRA|Microsoft PowerPoint|Writing,Apache Hadoop|Atlassian Confluence|Autodesk AutoCAD|Critical Thinking|Learning Strategies|Microsoft Excel|Microsoft Office software|Monitoring|Reading Comprehension|Speaking
1619,Laboratory Technician,20,9,9,11,45.0,Active Learning|Active Listening|Commercial plate reader software|Critical Thinking|Data entry software|MEDITECH software|Microsoft Excel|Microsoft PowerPoint|Monitoring|Reading Comprehension|Science,Billing software|Database software|Google Docs|Microsoft Office software|Microsoft Outlook|Microsoft Word|SAP software|Speaking|Writing
1621,Research Scientist,22,12,12,10,54.55,Active Learning|Active Listening|Apache Kafka|Apache Spark|C|C++|Critical Thinking|Learning Strategies|Mathematics|Reading Comprehension,Amazon Web Services AWS software|Ansible software|Apache Hadoop|Bash|Docker|Git|GitHub|Go|Monitoring|Science|Speaking|Writing
1622,Manufacturing Director,20,9,9,11,45.0,Active Learning|Active Listening|Adobe Acrobat|Adobe Photoshop|Apache Hadoop|Atlassian Confluence|Atlassian JIRA|Autodesk AutoCAD|Learning Strategies|Microsoft PowerPoint|Speaking,Adobe Creative Cloud software|Amazon Web Services AWS software|Apple macOS|Critical Thinking|Microsoft Excel|Microsoft Office software|Monitoring|Reading Comprehension|Writing
1623,Research Scientist,22,9,9,13,40.91,Active Learning|Amazon Web Services AWS software|Ansible software|Apache Kafka|Bash|Critical Thinking|Docker|GitHub|Go|Mathematics|Monitoring|Science|Speaking,Active Listening|Apache Hadoop|Apache Spark|C|C++|Git|Learning Strategies|Reading Comprehension|Writing
1624,Sales Representative,19,7,7,12,36.84,Active Listening|Adobe Acrobat|Adobe Creative Cloud software|Adobe Illustrator|Adobe InDesign|Adobe Photoshop|Critical Thinking|Microsoft Outlook|Microsoft PowerPoint|Monitoring|Speaking|Writing,Active Learning|Apple macOS|Autodesk AutoCAD|Microsoft Excel|Microsoft Office software|Reading Comprehension|Salesforce software
1625,Manager,20,14,14,6,70.0,Adobe Photoshop|Critical Thinking|Learning Strategies|Monitoring|Speaking|Writing,Active Learning|Active Listening|Adobe Acrobat|Adobe Creative Cloud software|Amazon Web Services AWS software|Apache Hadoop|Apple macOS|Atlassian Confluence|Atlassian JIRA|Autodesk AutoCAD|Microsoft Excel|Microsoft Office software|Microsoft PowerPoint|Reading Comprehension
1627,Laboratory Technician,20,10,10,10,50.0,Active Learning|Billing software|Microsoft Excel|Microsoft Office software|Microsoft PowerPoint|Microsoft Word|Reading Comprehension|SAP software|Speaking|Writing,Active Listening|Commercial plate reader software|Critical Thinking|Data entry software|Database software|Google Docs|MEDITECH software|Microsoft Outlook|Monitoring|Science
1628,Manufacturing Director,20,12,12,8,60.0,Active Learning|Active Listening|Adobe Acrobat|Apple macOS|Microsoft Excel|Microsoft Office software|Microsoft PowerPoint|Writing,Adobe Creative Cloud software|Adobe Photoshop|Amazon Web Services AWS software|Apache Hadoop|Atlassian Confluence|Atlassian JIRA|Autodesk AutoCAD|Critical Thinking|Learning Strategies|Monitoring|Reading Comprehension|Speaking
1630,Healthcare Representative,19,10,10,9,52.63,Amazon Web Services AWS software|Critical Thinking|Google Analytics|Google Workspace software|IBM SPSS Statistics|Microsoft Excel|Salesforce software|Speaking|Writing,Active Learning|Active Listening|Apache Hadoop|HubSpot software|Intuit QuickBooks|Linux|Microsoft Office software|Microsoft Outlook|Monitoring|Reading Comprehension
1631,Manufacturing Director,20,10,10,10,50.0,Active Learning|Active Listening|Adobe Photoshop|Apache Hadoop|Apple macOS|Atlassian Confluence|Autodesk AutoCAD|Microsoft Excel|Reading Comprehension|Speaking,Adobe Acrobat|Adobe Creative Cloud software|Amazon Web Services AWS software|Atlassian JIRA|Critical Thinking|Learning Strategies|Microsoft Office software|Microsoft PowerPoint|Monitoring|Writing
1633,Manufacturing Director,20,10,10,10,50.0,Active Listening|Adobe Acrobat|Adobe Creative Cloud software|Amazon Web Services AWS software|Apache Hadoop|Apple macOS|Autodesk AutoCAD|Critical Thinking|Learning Strategies|Microsoft Office software,Active Learning|Adobe Photoshop|Atlassian Confluence|Atlassian JIRA|Microsoft Excel|Microsoft PowerPoint|Monitoring|Reading Comprehension|Speaking|Writing
1635,Manufacturing Director,20,10,10,10,50.0,Adobe Acrobat|Adobe Creative Cloud software|Adobe Photoshop|Apache Hadoop|Apple macOS|Atlassian JIRA|Learning Strategies|Microsoft Excel|Monitoring|Writing,Active Learning|Active Listening|Amazon Web Services AWS software|Atlassian Confluence|Autodesk AutoCAD|Critical Thinking|Microsoft Office software|Microsoft PowerPoint|Reading Comprehension|Speaking
1638,Manufacturing Director,20,10,10,10,50.0,Active Listening|Adobe Photoshop|Amazon Web Services AWS software|Apache Hadoop|Apple macOS|Atlassian JIRA|Critical Thinking|Learning Strategies|Microsoft PowerPoint|Speaking,Active Learning|Adobe Acrobat|Adobe Creative Cloud software|Atlassian Confluence|Autodesk AutoCAD|Microsoft Excel|Microsoft Office software|Monitoring|Reading Comprehension|Writing
1639,Sales Executive,19,10,10,9,52.63,Active Learning|Adobe Acrobat|Adobe InDesign|Apple macOS|Autodesk AutoCAD|Microsoft Excel|Microsoft PowerPoint|Reading Comprehension|Salesforce software,Active Listening|Adobe Creative Cloud software|Adobe Illustrator|Adobe Photoshop|Critical Thinking|Microsoft Office software|Microsoft Outlook|Monitoring|Speaking|Writing
1640,Research Scientist,22,10,10,12,45.45,Active Listening|Apache Spark|Bash|C|Critical Thinking|Docker|Git|Go|Mathematics|Reading Comprehension|Science|Writing,Active Learning|Amazon Web Services AWS software|Ansible software|Apache Hadoop|Apache Kafka|C++|GitHub|Learning Strategies|Monitoring|Speaking
1641,Manufacturing Director,20,12,12,8,60.0,Adobe Creative Cloud software|Adobe Photoshop|Amazon Web Services AWS software|Apple macOS|Atlassian JIRA|Critical Thinking|Monitoring|Speaking,Active Learning|Active Listening|Adobe Acrobat|Apache Hadoop|Atlassian Confluence|Autodesk AutoCAD|Learning Strategies|Microsoft Excel|Microsoft Office software|Microsoft PowerPoint|Reading Comprehension|Writing
1642,Human Resources,20,11,11,9,55.0,Active Learning|Active Listening|Adobe InDesign|Applicant tracking software|Critical Thinking|Oracle HRIS|Speaking|Workday software|Writing,Adobe Acrobat|Adobe Creative Cloud software|Adobe Illustrator|Adobe Photoshop|Learning Strategies|Microsoft Excel|Microsoft Office software|Microsoft Outlook|Microsoft PowerPoint|Monitoring|Reading Comprehension
1644,Manager,20,13,13,7,65.0,Active Learning|Adobe Acrobat|Amazon Web Services AWS software|Atlassian Confluence|Atlassian JIRA|Autodesk AutoCAD|Critical Thinking,Active Listening|Adobe Creative Cloud software|Adobe Photoshop|Apache Hadoop|Apple macOS|Learning Strategies|Microsoft Excel|Microsoft Office software|Microsoft PowerPoint|Monitoring|Reading Comprehension|Speaking|Writing
1645,Sales Executive,19,9,9,10,47.37,Active Listening|Adobe Illustrator|Adobe InDesign|Adobe Photoshop|Autodesk AutoCAD|Critical Thinking|Microsoft Outlook|Microsoft PowerPoint|Reading Comprehension|Salesforce software,Active Learning|Adobe Acrobat|Adobe Creative Cloud software|Apple macOS|Microsoft Excel|Microsoft Office software|Monitoring|Speaking|Writing
1646,Research Scientist,22,10,10,12,45.45,Active Learning|Ansible software|Apache Hadoop|Apache Kafka|Apache Spark|Critical Thinking|Docker|GitHub|Learning Strategies|Reading Comprehension|Science|Speaking,Active Listening|Amazon Web Services AWS software|Bash|C|C++|Git|Go|Mathematics|Monitoring|Writing
1647,Research Scientist,22,10,10,12,45.45,Active Listening|Apache Kafka|Apache Spark|Critical Thinking|GitHub|Learning Strategies|Mathematics|Monitoring|Reading Comprehension|Science|Speaking|Writing,Active Learning|Amazon Web Services AWS software|Ansible software|Apache Hadoop|Bash|C|C++|Docker|Git|Go
1648,Research Scientist,22,10,10,12,45.45,Active Learning|Active Listening|Amazon Web Services AWS software|Ansible software|Apache Hadoop|Apache Kafka|C++|Critical Thinking|Learning Strategies|Mathematics|Monitoring|Science,Apache Spark|Bash|C|Docker|Git|GitHub|Go|Reading Comprehension|Speaking|Writing
1649,Laboratory Technician,20,10,10,10,50.0,Active Listening|Data entry software|Database software|Google Docs|MEDITECH software|Microsoft Office software|Monitoring|Reading Comprehension|SAP software|Speaking,Active Learning|Billing software|Commercial plate reader software|Critical Thinking|Microsoft Excel|Microsoft Outlook|Microsoft PowerPoint|Microsoft Word|Science|Writing
1650,Sales Executive,19,9,9,10,47.37,Active Listening|Adobe Acrobat|Adobe InDesign|Adobe Photoshop|Apple macOS|Critical Thinking|Microsoft Excel|Microsoft PowerPoint|Speaking|Writing,Active Learning|Adobe Creative Cloud software|Adobe Illustrator|Autodesk AutoCAD|Microsoft Office software|Microsoft Outlook|Monitoring|Reading Comprehension|Salesforce software
1651,Healthcare Representative,19,9,9,10,47.37,Active Listening|Amazon Web Services AWS software|Google Workspace software|HubSpot software|Intuit QuickBooks|Linux|Microsoft Excel|Reading Comprehension|Speaking|Writing,Active Learning|Apache Hadoop|Critical Thinking|Google Analytics|IBM SPSS Statistics|Microsoft Office software|Microsoft Outlook|Monitoring|Salesforce software
1653,Manufacturing Director,20,9,9,11,45.0,Active Learning|Adobe Acrobat|Adobe Creative Cloud software|Adobe Photoshop|Atlassian Confluence|Atlassian JIRA|Learning Strategies|Microsoft Excel|Microsoft Office software|Reading Comprehension|Speaking,Active Listening|Amazon Web Services AWS software|Apache Hadoop|Apple macOS|Autodesk AutoCAD|Critical Thinking|Microsoft PowerPoint|Monitoring|Writing
1654,Manufacturing Director,20,9,9,11,45.0,Active Learning|Active Listening|Adobe Acrobat|Adobe Photoshop|Amazon Web Services AWS software|Apache Hadoop|Apple macOS|Atlassian Confluence|Critical Thinking|Microsoft PowerPoint|Writing,Adobe Creative Cloud software|Atlassian JIRA|Autodesk AutoCAD|Learning Strategies|Microsoft Excel|Microsoft Office software|Monitoring|Reading Comprehension|Speaking
1655,Research Director,22,15,15,7,68.18,Active Learning|Adobe Photoshop|Mathematics|Microsoft Excel|Microsoft PowerPoint|Microsoft Visio|Monitoring,Active Listening|Adobe Acrobat|Critical Thinking|ESRI ArcGIS software|IBM SPSS Statistics|Learning Strategies|Microsoft Access|Microsoft Office software|Microsoft Outlook|Microsoft Project|Microsoft SharePoint|Reading Comprehension|Science|Speaking|Writing
1656,Research Director,22,13,13,9,59.09,Adobe Photoshop|IBM SPSS Statistics|Mathematics|Microsoft Access|Microsoft Excel|Microsoft Outlook|Microsoft PowerPoint|Microsoft SharePoint|Monitoring,Active Learning|Active Listening|Adobe Acrobat|Critical Thinking|ESRI ArcGIS software|Learning Strategies|Microsoft Office software|Microsoft Project|Microsoft Visio|Reading Comprehension|Science|Speaking|Writing
1657,Sales Representative,19,8,8,11,42.11,Active Learning|Adobe Illustrator|Adobe InDesign|Adobe Photoshop|Autodesk AutoCAD|Microsoft Office software|Monitoring|Reading Comprehension|Salesforce software|Speaking|Writing,Active Listening|Adobe Acrobat|Adobe Creative Cloud software|Apple macOS|Critical Thinking|Microsoft Excel|Microsoft Outlook|Microsoft PowerPoint
1658,Research Scientist,22,11,11,11,50.0,Active Learning|Active Listening|Amazon Web Services AWS software|Ansible software|C|Git|Go|Monitoring|Science|Speaking|Writing,Apache Hadoop|Apache Kafka|Apache Spark|Bash|C++|Critical Thinking|Docker|GitHub|Learning Strategies|Mathematics|Reading Comprehension
1659,Laboratory Technician,20,11,11,9,55.0,Active Learning|Active Listening|Critical Thinking|Data entry software|Google Docs|MEDITECH software|Microsoft Office software|Monitoring|Science,Billing software|Commercial plate reader software|Database software|Microsoft Excel|Microsoft Outlook|Microsoft PowerPoint|Microsoft Word|Reading Comprehension|SAP software|Speaking|Writing
1661,Healthcare Representative,19,14,14,5,73.68,Active Listening|Amazon Web Services AWS software|HubSpot software|Linux|Microsoft Excel,Active Learning|Apache Hadoop|Critical Thinking|Google Analytics|Google Workspace software|IBM SPSS Statistics|Intuit QuickBooks|Microsoft Office software|Microsoft Outlook|Monitoring|Reading Comprehension|Salesforce software|Speaking|Writing
1662,Manufacturing Director,20,8,8,12,40.0,Active Learning|Adobe Acrobat|Adobe Creative Cloud software|Amazon Web Services AWS software|Apache Hadoop|Atlassian JIRA|Autodesk AutoCAD|Learning Strategies|Microsoft Excel|Microsoft Office software|Microsoft PowerPoint|Reading Comprehension,Active Listening|Adobe Photoshop|Apple macOS|Atlassian Confluence|Critical Thinking|Monitoring|Speaking|Writing
1664,Healthcare Representative,19,10,10,9,52.63,Active Listening|Critical Thinking|Google Analytics|IBM SPSS Statistics|Intuit QuickBooks|Linux|Microsoft Office software|Speaking|Writing,Active Learning|Amazon Web Services AWS software|Apache Hadoop|Google Workspace software|HubSpot software|Microsoft Excel|Microsoft Outlook|Monitoring|Reading Comprehension|Salesforce software
1665,Manager,20,16,16,4,80.0,Atlassian Confluence|Learning Strategies|Microsoft Excel|Monitoring,Active Learning|Active Listening|Adobe Acrobat|Adobe Creative Cloud software|Adobe Photoshop|Amazon Web Services AWS software|Apache Hadoop|Apple macOS|Atlassian JIRA|Autodesk AutoCAD|Critical Thinking|Microsoft Office software|Microsoft PowerPoint|Reading Comprehension|Speaking|Writing
1666,Research Director,22,12,12,10,54.55,Adobe Acrobat|ESRI ArcGIS software|IBM SPSS Statistics|Learning Strategies|Microsoft Access|Microsoft Office software|Microsoft Outlook|Microsoft PowerPoint|Microsoft Project|Writing,Active Learning|Active Listening|Adobe Photoshop|Critical Thinking|Mathematics|Microsoft Excel|Microsoft SharePoint|Microsoft Visio|Monitoring|Reading Comprehension|Science|Speaking
1667,Sales Executive,19,10,10,9,52.63,Active Learning|Adobe InDesign|Apple macOS|Critical Thinking|Microsoft Excel|Monitoring|Reading Comprehension|Salesforce software|Speaking,Active Listening|Adobe Acrobat|Adobe Creative Cloud software|Adobe Illustrator|Adobe Photoshop|Autodesk AutoCAD|Microsoft Office software|Microsoft Outlook|Microsoft PowerPoint|Writing
1668,Research Scientist,22,13,13,9,59.09,Ansible software|Critical Thinking|Docker|Go|Monitoring|Reading Comprehension|Science|Speaking|Writing,Active Learning|Active Listening|Amazon Web Services AWS software|Apache Hadoop|Apache Kafka|Apache Spark|Bash|C|C++|Git|GitHub|Learning Strategies|Mathematics
1669,Sales Executive,19,9,9,10,47.37,Active Listening|Adobe Creative Cloud software|Adobe Illustrator|Adobe Photoshop|Autodesk AutoCAD|Microsoft PowerPoint|Monitoring|Reading Comprehension|Salesforce software|Speaking,Active Learning|Adobe Acrobat|Adobe InDesign|Apple macOS|Critical Thinking|Microsoft Excel|Microsoft Office software|Microsoft Outlook|Writing
1670,Sales Executive,19,8,8,11,42.11,Active Listening|Adobe Acrobat|Adobe Creative Cloud software|Apple macOS|Autodesk AutoCAD|Microsoft Excel|Microsoft PowerPoint|Monitoring|Salesforce software|Speaking|Writing,Active Learning|Adobe Illustrator|Adobe InDesign|Adobe Photoshop|Critical Thinking|Microsoft Office software|Microsoft Outlook|Reading Comprehension
1671,Research Scientist,22,11,11,11,50.0,Active Learning|Apache Hadoop|Apache Spark|C|C++|Docker|Git|Go|Reading Comprehension|Speaking|Writing,Active Listening|Amazon Web Services AWS software|Ansible software|Apache Kafka|Bash|Critical Thinking|GitHub|Learning Strategies|Mathematics|Monitoring|Science
1673,Sales Executive,19,9,9,10,47.37,Active Learning|Adobe Acrobat|Adobe Illustrator|Apple macOS|Critical Thinking|Microsoft Office software|Microsoft Outlook|Reading Comprehension|Salesforce software|Writing,Active Listening|Adobe Creative Cloud software|Adobe InDesign|Adobe Photoshop|Autodesk AutoCAD|Microsoft Excel|Microsoft PowerPoint|Monitoring|Speaking
1674,Laboratory Technician,20,11,11,9,55.0,Database software|Google Docs|MEDITECH software|Microsoft Excel|Microsoft Office software|Microsoft PowerPoint|SAP software|Science|Writing,Active Learning|Active Listening|Billing software|Commercial plate reader software|Critical Thinking|Data entry software|Microsoft Outlook|Microsoft Word|Monitoring|Reading Comprehension|Speaking
1675,Laboratory Technician,20,8,8,12,40.0,Commercial plate reader software|Data entry software|Database software|Google Docs|MEDITECH software|Microsoft Outlook|Microsoft PowerPoint|Microsoft Word|Reading Comprehension|SAP software|Science|Writing,Active Learning|Active Listening|Billing software|Critical Thinking|Microsoft Excel|Microsoft Office software|Monitoring|Speaking
1676,Manager,20,14,14,6,70.0,Active Listening|Amazon Web Services AWS software|Atlassian JIRA|Autodesk AutoCAD|Microsoft Excel|Monitoring,Active Learning|Adobe Acrobat|Adobe Creative Cloud software|Adobe Photoshop|Apache Hadoop|Apple macOS|Atlassian Confluence|Critical Thinking|Learning Strategies|Microsoft Office software|Microsoft PowerPoint|Reading Comprehension|Speaking|Writing
1677,Manager,20,13,13,7,65.0,Active Learning|Adobe Photoshop|Atlassian JIRA|Critical Thinking|Learning Strategies|Monitoring|Writing,Active Listening|Adobe Acrobat|Adobe Creative Cloud software|Amazon Web Services AWS software|Apache Hadoop|Apple macOS|Atlassian Confluence|Autodesk AutoCAD|Microsoft Excel|Microsoft Office software|Microsoft PowerPoint|Reading Comprehension|Speaking
1678,Sales Executive,19,12,12,7,63.16,Adobe InDesign|Adobe Photoshop|Autodesk AutoCAD|Microsoft Excel|Microsoft Office software|Monitoring|Speaking,Active Learning|Active Listening|Adobe Acrobat|Adobe Creative Cloud software|Adobe Illustrator|Apple macOS|Critical Thinking|Microsoft Outlook|Microsoft PowerPoint|Reading Comprehension|Salesforce software|Writing
1680,Sales Representative,19,8,8,11,42.11,Active Learning|Active Listening|Autodesk AutoCAD|Critical Thinking|Microsoft Excel|Microsoft Office software|Microsoft PowerPoint|Monitoring|Reading Comprehension|Salesforce software|Writing,Adobe Acrobat|Adobe Creative Cloud software|Adobe Illustrator|Adobe InDesign|Adobe Photoshop|Apple macOS|Microsoft Outlook|Speaking
1681,Sales Executive,19,9,9,10,47.37,Active Listening|Adobe Acrobat|Adobe Creative Cloud software|Adobe Illustrator|Adobe InDesign|Apple macOS|Autodesk AutoCAD|Microsoft Excel|Microsoft Outlook|Speaking,Active Learning|Adobe Photoshop|Critical Thinking|Microsoft Office software|Microsoft PowerPoint|Monitoring|Reading Comprehension|Salesforce software|Writing
1682,Healthcare Representative,19,9,9,10,47.37,Active Learning|Active Listening|Amazon Web Services AWS software|Critical Thinking|IBM SPSS Statistics|Intuit QuickBooks|Linux|Microsoft Excel|Monitoring|Salesforce software,Apache Hadoop|Google Analytics|Google Workspace software|HubSpot software|Microsoft Office software|Microsoft Outlook|Reading Comprehension|Speaking|Writing
1683,Human Resources,20,9,9,11,45.0,Active Learning|Adobe Creative Cloud software|Adobe Photoshop|Critical Thinking|Learning Strategies|Microsoft Excel|Microsoft Outlook|Monitoring|Oracle HRIS|Workday software|Writing,Active Listening|Adobe Acrobat|Adobe Illustrator|Adobe InDesign|Applicant tracking software|Microsoft Office software|Microsoft PowerPoint|Reading Comprehension|Speaking
1684,Laboratory Technician,20,9,9,11,45.0,Active Listening|Billing software|Data entry software|Database software|MEDITECH software|Microsoft Office software|Microsoft Outlook|Monitoring|Reading Comprehension|Science|Writing,Active Learning|Commercial plate reader software|Critical Thinking|Google Docs|Microsoft Excel|Microsoft PowerPoint|Microsoft Word|SAP software|Speaking
1687,Laboratory Technician,20,9,9,11,45.0,Active Learning|Commercial plate reader software|Data entry software|Database software|MEDITECH software|Microsoft Excel|Microsoft Office software|Microsoft Outlook|Monitoring|SAP software|Speaking,Active Listening|Billing software|Critical Thinking|Google Docs|Microsoft PowerPoint|Microsoft Word|Reading Comprehension|Science|Writing
1689,Healthcare Representative,19,9,9,10,47.37,Active Learning|Apache Hadoop|Critical Thinking|Google Analytics|IBM SPSS Statistics|Microsoft Excel|Microsoft Office software|Reading Comprehension|Salesforce software|Writing,Active Listening|Amazon Web Services AWS software|Google Workspace software|HubSpot software|Intuit QuickBooks|Linux|Microsoft Outlook|Monitoring|Speaking
1691,Sales Representative,19,11,11,8,57.89,Active Learning|Adobe Creative Cloud software|Adobe InDesign|Microsoft Excel|Microsoft Office software|Microsoft PowerPoint|Monitoring|Speaking,Active Listening|Adobe Acrobat|Adobe Illustrator|Adobe Photoshop|Apple macOS|Autodesk AutoCAD|Critical Thinking|Microsoft Outlook|Reading Comprehension|Salesforce software|Writing
1692,Laboratory Technician,20,8,8,12,40.0,Active Learning|Active Listening|Billing software|Database software|MEDITECH software|Microsoft Excel|Microsoft PowerPoint|Microsoft Word|Monitoring|Reading Comprehension|SAP software|Writing,Commercial plate reader software|Critical Thinking|Data entry software|Google Docs|Microsoft Office software|Microsoft Outlook|Science|Speaking
1693,Laboratory Technician,20,9,9,11,45.0,Active Learning|Billing software|Commercial plate reader software|Critical Thinking|Database software|Google Docs|Microsoft Excel|Microsoft Office software|Microsoft Word|SAP software|Writing,Active Listening|Data entry software|MEDITECH software|Microsoft Outlook|Microsoft PowerPoint|Monitoring|Reading Comprehension|Science|Speaking
1694,Research Scientist,22,10,10,12,45.45,Active Listening|Apache Hadoop|Apache Kafka|Apache Spark|Bash|C|Docker|Git|GitHub|Mathematics|Monitoring|Writing,Active Learning|Amazon Web Services AWS software|Ansible software|C++|Critical Thinking|Go|Learning Strategies|Reading Comprehension|Science|Speaking
1696,Laboratory Technician,20,11,11,9,55.0,Commercial plate reader software|Critical Thinking|Data entry software|Database software|Microsoft Excel|Microsoft Office software|Microsoft Word|Reading Comprehension|Science,Active Learning|Active Listening|Billing software|Google Docs|MEDITECH software|Microsoft Outlook|Microsoft PowerPoint|Monitoring|SAP software|Speaking|Writing
1697,Healthcare Representative,19,11,11,8,57.89,Active Learning|Active Listening|Google Analytics|IBM SPSS Statistics|Intuit QuickBooks|Monitoring|Reading Comprehension|Writing,Amazon Web Services AWS software|Apache Hadoop|Critical Thinking|Google Workspace software|HubSpot software|Linux|Microsoft Excel|Microsoft Office software|Microsoft Outlook|Salesforce software|Speaking
1698,Laboratory Technician,20,11,11,9,55.0,Active Learning|Data entry software|Database software|MEDITECH software|Microsoft PowerPoint|Reading Comprehension|SAP software|Science|Speaking,Active Listening|Billing software|Commercial plate reader software|Critical Thinking|Google Docs|Microsoft Excel|Microsoft Office software|Microsoft Outlook|Microsoft Word|Monitoring|Writing
1700,Sales Executive,19,8,8,11,42.11,Adobe Creative Cloud software|Adobe Illustrator|Adobe Photoshop|Apple macOS|Critical Thinking|Microsoft Excel|Monitoring|Reading Comprehension|Salesforce software|Speaking|Writing,Active Learning|Active Listening|Adobe Acrobat|Adobe InDesign|Autodesk AutoCAD|Microsoft Office software|Microsoft Outlook|Microsoft PowerPoint
1701,Research Scientist,22,11,11,11,50.0,Active Listening|Ansible software|Apache Hadoop|Apache Kafka|C|C++|Critical Thinking|Docker|GitHub|Mathematics|Monitoring,Active Learning|Amazon Web Services AWS software|Apache Spark|Bash|Git|Go|Learning Strategies|Reading Comprehension|Science|Speaking|Writing
1702,Sales Representative,19,8,8,11,42.11,Active Learning|Active Listening|Adobe Acrobat|Adobe InDesign|Apple macOS|Microsoft Excel|Microsoft Office software|Microsoft PowerPoint|Reading Comprehension|Salesforce software|Writing,Adobe Creative Cloud software|Adobe Illustrator|Adobe Photoshop|Autodesk AutoCAD|Critical Thinking|Microsoft Outlook|Monitoring|Speaking
1703,Healthcare Representative,19,9,9,10,47.37,Active Learning|Active Listening|Apache Hadoop|Critical Thinking|Google Analytics|Google Workspace software|HubSpot software|Reading Comprehension|Speaking|Writing,Amazon Web Services AWS software|IBM SPSS Statistics|Intuit QuickBooks|Linux|Microsoft Excel|Microsoft Office software|Microsoft Outlook|Monitoring|Salesforce software
1704,Research Scientist,22,10,10,12,45.45,Active Listening|Amazon Web Services AWS software|Apache Spark|Bash|C++|Docker|Learning Strategies|Mathematics|Reading Comprehension|Science|Speaking|Writing,Active Learning|Ansible software|Apache Hadoop|Apache Kafka|C|Critical Thinking|Git|GitHub|Go|Monitoring
1706,Sales Executive,19,9,9,10,47.37,Active Learning|Adobe Creative Cloud software|Apple macOS|Microsoft Excel|Microsoft Office software|Microsoft Outlook|Monitoring|Reading Comprehension|Salesforce software|Writing,Active Listening|Adobe Acrobat|Adobe Illustrator|Adobe InDesign|Adobe Photoshop|Autodesk AutoCAD|Critical Thinking|Microsoft PowerPoint|Speaking
1707,Research Scientist,22,10,10,12,45.45,Ansible software|Apache Spark|Bash|C++|Critical Thinking|Docker|Git|GitHub|Monitoring|Reading Comprehension|Speaking|Writing,Active Learning|Active Listening|Amazon Web Services AWS software|Apache Hadoop|Apache Kafka|C|Go|Learning Strategies|Mathematics|Science
1708,Sales Executive,19,9,9,10,47.37,Active Learning|Adobe Acrobat|Adobe Photoshop|Apple macOS|Autodesk AutoCAD|Critical Thinking|Microsoft Excel|Microsoft PowerPoint|Reading Comprehension|Writing,Active Listening|Adobe Creative Cloud software|Adobe Illustrator|Adobe InDesign|Microsoft Office software|Microsoft Outlook|Monitoring|Salesforce software|Speaking
1709,Laboratory Technician,20,10,10,10,50.0,Active Listening|Commercial plate reader software|Database software|Google Docs|Microsoft Excel|Microsoft Office software|Microsoft PowerPoint|Monitoring|SAP software|Speaking,Active Learning|Billing software|Critical Thinking|Data entry software|MEDITECH software|Microsoft Outlook|Microsoft Word|Reading Comprehension|Science|Writing
1710,Sales Representative,19,11,11,8,57.89,Active Learning|Adobe Photoshop|Autodesk AutoCAD|Critical Thinking|Microsoft Excel|Microsoft PowerPoint|Reading Comprehension|Salesforce software,Active Listening|Adobe Acrobat|Adobe Creative Cloud software|Adobe Illustrator|Adobe InDesign|Apple macOS|Microsoft Office software|Microsoft Outlook|Monitoring|Speaking|Writing
1712,Healthcare Representative,19,12,12,7,63.16,Active Listening|Apache Hadoop|Google Analytics|IBM SPSS Statistics|Microsoft Outlook|Speaking|Writing,Active Learning|Amazon Web Services AWS software|Critical Thinking|Google Workspace software|HubSpot software|Intuit QuickBooks|Linux|Microsoft Excel|Microsoft Office software|Monitoring|Reading Comprehension|Salesforce software
1714,Human Resources,20,8,8,12,40.0,Active Learning|Active Listening|Adobe Creative Cloud software|Critical Thinking|Learning Strategies|Microsoft Excel|Microsoft PowerPoint|Monitoring|Oracle HRIS|Reading Comprehension|Speaking|Writing,Adobe Acrobat|Adobe Illustrator|Adobe InDesign|Adobe Photoshop|Applicant tracking software|Microsoft Office software|Microsoft Outlook|Workday software
1716,Sales Executive,19,12,12,7,63.16,Active Learning|Active Listening|Adobe Acrobat|Adobe InDesign|Adobe Photoshop|Salesforce software|Writing,Adobe Creative Cloud software|Adobe Illustrator|Apple macOS|Autodesk AutoCAD|Critical Thinking|Microsoft Excel|Microsoft Office software|Microsoft Outlook|Microsoft PowerPoint|Monitoring|Reading Comprehension|Speaking
1718,Laboratory Technician,20,8,8,12,40.0,Active Learning|Active Listening|Data entry software|Database software|Google Docs|MEDITECH software|Microsoft Office software|Microsoft Outlook|Microsoft PowerPoint|Microsoft Word|Monitoring|Science,Billing software|Commercial plate reader software|Critical Thinking|Microsoft Excel|Reading Comprehension|SAP software|Speaking|Writing
1719,Research Director,22,13,13,9,59.09,Active Learning|Active Listening|ESRI ArcGIS software|IBM SPSS Statistics|Learning Strategies|Microsoft Access|Microsoft Outlook|Microsoft SharePoint|Science,Adobe Acrobat|Adobe Photoshop|Critical Thinking|Mathematics|Microsoft Excel|Microsoft Office software|Microsoft PowerPoint|Microsoft Project|Microsoft Visio|Monitoring|Reading Comprehension|Speaking|Writing
1720,Research Scientist,22,11,11,11,50.0,Active Learning|Apache Hadoop|Apache Kafka|Apache Spark|Bash|C|Critical Thinking|Go|Monitoring|Science|Speaking,Active Listening|Amazon Web Services AWS software|Ansible software|C++|Docker|Git|GitHub|Learning Strategies|Mathematics|Reading Comprehension|Writing
1721,Laboratory Technician,20,9,9,11,45.0,Active Listening|Critical Thinking|Data entry software|MEDITECH software|Microsoft Office software|Microsoft Outlook|Microsoft Word|Reading Comprehension|SAP software|Science|Speaking,Active Learning|Billing software|Commercial plate reader software|Database software|Google Docs|Microsoft Excel|Microsoft PowerPoint|Monitoring|Writing
1722,Human Resources,20,10,10,10,50.0,Active Learning|Active Listening|Adobe Illustrator|Adobe Photoshop|Applicant tracking software|Microsoft Excel|Microsoft Office software|Microsoft Outlook|Monitoring|Reading Comprehension,Adobe Acrobat|Adobe Creative Cloud software|Adobe InDesign|Critical Thinking|Learning Strategies|Microsoft PowerPoint|Oracle HRIS|Speaking|Workday software|Writing
1724,Manufacturing Director,20,12,12,8,60.0,Active Learning|Adobe Acrobat|Amazon Web Services AWS software|Apple macOS|Autodesk AutoCAD|Monitoring|Reading Comprehension|Speaking,Active Listening|Adobe Creative Cloud software|Adobe Photoshop|Apache Hadoop|Atlassian Confluence|Atlassian JIRA|Critical Thinking|Learning Strategies|Microsoft Excel|Microsoft Office software|Microsoft PowerPoint|Writing
1725,Laboratory Technician,20,9,9,11,45.0,Active Learning|Active Listening|Critical Thinking|Database software|MEDITECH software|Microsoft PowerPoint|Microsoft Word|Monitoring|Reading Comprehension|Speaking|Writing,Billing software|Commercial plate reader software|Data entry software|Google Docs|Microsoft Excel|Microsoft Office software|Microsoft Outlook|SAP software|Science
1727,Healthcare Representative,19,11,11,8,57.89,Active Listening|Apache Hadoop|Critical Thinking|Google Analytics|Linux|Microsoft Office software|Monitoring|Writing,Active Learning|Amazon Web Services AWS software|Google Workspace software|HubSpot software|IBM SPSS Statistics|Intuit QuickBooks|Microsoft Excel|Microsoft Outlook|Reading Comprehension|Salesforce software|Speaking
1728,Manufacturing Director,20,11,11,9,55.0,Active Listening|Adobe Creative Cloud software|Apple macOS|Critical Thinking|Learning Strategies|Microsoft Excel|Microsoft Office software|Monitoring|Writing,Active Learning|Adobe Acrobat|Adobe Photoshop|Amazon Web Services AWS software|Apache Hadoop|Atlassian Confluence|Atlassian JIRA|Autodesk AutoCAD|Microsoft PowerPoint|Reading Comprehension|Speaking
1729,Research Scientist,22,11,11,11,50.0,Active Learning|Ansible software|Apache Hadoop|Apache Kafka|Apache Spark|Docker|Git|GitHub|Learning Strategies|Mathematics|Speaking,Active Listening|Amazon Web Services AWS software|Bash|C|C++|Critical Thinking|Go|Monitoring|Reading Comprehension|Science|Writing
1731,Sales Executive,19,8,8,11,42.11,Adobe Acrobat|Adobe InDesign|Adobe Photoshop|Apple macOS|Autodesk AutoCAD|Critical Thinking|Microsoft Excel|Microsoft Office software|Microsoft PowerPoint|Speaking|Writing,Active Learning|Active Listening|Adobe Creative Cloud software|Adobe Illustrator|Microsoft Outlook|Monitoring|Reading Comprehension|Salesforce software
1732,Sales Executive,19,10,10,9,52.63,Active Learning|Active Listening|Adobe Illustrator|Adobe InDesign|Adobe Photoshop|Microsoft Excel|Reading Comprehension|Salesforce software|Writing,Adobe Acrobat|Adobe Creative Cloud software|Apple macOS|Autodesk AutoCAD|Critical Thinking|Microsoft Office software|Microsoft Outlook|Microsoft PowerPoint|Monitoring|Speaking
1733,Sales Executive,19,11,11,8,57.89,Adobe Creative Cloud software|Adobe Illustrator|Apple macOS|Critical Thinking|Microsoft PowerPoint|Monitoring|Reading Comprehension|Salesforce software,Active Learning|Active Listening|Adobe Acrobat|Adobe InDesign|Adobe Photoshop|Autodesk AutoCAD|Microsoft Excel|Microsoft Office software|Microsoft Outlook|Speaking|Writing
1734,Sales Executive,19,9,9,10,47.37,Active Listening|Adobe Acrobat|Adobe Creative Cloud software|Adobe Illustrator|Adobe InDesign|Apple macOS|Critical Thinking|Microsoft Office software|Microsoft Outlook|Reading Comprehension,Active Learning|Adobe Photoshop|Autodesk AutoCAD|Microsoft Excel|Microsoft PowerPoint|Monitoring|Salesforce software|Speaking|Writing
1735,Laboratory Technician,20,8,8,12,40.0,Active Learning|Active Listening|Critical Thinking|Database software|Google Docs|Microsoft Excel|Microsoft Office software|Microsoft Outlook|Microsoft PowerPoint|Microsoft Word|Science|Writing,Billing software|Commercial plate reader software|Data entry software|MEDITECH software|Monitoring|Reading Comprehension|SAP software|Speaking
1736,Manufacturing Director,20,10,10,10,50.0,Adobe Creative Cloud software|Adobe Photoshop|Apache Hadoop|Apple macOS|Atlassian Confluence|Autodesk AutoCAD|Microsoft Excel|Microsoft Office software|Microsoft PowerPoint|Monitoring,Active Learning|Active Listening|Adobe Acrobat|Amazon Web Services AWS software|Atlassian JIRA|Critical Thinking|Learning Strategies|Reading Comprehension|Speaking|Writing
1737,Laboratory Technician,20,10,10,10,50.0,Active Learning|Commercial plate reader software|Data entry software|Google Docs|MEDITECH software|Microsoft Office software|Microsoft Outlook|Microsoft PowerPoint|Reading Comprehension|Writing,Active Listening|Billing software|Critical Thinking|Database software|Microsoft Excel|Microsoft Word|Monitoring|SAP software|Science|Speaking
1739,Sales Executive,19,9,9,10,47.37,Active Learning|Active Listening|Adobe Acrobat|Adobe InDesign|Apple macOS|Critical Thinking|Microsoft Office software|Monitoring|Reading Comprehension|Salesforce software,Adobe Creative Cloud software|Adobe Illustrator|Adobe Photoshop|Autodesk AutoCAD|Microsoft Excel|Microsoft Outlook|Microsoft PowerPoint|Speaking|Writing
1740,Manager,20,12,12,8,60.0,Adobe Acrobat|Adobe Creative Cloud software|Amazon Web Services AWS software|Atlassian Confluence|Microsoft Office software|Microsoft PowerPoint|Monitoring|Reading Comprehension,Active Learning|Active Listening|Adobe Photoshop|Apache Hadoop|Apple macOS|Atlassian JIRA|Autodesk AutoCAD|Critical Thinking|Learning Strategies|Microsoft Excel|Speaking|Writing
1744,Human Resources,20,10,10,10,50.0,Active Learning|Adobe Illustrator|Applicant tracking software|Learning Strategies|Microsoft Excel|Microsoft PowerPoint|Monitoring|Reading Comprehension|Speaking|Workday software,Active Listening|Adobe Acrobat|Adobe Creative Cloud software|Adobe InDesign|Adobe Photoshop|Critical Thinking|Microsoft Office software|Microsoft Outlook|Oracle HRIS|Writing
1745,Research Scientist,22,11,11,11,50.0,Apache Hadoop|Apache Spark|Bash|C|Critical Thinking|Docker|Git|Go|Learning Strategies|Reading Comprehension|Writing,Active Learning|Active Listening|Amazon Web Services AWS software|Ansible software|Apache Kafka|C++|GitHub|Mathematics|Monitoring|Science|Speaking
1746,Human Resources,20,8,8,12,40.0,Active Listening|Adobe Acrobat|Adobe Illustrator|Adobe InDesign|Adobe Photoshop|Applicant tracking software|Learning Strategies|Microsoft Excel|Microsoft Office software|Microsoft Outlook|Microsoft PowerPoint|Oracle HRIS,Active Learning|Adobe Creative Cloud software|Critical Thinking|Monitoring|Reading Comprehension|Speaking|Workday software|Writing
1747,Human Resources,20,9,9,11,45.0,Active Learning|Adobe Illustrator|Applicant tracking software|Critical Thinking|Learning Strategies|Microsoft Excel|Microsoft Office software|Monitoring|Speaking|Workday software|Writing,Active Listening|Adobe Acrobat|Adobe Creative Cloud software|Adobe InDesign|Adobe Photoshop|Microsoft Outlook|Microsoft PowerPoint|Oracle HRIS|Reading Comprehension
1749,Sales Executive,19,8,8,11,42.11,Active Listening|Adobe Acrobat|Adobe Creative Cloud software|Adobe InDesign|Apple macOS|Autodesk AutoCAD|Microsoft Excel|Microsoft Office software|Microsoft PowerPoint|Monitoring|Speaking,Active Learning|Adobe Illustrator|Adobe Photoshop|Critical Thinking|Microsoft Outlook|Reading Comprehension|Salesforce software|Writing
1751,Research Scientist,22,10,10,12,45.45,Active Learning|Amazon Web Services AWS software|Ansible software|Apache Hadoop|Apache Kafka|Apache Spark|Bash|C++|GitHub|Mathematics|Speaking|Writing,Active Listening|C|Critical Thinking|Docker|Git|Go|Learning Strategies|Monitoring|Reading Comprehension|Science
1752,Sales Representative,19,8,8,11,42.11,Active Learning|Adobe Creative Cloud software|Adobe Illustrator|Adobe InDesign|Microsoft Office software|Microsoft Outlook|Monitoring|Reading Comprehension|Salesforce software|Speaking|Writing,Active Listening|Adobe Acrobat|Adobe Photoshop|Apple macOS|Autodesk AutoCAD|Critical Thinking|Microsoft Excel|Microsoft PowerPoint
1753,Healthcare Representative,19,9,9,10,47.37,Active Learning|Apache Hadoop|Critical Thinking|HubSpot software|Intuit QuickBooks|Microsoft Excel|Microsoft Office software|Monitoring|Reading Comprehension|Salesforce software,Active Listening|Amazon Web Services AWS software|Google Analytics|Google Workspace software|IBM SPSS Statistics|Linux|Microsoft Outlook|Speaking|Writing
1754,Sales Executive,19,10,10,9,52.63,Adobe Acrobat|Adobe Creative Cloud software|Microsoft Excel|Microsoft Office software|Microsoft Outlook|Microsoft PowerPoint|Monitoring|Salesforce software|Writing,Active Learning|Active Listening|Adobe Illustrator|Adobe InDesign|Adobe Photoshop|Apple macOS|Autodesk AutoCAD|Critical Thinking|Reading Comprehension|Speaking
1755,Research Scientist,22,10,10,12,45.45,Active Learning|Active Listening|Ansible software|Apache Kafka|Apache Spark|C|Critical Thinking|Docker|Git|GitHub|Go|Learning Strategies,Amazon Web Services AWS software|Apache Hadoop|Bash|C++|Mathematics|Monitoring|Reading Comprehension|Science|Speaking|Writing
1756,Sales Executive,19,10,10,9,52.63,Active Learning|Adobe Acrobat|Adobe Creative Cloud software|Adobe Illustrator|Apple macOS|Microsoft Outlook|Monitoring|Salesforce software|Speaking,Active Listening|Adobe InDesign|Adobe Photoshop|Autodesk AutoCAD|Critical Thinking|Microsoft Excel|Microsoft Office software|Microsoft PowerPoint|Reading Comprehension|Writing
1757,Sales Executive,19,9,9,10,47.37,Active Listening|Adobe Acrobat|Adobe Creative Cloud software|Adobe Illustrator|Adobe Photoshop|Apple macOS|Microsoft Outlook|Monitoring|Salesforce software|Speaking,Active Learning|Adobe InDesign|Autodesk AutoCAD|Critical Thinking|Microsoft Excel|Microsoft Office software|Microsoft PowerPoint|Reading Comprehension|Writing
1758,Sales Executive,19,9,9,10,47.37,Adobe Acrobat|Adobe Creative Cloud software|Adobe Illustrator|Adobe InDesign|Apple macOS|Microsoft Office software|Monitoring|Reading Comprehension|Speaking|Writing,Active Learning|Active Listening|Adobe Photoshop|Autodesk AutoCAD|Critical Thinking|Microsoft Excel|Microsoft Outlook|Microsoft PowerPoint|Salesforce software
1760,Laboratory Technician,20,10,10,10,50.0,Active Learning|Active Listening|Critical Thinking|Database software|MEDITECH software|Microsoft PowerPoint|Monitoring|Reading Comprehension|SAP software|Writing,Billing software|Commercial plate reader software|Data entry software|Google Docs|Microsoft Excel|Microsoft Office software|Microsoft Outlook|Microsoft Word|Science|Speaking
1761,Sales Executive,19,9,9,10,47.37,Active Learning|Active Listening|Adobe Illustrator|Apple macOS|Critical Thinking|Microsoft Office software|Microsoft PowerPoint|Monitoring|Salesforce software|Speaking,Adobe Acrobat|Adobe Creative Cloud software|Adobe InDesign|Adobe Photoshop|Autodesk AutoCAD|Microsoft Excel|Microsoft Outlook|Reading Comprehension|Writing
1762,Research Scientist,22,9,9,13,40.91,Active Listening|Amazon Web Services AWS software|Apache Hadoop|Apache Kafka|Apache Spark|C|C++|Critical Thinking|Docker|Git|Go|Science|Writing,Active Learning|Ansible software|Bash|GitHub|Learning Strategies|Mathematics|Monitoring|Reading Comprehension|Speaking
1763,Healthcare Representative,19,9,9,10,47.37,Active Learning|Active Listening|Apache Hadoop|Critical Thinking|Google Analytics|HubSpot software|Intuit QuickBooks|Monitoring|Reading Comprehension|Speaking,Amazon Web Services AWS software|Google Workspace software|IBM SPSS Statistics|Linux|Microsoft Excel|Microsoft Office software|Microsoft Outlook|Salesforce software|Writing
1764,Research Scientist,22,11,11,11,50.0,Ansible software|Apache Hadoop|Apache Spark|Bash|C++|Critical Thinking|Docker|Mathematics|Reading Comprehension|Science|Speaking,Active Learning|Active Listening|Amazon Web Services AWS software|Apache Kafka|C|Git|GitHub|Go|Learning Strategies|Monitoring|Writing
1766,Healthcare Representative,19,10,10,9,52.63,Amazon Web Services AWS software|Apache Hadoop|HubSpot software|IBM SPSS Statistics|Intuit QuickBooks|Linux|Microsoft Office software|Speaking|Writing,Active Learning|Active Listening|Critical Thinking|Google Analytics|Google Workspace software|Microsoft Excel|Microsoft Outlook|Monitoring|Reading Comprehension|Salesforce software
1767,Research Scientist,22,10,10,12,45.45,Active Learning|Active Listening|Apache Hadoop|Apache Kafka|Apache Spark|C|Critical Thinking|Git|Go|Mathematics|Reading Comprehension|Writing,Amazon Web Services AWS software|Ansible software|Bash|C++|Docker|GitHub|Learning Strategies|Monitoring|Science|Speaking
1768,Laboratory Technician,20,9,9,11,45.0,Active Learning|Active Listening|Billing software|Data entry software|Microsoft Excel|Microsoft Office software|Microsoft Outlook|Microsoft PowerPoint|Microsoft Word|SAP software|Speaking,Commercial plate reader software|Critical Thinking|Database software|Google Docs|MEDITECH software|Monitoring|Reading Comprehension|Science|Writing
1770,Research Director,22,17,17,5,77.27,Active Listening|Critical Thinking|Microsoft SharePoint|Reading Comprehension|Speaking,Active Learning|Adobe Acrobat|Adobe Photoshop|ESRI ArcGIS software|IBM SPSS Statistics|Learning Strategies|Mathematics|Microsoft Access|Microsoft Excel|Microsoft Office software|Microsoft Outlook|Microsoft PowerPoint|Microsoft Project|Microsoft Visio|Monitoring|Science|Writing
1771,Research Scientist,22,11,11,11,50.0,Active Learning|Active Listening|Ansible software|Apache Kafka|Apache Spark|C++|GitHub|Go|Learning Strategies|Reading Comprehension|Speaking,Amazon Web Services AWS software|Apache Hadoop|Bash|C|Critical Thinking|Docker|Git|Mathematics|Monitoring|Science|Writing
1772,Laboratory Technician,20,9,9,11,45.0,Active Learning|Billing software|Commercial plate reader software|Critical Thinking|Data entry software|Microsoft Excel|Microsoft Outlook|Microsoft Word|Science|Speaking|Writing,Active Listening|Database software|Google Docs|MEDITECH software|Microsoft Office software|Microsoft PowerPoint|Monitoring|Reading Comprehension|SAP software
1774,Sales Executive,19,10,10,9,52.63,Adobe Creative Cloud software|Adobe Photoshop|Apple macOS|Microsoft Excel|Microsoft PowerPoint|Monitoring|Salesforce software|Speaking|Writing,Active Learning|Active Listening|Adobe Acrobat|Adobe Illustrator|Adobe InDesign|Autodesk AutoCAD|Critical Thinking|Microsoft Office software|Microsoft Outlook|Reading Comprehension
1775,Manufacturing Director,20,14,14,6,70.0,Adobe Creative Cloud software|Apple macOS|Autodesk AutoCAD|Microsoft PowerPoint|Monitoring|Speaking,Active Learning|Active Listening|Adobe Acrobat|Adobe Photoshop|Amazon Web Services AWS software|Apache Hadoop|Atlassian Confluence|Atlassian JIRA|Critical Thinking|Learning Strategies|Microsoft Excel|Microsoft Office software|Reading Comprehension|Writing
1778,Human Resources,20,10,10,10,50.0,Active Learning|Active Listening|Adobe Illustrator|Adobe InDesign|Adobe Photoshop|Microsoft Excel|Microsoft Office software|Reading Comprehension|Workday software|Writing,Adobe Acrobat|Adobe Creative Cloud software|Applicant tracking software|Critical Thinking|Learning Strategies|Microsoft Outlook|Microsoft PowerPoint|Monitoring|Oracle HRIS|Speaking
1779,Sales Executive,19,8,8,11,42.11,Active Listening|Adobe Creative Cloud software|Adobe Illustrator|Adobe InDesign|Apple macOS|Critical Thinking|Microsoft Excel|Microsoft PowerPoint|Reading Comprehension|Speaking|Writing,Active Learning|Adobe Acrobat|Adobe Photoshop|Autodesk AutoCAD|Microsoft Office software|Microsoft Outlook|Monitoring|Salesforce software
1780,Sales Representative,19,7,7,12,36.84,Active Listening|Adobe Acrobat|Adobe Creative Cloud software|Adobe Illustrator|Adobe InDesign|Adobe Photoshop|Apple macOS|Critical Thinking|Microsoft Outlook|Microsoft PowerPoint|Monitoring|Reading Comprehension,Active Learning|Autodesk AutoCAD|Microsoft Excel|Microsoft Office software|Salesforce software|Speaking|Writing
1782,Laboratory Technician,20,9,9,11,45.0,Active Learning|Database software|Google Docs|MEDITECH software|Microsoft Office software|Microsoft Outlook|Microsoft Word|SAP software|Science|Speaking|Writing,Active Listening|Billing software|Commercial plate reader software|Critical Thinking|Data entry software|Microsoft Excel|Microsoft PowerPoint|Monitoring|Reading Comprehension
1783,Laboratory Technician,20,8,8,12,40.0,Billing software|Commercial plate reader software|Database software|Google Docs|MEDITECH software|Microsoft Outlook|Microsoft PowerPoint|Microsoft Word|Monitoring|SAP software|Science|Speaking,Active Learning|Active Listening|Critical Thinking|Data entry software|Microsoft Excel|Microsoft Office software|Reading Comprehension|Writing
1784,Sales Executive,19,10,10,9,52.63,Active Learning|Adobe Acrobat|Adobe Creative Cloud software|Adobe Photoshop|Autodesk AutoCAD|Microsoft PowerPoint|Monitoring|Salesforce software|Speaking,Active Listening|Adobe Illustrator|Adobe InDesign|Apple macOS|Critical Thinking|Microsoft Excel|Microsoft Office software|Microsoft Outlook|Reading Comprehension|Writing
1786,Manager,20,11,11,9,55.0,Active Learning|Amazon Web Services AWS software|Apache Hadoop|Atlassian Confluence|Atlassian JIRA|Critical Thinking|Monitoring|Speaking|Writing,Active Listening|Adobe Acrobat|Adobe Creative Cloud software|Adobe Photoshop|Apple macOS|Autodesk AutoCAD|Learning Strategies|Microsoft Excel|Microsoft Office software|Microsoft PowerPoint|Reading Comprehension
1787,Sales Executive,19,8,8,11,42.11,Active Listening|Adobe Acrobat|Adobe Creative Cloud software|Adobe InDesign|Autodesk AutoCAD|Critical Thinking|Microsoft Excel|Microsoft PowerPoint|Monitoring|Reading Comprehension|Speaking,Active Learning|Adobe Illustrator|Adobe Photoshop|Apple macOS|Microsoft Office software|Microsoft Outlook|Salesforce software|Writing
1789,Research Director,22,14,14,8,63.64,Active Learning|Adobe Acrobat|Adobe Photoshop|Critical Thinking|Learning Strategies|Microsoft Access|Microsoft PowerPoint|Monitoring,Active Listening|ESRI ArcGIS software|IBM SPSS Statistics|Mathematics|Microsoft Excel|Microsoft Office software|Microsoft Outlook|Microsoft Project|Microsoft SharePoint|Microsoft Visio|Reading Comprehension|Science|Speaking|Writing
1790,Healthcare Representative,19,10,10,9,52.63,Active Learning|Active Listening|Apache Hadoop|Google Analytics|Google Workspace software|Microsoft Excel|Microsoft Outlook|Monitoring|Reading Comprehension,Amazon Web Services AWS software|Critical Thinking|HubSpot software|IBM SPSS Statistics|Intuit QuickBooks|Linux|Microsoft Office software|Salesforce software|Speaking|Writing
1792,Research Scientist,22,10,10,12,45.45,Active Listening|Ansible software|Apache Kafka|Apache Spark|Bash|C++|Critical Thinking|Docker|Git|Learning Strategies|Reading Comprehension|Writing,Active Learning|Amazon Web Services AWS software|Apache Hadoop|C|GitHub|Go|Mathematics|Monitoring|Science|Speaking
1794,Human Resources,20,12,12,8,60.0,Active Listening|Adobe Acrobat|Adobe Illustrator|Critical Thinking|Microsoft Excel|Monitoring|Workday software|Writing,Active Learning|Adobe Creative Cloud software|Adobe InDesign|Adobe Photoshop|Applicant tracking software|Learning Strategies|Microsoft Office software|Microsoft Outlook|Microsoft PowerPoint|Oracle HRIS|Reading Comprehension|Speaking
1797,Sales Executive,19,9,9,10,47.37,Active Learning|Adobe Creative Cloud software|Adobe Illustrator|Adobe InDesign|Microsoft Excel|Microsoft Office software|Microsoft Outlook|Microsoft PowerPoint|Salesforce software|Speaking,Active Listening|Adobe Acrobat|Adobe Photoshop|Apple macOS|Autodesk AutoCAD|Critical Thinking|Monitoring|Reading Comprehension|Writing
1798,Research Scientist,22,12,12,10,54.55,Ansible software|Apache Hadoop|C|Git|GitHub|Go|Learning Strategies|Mathematics|Monitoring|Speaking,Active Learning|Active Listening|Amazon Web Services AWS software|Apache Kafka|Apache Spark|Bash|C++|Critical Thinking|Docker|Reading Comprehension|Science|Writing
1799,Research Scientist,22,10,10,12,45.45,Active Listening|Amazon Web Services AWS software|Ansible software|Apache Kafka|Apache Spark|C|C++|Mathematics|Monitoring|Reading Comprehension|Speaking|Writing,Active Learning|Apache Hadoop|Bash|Critical Thinking|Docker|Git|GitHub|Go|Learning Strategies|Science
1800,Research Director,22,11,11,11,50.0,Active Learning|Adobe Photoshop|Critical Thinking|Learning Strategies|Microsoft Access|Microsoft Office software|Microsoft Outlook|Microsoft PowerPoint|Microsoft Project|Monitoring|Writing,Active Listening|Adobe Acrobat|ESRI ArcGIS software|IBM SPSS Statistics|Mathematics|Microsoft Excel|Microsoft SharePoint|Microsoft Visio|Reading Comprehension|Science|Speaking
1801,Sales Executive,19,8,8,11,42.11,Active Learning|Adobe Illustrator|Adobe InDesign|Adobe Photoshop|Apple macOS|Autodesk AutoCAD|Microsoft Outlook|Reading Comprehension|Salesforce software|Speaking|Writing,Active Listening|Adobe Acrobat|Adobe Creative Cloud software|Critical Thinking|Microsoft Excel|Microsoft Office software|Microsoft PowerPoint|Monitoring
1802,Laboratory Technician,20,9,9,11,45.0,Active Listening|Critical Thinking|Data entry software|Database software|Google Docs|MEDITECH software|Microsoft Office software|Microsoft PowerPoint|Microsoft Word|Reading Comprehension|Science,Active Learning|Billing software|Commercial plate reader software|Microsoft Excel|Microsoft Outlook|Monitoring|SAP software|Speaking|Writing
1803,Healthcare Representative,19,9,9,10,47.37,Active Learning|Critical Thinking|HubSpot software|IBM SPSS Statistics|Linux|Microsoft Excel|Microsoft Office software|Microsoft Outlook|Reading Comprehension|Salesforce software,Active Listening|Amazon Web Services AWS software|Apache Hadoop|Google Analytics|Google Workspace software|Intuit QuickBooks|Monitoring|Speaking|Writing
1804,Manufacturing Director,20,11,11,9,55.0,Active Learning|Adobe Creative Cloud software|Amazon Web Services AWS software|Autodesk AutoCAD|Microsoft Office software|Microsoft PowerPoint|Monitoring|Reading Comprehension|Speaking,Active Listening|Adobe Acrobat|Adobe Photoshop|Apache Hadoop|Apple macOS|Atlassian Confluence|Atlassian JIRA|Critical Thinking|Learning Strategies|Microsoft Excel|Writing
1805,Human Resources,20,10,10,10,50.0,Active Learning|Adobe Illustrator|Adobe Photoshop|Learning Strategies|Microsoft Excel|Microsoft Outlook|Microsoft PowerPoint|Reading Comprehension|Speaking|Writing,Active Listening|Adobe Acrobat|Adobe Creative Cloud software|Adobe InDesign|Applicant tracking software|Critical Thinking|Microsoft Office software|Monitoring|Oracle HRIS|Workday software
1807,Laboratory Technician,20,10,10,10,50.0,Active Learning|Billing software|Commercial plate reader software|Critical Thinking|Data entry software|Database software|Microsoft Excel|Monitoring|Science|Speaking,Active Listening|Google Docs|MEDITECH software|Microsoft Office software|Microsoft Outlook|Microsoft PowerPoint|Microsoft Word|Reading Comprehension|SAP software|Writing
1809,Manufacturing Director,20,10,10,10,50.0,Active Learning|Active Listening|Adobe Acrobat|Apache Hadoop|Apple macOS|Atlassian Confluence|Autodesk AutoCAD|Learning Strategies|Microsoft Excel|Microsoft Office software,Adobe Creative Cloud software|Adobe Photoshop|Amazon Web Services AWS software|Atlassian JIRA|Critical Thinking|Microsoft PowerPoint|Monitoring|Reading Comprehension|Speaking|Writing
1812,Sales Executive,19,9,9,10,47.37,Active Listening|Adobe Acrobat|Adobe Illustrator|Adobe Photoshop|Autodesk AutoCAD|Critical Thinking|Monitoring|Reading Comprehension|Salesforce software|Speaking,Active Learning|Adobe Creative Cloud software|Adobe InDesign|Apple macOS|Microsoft Excel|Microsoft Office software|Microsoft Outlook|Microsoft PowerPoint|Writing
1813,Research Scientist,22,10,10,12,45.45,Active Learning|Amazon Web Services AWS software|Ansible software|Bash|C|Git|Go|Learning Strategies|Reading Comprehension|Science|Speaking|Writing,Active Listening|Apache Hadoop|Apache Kafka|Apache Spark|C++|Critical Thinking|Docker|GitHub|Mathematics|Monitoring
1814,Healthcare Representative,19,9,9,10,47.37,Active Listening|Critical Thinking|Google Analytics|Intuit QuickBooks|Linux|Microsoft Outlook|Reading Comprehension|Salesforce software|Speaking|Writing,Active Learning|Amazon Web Services AWS software|Apache Hadoop|Google Workspace software|HubSpot software|IBM SPSS Statistics|Microsoft Excel|Microsoft Office software|Monitoring
1815,Sales Executive,19,12,12,7,63.16,Adobe Acrobat|Adobe Creative Cloud software|Adobe Illustrator|Adobe Photoshop|Microsoft Office software|Reading Comprehension|Salesforce software,Active Learning|Active Listening|Adobe InDesign|Apple macOS|Autodesk AutoCAD|Critical Thinking|Microsoft Excel|Microsoft Outlook|Microsoft PowerPoint|Monitoring|Speaking|Writing
1816,Manufacturing Director,20,10,10,10,50.0,Active Learning|Apache Hadoop|Apple macOS|Critical Thinking|Learning Strategies|Microsoft Office software|Microsoft PowerPoint|Monitoring|Reading Comprehension|Speaking,Active Listening|Adobe Acrobat|Adobe Creative Cloud software|Adobe Photoshop|Amazon Web Services AWS software|Atlassian Confluence|Atlassian JIRA|Autodesk AutoCAD|Microsoft Excel|Writing
1818,Human Resources,20,9,9,11,45.0,Active Learning|Active Listening|Adobe Acrobat|Critical Thinking|Learning Strategies|Microsoft Excel|Microsoft Office software|Microsoft Outlook|Oracle HRIS|Speaking|Writing,Adobe Creative Cloud software|Adobe Illustrator|Adobe InDesign|Adobe Photoshop|Applicant tracking software|Microsoft PowerPoint|Monitoring|Reading Comprehension|Workday software
1821,Healthcare Representative,19,10,10,9,52.63,Amazon Web Services AWS software|HubSpot software|IBM SPSS Statistics|Microsoft Office software|Monitoring|Reading Comprehension|Salesforce software|Speaking|Writing,Active Learning|Active Listening|Apache Hadoop|Critical Thinking|Google Analytics|Google Workspace software|Intuit QuickBooks|Linux|Microsoft Excel|Microsoft Outlook
1822,Healthcare Representative,19,10,10,9,52.63,Active Learning|Amazon Web Services AWS software|Critical Thinking|IBM SPSS Statistics|Linux|Microsoft Excel|Monitoring|Reading Comprehension|Speaking,Active Listening|Apache Hadoop|Google Analytics|Google Workspace software|HubSpot software|Intuit QuickBooks|Microsoft Office software|Microsoft Outlook|Salesforce software|Writing
1823,Sales Executive,19,9,9,10,47.37,Active Listening|Adobe InDesign|Autodesk AutoCAD|Critical Thinking|Microsoft Excel|Microsoft Office software|Microsoft Outlook|Monitoring|Salesforce software|Writing,Active Learning|Adobe Acrobat|Adobe Creative Cloud software|Adobe Illustrator|Adobe Photoshop|Apple macOS|Microsoft PowerPoint|Reading Comprehension|Speaking
1824,Manager,20,16,16,4,80.0,Amazon Web Services AWS software|Autodesk AutoCAD|Critical Thinking|Learning Strategies,Active Learning|Active Listening|Adobe Acrobat|Adobe Creative Cloud software|Adobe Photoshop|Apache Hadoop|Apple macOS|Atlassian Confluence|Atlassian JIRA|Microsoft Excel|Microsoft Office software|Microsoft PowerPoint|Monitoring|Reading Comprehension|Speaking|Writing
1826,Laboratory Technician,20,9,9,11,45.0,Billing software|Critical Thinking|Google Docs|MEDITECH software|Microsoft Excel|Microsoft Office software|Microsoft PowerPoint|Monitoring|Reading Comprehension|Speaking|Writing,Active Learning|Active Listening|Commercial plate reader software|Data entry software|Database software|Microsoft Outlook|Microsoft Word|SAP software|Science
1827,Manufacturing Director,20,14,14,6,70.0,Active Listening|Adobe Creative Cloud software|Apple macOS|Atlassian Confluence|Atlassian JIRA|Speaking,Active Learning|Adobe Acrobat|Adobe Photoshop|Amazon Web Services AWS software|Apache Hadoop|Autodesk AutoCAD|Critical Thinking|Learning Strategies|Microsoft Excel|Microsoft Office software|Microsoft PowerPoint|Monitoring|Reading Comprehension|Writing
1829,Healthcare Representative,19,10,10,9,52.63,Active Learning|Active Listening|Apache Hadoop|Google Workspace software|IBM SPSS Statistics|Intuit QuickBooks|Linux|Microsoft Excel|Microsoft Office software,Amazon Web Services AWS software|Critical Thinking|Google Analytics|HubSpot software|Microsoft Outlook|Monitoring|Reading Comprehension|Salesforce software|Speaking|Writing
1830,Research Scientist,22,12,12,10,54.55,Active Learning|Apache Hadoop|Apache Kafka|Apache Spark|C|C++|Critical Thinking|Reading Comprehension|Speaking|Writing,Active Listening|Amazon Web Services AWS software|Ansible software|Bash|Docker|Git|GitHub|Go|Learning Strategies|Mathematics|Monitoring|Science
1833,Sales Executive,19,9,9,10,47.37,Active Learning|Adobe Acrobat|Adobe Creative Cloud software|Adobe Illustrator|Adobe Photoshop|Autodesk AutoCAD|Critical Thinking|Monitoring|Reading Comprehension|Writing,Active Listening|Adobe InDesign|Apple macOS|Microsoft Excel|Microsoft Office software|Microsoft Outlook|Microsoft PowerPoint|Salesforce software|Speaking
1834,Research Scientist,22,9,9,13,40.91,Active Learning|Active Listening|Amazon Web Services AWS software|Ansible software|Apache Spark|Bash|C|Docker|Git|GitHub|Go|Learning Strategies|Reading Comprehension,Apache Hadoop|Apache Kafka|C++|Critical Thinking|Mathematics|Monitoring|Science|Speaking|Writing
1835,Sales Representative,19,11,11,8,57.89,Active Listening|Adobe Illustrator|Adobe Photoshop|Apple macOS|Microsoft Excel|Monitoring|Reading Comprehension|Salesforce software,Active Learning|Adobe Acrobat|Adobe Creative Cloud software|Adobe InDesign|Autodesk AutoCAD|Critical Thinking|Microsoft Office software|Microsoft Outlook|Microsoft PowerPoint|Speaking|Writing
1836,Sales Executive,19,8,8,11,42.11,Active Listening|Adobe Acrobat|Adobe Illustrator|Adobe InDesign|Adobe Photoshop|Autodesk AutoCAD|Microsoft Excel|Microsoft Office software|Microsoft PowerPoint|Reading Comprehension|Writing,Active Learning|Adobe Creative Cloud software|Apple macOS|Critical Thinking|Microsoft Outlook|Monitoring|Salesforce software|Speaking
1837,Research Director,22,14,14,8,63.64,Adobe Acrobat|ESRI ArcGIS software|Learning Strategies|Microsoft Office software|Microsoft PowerPoint|Monitoring|Reading Comprehension|Writing,Active Learning|Active Listening|Adobe Photoshop|Critical Thinking|IBM SPSS Statistics|Mathematics|Microsoft Access|Microsoft Excel|Microsoft Outlook|Microsoft Project|Microsoft SharePoint|Microsoft Visio|Science|Speaking
1839,Research Scientist,22,8,8,14,36.36,Active Listening|Amazon Web Services AWS software|Apache Kafka|Apache Spark|C|Docker|Git|GitHub|Go|Learning Strategies|Mathematics|Reading Comprehension|Speaking|Writing,Active Learning|Ansible software|Apache Hadoop|Bash|C++|Critical Thinking|Monitoring|Science
1842,Human Resources,20,8,8,12,40.0,Active Listening|Adobe Acrobat|Adobe Creative Cloud software|Adobe Illustrator|Adobe InDesign|Adobe Photoshop|Applicant tracking software|Learning Strategies|Microsoft Excel|Microsoft PowerPoint|Oracle HRIS|Writing,Active Learning|Critical Thinking|Microsoft Office software|Microsoft Outlook|Monitoring|Reading Comprehension|Speaking|Workday software
1844,Human Resources,20,8,8,12,40.0,Adobe Acrobat|Adobe Illustrator|Adobe InDesign|Adobe Photoshop|Applicant tracking software|Microsoft Excel|Microsoft Office software|Microsoft PowerPoint|Oracle HRIS|Reading Comprehension|Workday software|Writing,Active Learning|Active Listening|Adobe Creative Cloud software|Critical Thinking|Learning Strategies|Microsoft Outlook|Monitoring|Speaking
1845,Sales Executive,19,9,9,10,47.37,Active Learning|Active Listening|Adobe Acrobat|Adobe Creative Cloud software|Adobe Illustrator|Autodesk AutoCAD|Critical Thinking|Microsoft Excel|Microsoft Office software|Writing,Adobe InDesign|Adobe Photoshop|Apple macOS|Microsoft Outlook|Microsoft PowerPoint|Monitoring|Reading Comprehension|Salesforce software|Speaking
1847,Research Scientist,22,12,12,10,54.55,Active Learning|Active Listening|Amazon Web Services AWS software|Ansible software|Apache Hadoop|Apache Spark|C|Go|Learning Strategies|Mathematics,Apache Kafka|Bash|C++|Critical Thinking|Docker|Git|GitHub|Monitoring|Reading Comprehension|Science|Speaking|Writing
1849,Sales Executive,19,9,9,10,47.37,Active Learning|Adobe Acrobat|Adobe Illustrator|Apple macOS|Microsoft Excel|Microsoft Office software|Microsoft PowerPoint|Salesforce software|Speaking|Writing,Active Listening|Adobe Creative Cloud software|Adobe InDesign|Adobe Photoshop|Autodesk AutoCAD|Critical Thinking|Microsoft Outlook|Monitoring|Reading Comprehension
1850,Laboratory Technician,20,9,9,11,45.0,Active Learning|Active Listening|Billing software|Commercial plate reader software|Critical Thinking|Data entry software|Google Docs|Microsoft Outlook|Microsoft Word|Science|Speaking,Database software|MEDITECH software|Microsoft Excel|Microsoft Office software|Microsoft PowerPoint|Monitoring|Reading Comprehension|SAP software|Writing
1852,Laboratory Technician,20,10,10,10,50.0,Active Learning|Commercial plate reader software|Critical Thinking|Google Docs|MEDITECH software|Microsoft Excel|Microsoft Office software|Microsoft PowerPoint|Microsoft Word|Speaking,Active Listening|Billing software|Data entry software|Database software|Microsoft Outlook|Monitoring|Reading Comprehension|SAP software|Science|Writing
1853,Sales Executive,19,8,8,11,42.11,Active Listening|Adobe Acrobat|Adobe Creative Cloud software|Apple macOS|Autodesk AutoCAD|Critical Thinking|Microsoft Office software|Microsoft PowerPoint|Monitoring|Speaking|Writing,Active Learning|Adobe Illustrator|Adobe InDesign|Adobe Photoshop|Microsoft Excel|Microsoft Outlook|Reading Comprehension|Salesforce software
1854,Research Scientist,22,11,11,11,50.0,Active Learning|Active Listening|Amazon Web Services AWS software|Apache Kafka|Bash|C|C++|Docker|GitHub|Mathematics|Writing,Ansible software|Apache Hadoop|Apache Spark|Critical Thinking|Git|Go|Learning Strategies|Monitoring|Reading Comprehension|Science|Speaking
1856,Laboratory Technician,20,9,9,11,45.0,Active Learning|Billing software|Commercial plate reader software|Critical Thinking|Data entry software|Database software|MEDITECH software|Microsoft Excel|Microsoft Outlook|Microsoft Word|Reading Comprehension,Active Listening|Google Docs|Microsoft Office software|Microsoft PowerPoint|Monitoring|SAP software|Science|Speaking|Writing
1857,Manufacturing Director,20,10,10,10,50.0,Active Learning|Adobe Acrobat|Adobe Photoshop|Amazon Web Services AWS software|Apple macOS|Atlassian Confluence|Autodesk AutoCAD|Learning Strategies|Microsoft PowerPoint|Reading Comprehension,Active Listening|Adobe Creative Cloud software|Apache Hadoop|Atlassian JIRA|Critical Thinking|Microsoft Excel|Microsoft Office software|Monitoring|Speaking|Writing
1858,Human Resources,20,8,8,12,40.0,Active Learning|Adobe Acrobat|Adobe Illustrator|Adobe InDesign|Applicant tracking software|Microsoft Excel|Microsoft Office software|Microsoft Outlook|Oracle HRIS|Reading Comprehension|Speaking|Writing,Active Listening|Adobe Creative Cloud software|Adobe Photoshop|Critical Thinking|Learning Strategies|Microsoft PowerPoint|Monitoring|Workday software
1859,Healthcare Representative,19,9,9,10,47.37,Active Listening|Apache Hadoop|Critical Thinking|Google Analytics|HubSpot software|Intuit QuickBooks|Microsoft Excel|Monitoring|Reading Comprehension|Writing,Active Learning|Amazon Web Services AWS software|Google Workspace software|IBM SPSS Statistics|Linux|Microsoft Office software|Microsoft Outlook|Salesforce software|Speaking
1860,Laboratory Technician,20,9,9,11,45.0,Active Learning|Critical Thinking|Database software|MEDITECH software|Microsoft Excel|Microsoft Office software|Microsoft Outlook|Microsoft PowerPoint|Microsoft Word|Science|Writing,Active Listening|Billing software|Commercial plate reader software|Data entry software|Google Docs|Monitoring|Reading Comprehension|SAP software|Speaking
1862,Sales Executive,19,9,9,10,47.37,Active Listening|Adobe Illustrator|Apple macOS|Autodesk AutoCAD|Microsoft Excel|Microsoft Office software|Microsoft Outlook|Monitoring|Salesforce software|Speaking,Active Learning|Adobe Acrobat|Adobe Creative Cloud software|Adobe InDesign|Adobe Photoshop|Critical Thinking|Microsoft PowerPoint|Reading Comprehension|Writing
1863,Sales Executive,19,12,12,7,63.16,Adobe Creative Cloud software|Adobe Illustrator|Adobe InDesign|Autodesk AutoCAD|Critical Thinking|Microsoft PowerPoint|Writing,Active Learning|Active Listening|Adobe Acrobat|Adobe Photoshop|Apple macOS|Microsoft Excel|Microsoft Office software|Microsoft Outlook|Monitoring|Reading Comprehension|Salesforce software|Speaking
1864,Sales Representative,19,9,9,10,47.37,Active Learning|Adobe Illustrator|Adobe InDesign|Adobe Photoshop|Microsoft Excel|Microsoft Office software|Reading Comprehension|Salesforce software|Speaking|Writing,Active Listening|Adobe Acrobat|Adobe Creative Cloud software|Apple macOS|Autodesk AutoCAD|Critical Thinking|Microsoft Outlook|Microsoft PowerPoint|Monitoring
1865,Human Resources,20,8,8,12,40.0,Active Listening|Adobe Illustrator|Adobe Photoshop|Learning Strategies|Microsoft Excel|Microsoft Office software|Microsoft Outlook|Microsoft PowerPoint|Reading Comprehension|Speaking|Workday software|Writing,Active Learning|Adobe Acrobat|Adobe Creative Cloud software|Adobe InDesign|Applicant tracking software|Critical Thinking|Monitoring|Oracle HRIS
1866,Manager,20,12,12,8,60.0,Active Listening|Adobe Acrobat|Adobe Creative Cloud software|Amazon Web Services AWS software|Apple macOS|Critical Thinking|Microsoft Office software|Monitoring,Active Learning|Adobe Photoshop|Apache Hadoop|Atlassian Confluence|Atlassian JIRA|Autodesk AutoCAD|Learning Strategies|Microsoft Excel|Microsoft PowerPoint|Reading Comprehension|Speaking|Writing
1867,Research Director,22,15,15,7,68.18,Active Learning|ESRI ArcGIS software|Microsoft Excel|Microsoft Office software|Microsoft PowerPoint|Microsoft Visio|Writing,Active Listening|Adobe Acrobat|Adobe Photoshop|Critical Thinking|IBM SPSS Statistics|Learning Strategies|Mathematics|Microsoft Access|Microsoft Outlook|Microsoft Project|Microsoft SharePoint|Monitoring|Reading Comprehension|Science|Speaking
1868,Research Scientist,22,9,9,13,40.91,Amazon Web Services AWS software|Ansible software|Apache Hadoop|Apache Spark|C++|Docker|GitHub|Go|Mathematics|Monitoring|Science|Speaking|Writing,Active Learning|Active Listening|Apache Kafka|Bash|C|Critical Thinking|Git|Learning Strategies|Reading Comprehension
1869,Sales Executive,19,10,10,9,52.63,Active Learning|Adobe Acrobat|Adobe Creative Cloud software|Adobe InDesign|Apple macOS|Autodesk AutoCAD|Critical Thinking|Microsoft Excel|Writing,Active Listening|Adobe Illustrator|Adobe Photoshop|Microsoft Office software|Microsoft Outlook|Microsoft PowerPoint|Monitoring|Reading Comprehension|Salesforce software|Speaking
1870,Research Scientist,22,10,10,12,45.45,Amazon Web Services AWS software|Ansible software|Apache Hadoop|Apache Kafka|Apache Spark|Bash|C|C++|Learning Strategies|Reading Comprehension|Speaking|Writing,Active Learning|Active Listening|Critical Thinking|Docker|Git|GitHub|Go|Mathematics|Monitoring|Science
1871,Research Scientist,22,10,10,12,45.45,Active Listening|Apache Hadoop|Apache Spark|Bash|C++|Critical Thinking|Git|GitHub|Learning Strategies|Reading Comprehension|Speaking|Writing,Active Learning|Amazon Web Services AWS software|Ansible software|Apache Kafka|C|Docker|Go|Mathematics|Monitoring|Science
1873,Research Scientist,22,13,13,9,59.09,Apache Spark|Bash|Critical Thinking|Docker|Git|Go|Learning Strategies|Mathematics|Speaking,Active Learning|Active Listening|Amazon Web Services AWS software|Ansible software|Apache Hadoop|Apache Kafka|C|C++|GitHub|Monitoring|Reading Comprehension|Science|Writing
1875,Sales Representative,19,7,7,12,36.84,Active Listening|Adobe Acrobat|Adobe Creative Cloud software|Adobe Illustrator|Adobe InDesign|Adobe Photoshop|Apple macOS|Autodesk AutoCAD|Microsoft PowerPoint|Monitoring|Salesforce software|Speaking,Active Learning|Critical Thinking|Microsoft Excel|Microsoft Office software|Microsoft Outlook|Reading Comprehension|Writing
1876,Sales Representative,19,7,7,12,36.84,Active Listening|Adobe Acrobat|Adobe Creative Cloud software|Adobe Illustrator|Adobe InDesign|Apple macOS|Critical Thinking|Microsoft Excel|Microsoft Outlook|Microsoft PowerPoint|Reading Comprehension|Salesforce software,Active Learning|Adobe Photoshop|Autodesk AutoCAD|Microsoft Office software|Monitoring|Speaking|Writing
1878,Research Scientist,22,9,9,13,40.91,Active Listening|Apache Kafka|Apache Spark|Docker|Git|GitHub|Go|Learning Strategies|Mathematics|Reading Comprehension|Science|Speaking|Writing,Active Learning|Amazon Web Services AWS software|Ansible software|Apache Hadoop|Bash|C|C++|Critical Thinking|Monitoring
1880,Sales Executive,19,9,9,10,47.37,Adobe Creative Cloud software|Adobe Illustrator|Adobe InDesign|Apple macOS|Critical Thinking|Microsoft Outlook|Microsoft PowerPoint|Monitoring|Reading Comprehension|Salesforce software,Active Learning|Active Listening|Adobe Acrobat|Adobe Photoshop|Autodesk AutoCAD|Microsoft Excel|Microsoft Office software|Speaking|Writing
1881,Laboratory Technician,20,10,10,10,50.0,Active Learning|Active Listening|Commercial plate reader software|Critical Thinking|Data entry software|Microsoft Excel|Microsoft Word|Science|Speaking|Writing,Billing software|Database software|Google Docs|MEDITECH software|Microsoft Office software|Microsoft Outlook|Microsoft PowerPoint|Monitoring|Reading Comprehension|SAP software
1882,Sales Executive,19,9,9,10,47.37,Active Learning|Active Listening|Adobe Creative Cloud software|Adobe Illustrator|Adobe InDesign|Apple macOS|Autodesk AutoCAD|Critical Thinking|Microsoft Excel|Monitoring,Adobe Acrobat|Adobe Photoshop|Microsoft Office software|Microsoft Outlook|Microsoft PowerPoint|Reading Comprehension|Salesforce software|Speaking|Writing
1883,Laboratory Technician,20,10,10,10,50.0,Billing software|Data entry software|Database software|Google Docs|Microsoft Office software|Microsoft Outlook|Monitoring|Reading Comprehension|SAP software|Speaking,Active Learning|Active Listening|Commercial plate reader software|Critical Thinking|MEDITECH software|Microsoft Excel|Microsoft PowerPoint|Microsoft Word|Science|Writing
1885,Research Scientist,22,12,12,10,54.55,Active Learning|Active Listening|Amazon Web Services AWS software|Ansible software|Apache Hadoop|Bash|C|C++|GitHub|Reading Comprehension,Apache Kafka|Apache Spark|Critical Thinking|Docker|Git|Go|Learning Strategies|Mathematics|Monitoring|Science|Speaking|Writing
1886,Manufacturing Director,20,8,8,12,40.0,Active Learning|Active Listening|Adobe Acrobat|Adobe Photoshop|Apple macOS|Atlassian Confluence|Atlassian JIRA|Autodesk AutoCAD|Microsoft Office software|Microsoft PowerPoint|Monitoring|Writing,Adobe Creative Cloud software|Amazon Web Services AWS software|Apache Hadoop|Critical Thinking|Learning Strategies|Microsoft Excel|Reading Comprehension|Speaking
1888,Manufacturing Director,20,10,10,10,50.0,Active Learning|Amazon Web Services AWS software|Apache Hadoop|Apple macOS|Atlassian JIRA|Autodesk AutoCAD|Critical Thinking|Microsoft Office software|Speaking|Writing,Active Listening|Adobe Acrobat|Adobe Creative Cloud software|Adobe Photoshop|Atlassian Confluence|Learning Strategies|Microsoft Excel|Microsoft PowerPoint|Monitoring|Reading Comprehension
1890,Human Resources,20,10,10,10,50.0,Adobe InDesign|Adobe Photoshop|Learning Strategies|Microsoft Excel|Microsoft Office software|Microsoft PowerPoint|Monitoring|Reading Comprehension|Speaking|Writing,Active Learning|Active Listening|Adobe Acrobat|Adobe Creative Cloud software|Adobe Illustrator|Applicant tracking software|Critical Thinking|Microsoft Outlook|Oracle HRIS|Workday software
1892,Manager,20,12,12,8,60.0,Adobe Creative Cloud software|Amazon Web Services AWS software|Apple macOS|Atlassian JIRA|Microsoft Office software|Microsoft PowerPoint|Monitoring|Writing,Active Learning|Active Listening|Adobe Acrobat|Adobe Photoshop|Apache Hadoop|Atlassian Confluence|Autodesk AutoCAD|Critical Thinking|Learning Strategies|Microsoft Excel|Reading Comprehension|Speaking
1893,Research Scientist,22,9,9,13,40.91,Active Learning|Active Listening|Ansible software|Apache Kafka|Apache Spark|C++|Critical Thinking|Docker|Go|Learning Strategies|Monitoring|Science|Writing,Amazon Web Services AWS software|Apache Hadoop|Bash|C|Git|GitHub|Mathematics|Reading Comprehension|Speaking
1898,Sales Executive,19,9,9,10,47.37,Active Learning|Active Listening|Adobe Acrobat|Adobe Creative Cloud software|Adobe Photoshop|Critical Thinking|Microsoft Excel|Microsoft Office software|Microsoft PowerPoint|Speaking,Adobe Illustrator|Adobe InDesign|Apple macOS|Autodesk AutoCAD|Microsoft Outlook|Monitoring|Reading Comprehension|Salesforce software|Writing
1900,Manager,20,13,13,7,65.0,Active Listening|Adobe Creative Cloud software|Amazon Web Services AWS software|Apple macOS|Atlassian Confluence|Autodesk AutoCAD|Learning Strategies,Active Learning|Adobe Acrobat|Adobe Photoshop|Apache Hadoop|Atlassian JIRA|Critical Thinking|Microsoft Excel|Microsoft Office software|Microsoft PowerPoint|Monitoring|Reading Comprehension|Speaking|Writing
1903,Healthcare Representative,19,9,9,10,47.37,Apache Hadoop|Google Workspace software|HubSpot software|IBM SPSS Statistics|Linux|Microsoft Office software|Reading Comprehension|Salesforce software|Speaking|Writing,Active Learning|Active Listening|Amazon Web Services AWS software|Critical Thinking|Google Analytics|Intuit QuickBooks|Microsoft Excel|Microsoft Outlook|Monitoring
1905,Research Scientist,22,10,10,12,45.45,Active Learning|Active Listening|Amazon Web Services AWS software|Apache Hadoop|Apache Kafka|Apache Spark|C|Critical Thinking|Docker|Learning Strategies|Mathematics|Speaking,Ansible software|Bash|C++|Git|GitHub|Go|Monitoring|Reading Comprehension|Science|Writing
1907,Laboratory Technician,20,9,9,11,45.0,Active Learning|Active Listening|Data entry software|Google Docs|MEDITECH software|Microsoft Outlook|Microsoft PowerPoint|Monitoring|Reading Comprehension|SAP software|Science,Billing software|Commercial plate reader software|Critical Thinking|Database software|Microsoft Excel|Microsoft Office software|Microsoft Word|Speaking|Writing
1908,Sales Executive,19,10,10,9,52.63,Adobe Acrobat|Adobe Creative Cloud software|Adobe Illustrator|Adobe Photoshop|Autodesk AutoCAD|Critical Thinking|Reading Comprehension|Speaking|Writing,Active Learning|Active Listening|Adobe InDesign|Apple macOS|Microsoft Excel|Microsoft Office software|Microsoft Outlook|Microsoft PowerPoint|Monitoring|Salesforce software
1909,Sales Executive,19,10,10,9,52.63,Active Learning|Adobe Illustrator|Apple macOS|Microsoft Excel|Microsoft Office software|Monitoring|Reading Comprehension|Speaking|Writing,Active Listening|Adobe Acrobat|Adobe Creative Cloud software|Adobe InDesign|Adobe Photoshop|Autodesk AutoCAD|Critical Thinking|Microsoft Outlook|Microsoft PowerPoint|Salesforce software
1911,Research Director,22,13,13,9,59.09,Active Learning|Active Listening|Critical Thinking|Microsoft Access|Microsoft Excel|Microsoft Office software|Microsoft Visio|Reading Comprehension|Speaking,Adobe Acrobat|Adobe Photoshop|ESRI ArcGIS software|IBM SPSS Statistics|Learning Strategies|Mathematics|Microsoft Outlook|Microsoft PowerPoint|Microsoft Project|Microsoft SharePoint|Monitoring|Science|Writing
1912,Sales Executive,19,9,9,10,47.37,Active Learning|Active Listening|Adobe InDesign|Apple macOS|Critical Thinking|Microsoft Excel|Microsoft PowerPoint|Reading Comprehension|Salesforce software|Writing,Adobe Acrobat|Adobe Creative Cloud software|Adobe Illustrator|Adobe Photoshop|Autodesk AutoCAD|Microsoft Office software|Microsoft Outlook|Monitoring|Speaking
1915,Sales Executive,19,9,9,10,47.37,Active Listening|Adobe Acrobat|Adobe Illustrator|Adobe Photoshop|Apple macOS|Autodesk AutoCAD|Microsoft Office software|Monitoring|Salesforce software|Writing,Active Learning|Adobe Creative Cloud software|Adobe InDesign|Critical Thinking|Microsoft Excel|Microsoft Outlook|Microsoft PowerPoint|Reading Comprehension|Speaking
1916,Laboratory Technician,20,8,8,12,40.0,Active Listening|Billing software|Critical Thinking|Data entry software|Database software|Google Docs|MEDITECH software|Microsoft Excel|Microsoft Outlook|Microsoft PowerPoint|Reading Comprehension|Speaking,Active Learning|Commercial plate reader software|Microsoft Office software|Microsoft Word|Monitoring|SAP software|Science|Writing
1918,Laboratory Technician,20,9,9,11,45.0,Active Listening|Billing software|Critical Thinking|Data entry software|MEDITECH software|Microsoft PowerPoint|Reading Comprehension|SAP software|Science|Speaking|Writing,Active Learning|Commercial plate reader software|Database software|Google Docs|Microsoft Excel|Microsoft Office software|Microsoft Outlook|Microsoft Word|Monitoring
1922,Healthcare Representative,19,10,10,9,52.63,Amazon Web Services AWS software|Apache Hadoop|Google Workspace software|Intuit QuickBooks|Linux|Microsoft Office software|Microsoft Outlook|Salesforce software|Speaking,Active Learning|Active Listening|Critical Thinking|Google Analytics|HubSpot software|IBM SPSS Statistics|Microsoft Excel|Monitoring|Reading Comprehension|Writing
1924,Sales Executive,19,9,9,10,47.37,Adobe Acrobat|Adobe Creative Cloud software|Adobe Illustrator|Adobe Photoshop|Critical Thinking|Microsoft Excel|Microsoft Office software|Microsoft PowerPoint|Speaking|Writing,Active Learning|Active Listening|Adobe InDesign|Apple macOS|Autodesk AutoCAD|Microsoft Outlook|Monitoring|Reading Comprehension|Salesforce software
1927,Sales Executive,19,9,9,10,47.37,Adobe Creative Cloud software|Adobe Illustrator|Adobe Photoshop|Microsoft Excel|Microsoft Office software|Microsoft Outlook|Monitoring|Reading Comprehension|Salesforce software|Writing,Active Learning|Active Listening|Adobe Acrobat|Adobe InDesign|Apple macOS|Autodesk AutoCAD|Critical Thinking|Microsoft PowerPoint|Speaking
1928,Sales Representative,19,7,7,12,36.84,Active Learning|Active Listening|Adobe Creative Cloud software|Adobe InDesign|Apple macOS|Autodesk AutoCAD|Microsoft Excel|Microsoft Office software|Microsoft Outlook|Microsoft PowerPoint|Reading Comprehension|Writing,Adobe Acrobat|Adobe Illustrator|Adobe Photoshop|Critical Thinking|Monitoring|Salesforce software|Speaking
1929,Sales Executive,19,9,9,10,47.37,Active Learning|Adobe Creative Cloud software|Adobe Illustrator|Adobe InDesign|Adobe Photoshop|Autodesk AutoCAD|Critical Thinking|Microsoft Office software|Reading Comprehension|Speaking,Active Listening|Adobe Acrobat|Apple macOS|Microsoft Excel|Microsoft Outlook|Microsoft PowerPoint|Monitoring|Salesforce software|Writing
1931,Research Scientist,22,10,10,12,45.45,Active Learning|Active Listening|Apache Hadoop|Bash|C++|Docker|GitHub|Go|Learning Strategies|Mathematics|Reading Comprehension|Speaking,Amazon Web Services AWS software|Ansible software|Apache Kafka|Apache Spark|C|Critical Thinking|Git|Monitoring|Science|Writing
1932,Research Scientist,22,12,12,10,54.55,Active Learning|Active Listening|Ansible software|Apache Hadoop|C++|Critical Thinking|Git|Go|Learning Strategies|Writing,Amazon Web Services AWS software|Apache Kafka|Apache Spark|Bash|C|Docker|GitHub|Mathematics|Monitoring|Reading Comprehension|Science|Speaking
1933,Sales Executive,19,8,8,11,42.11,Adobe Acrobat|Adobe Creative Cloud software|Adobe Photoshop|Apple macOS|Autodesk AutoCAD|Critical Thinking|Microsoft Excel|Microsoft Office software|Microsoft Outlook|Microsoft PowerPoint|Monitoring,Active Learning|Active Listening|Adobe Illustrator|Adobe InDesign|Reading Comprehension|Salesforce software|Speaking|Writing
1934,Research Scientist,22,12,12,10,54.55,Amazon Web Services AWS software|Apache Hadoop|C|Critical Thinking|Docker|GitHub|Go|Mathematics|Science|Writing,Active Learning|Active Listening|Ansible software|Apache Kafka|Apache Spark|Bash|C++|Git|Learning Strategies|Monitoring|Reading Comprehension|Speaking
1935,Sales Executive,19,8,8,11,42.11,Active Learning|Active Listening|Adobe Acrobat|Adobe Creative Cloud software|Adobe Photoshop|Apple macOS|Microsoft Outlook|Monitoring|Reading Comprehension|Salesforce software|Speaking,Adobe Illustrator|Adobe InDesign|Autodesk AutoCAD|Critical Thinking|Microsoft Excel|Microsoft Office software|Microsoft PowerPoint|Writing
1936,Manufacturing Director,20,10,10,10,50.0,Active Learning|Active Listening|Adobe Photoshop|Amazon Web Services AWS software|Atlassian Confluence|Atlassian JIRA|Autodesk AutoCAD|Critical Thinking|Microsoft Excel|Monitoring,Adobe Acrobat|Adobe Creative Cloud software|Apache Hadoop|Apple macOS|Learning Strategies|Microsoft Office software|Microsoft PowerPoint|Reading Comprehension|Speaking|Writing
1937,Research Scientist,22,13,13,9,59.09,Active Learning|Apache Spark|Bash|C++|Critical Thinking|GitHub|Monitoring|Science|Speaking,Active Listening|Amazon Web Services AWS software|Ansible software|Apache Hadoop|Apache Kafka|C|Docker|Git|Go|Learning Strategies|Mathematics|Reading Comprehension|Writing
1938,Manager,20,14,14,6,70.0,Active Learning|Atlassian JIRA|Critical Thinking|Microsoft PowerPoint|Monitoring|Speaking,Active Listening|Adobe Acrobat|Adobe Creative Cloud software|Adobe Photoshop|Amazon Web Services AWS software|Apache Hadoop|Apple macOS|Atlassian Confluence|Autodesk AutoCAD|Learning Strategies|Microsoft Excel|Microsoft Office software|Reading Comprehension|Writing
1939,Research Scientist,22,10,10,12,45.45,Active Learning|Active Listening|Amazon Web Services AWS software|Apache Hadoop|Apache Spark|C|GitHub|Go|Learning Strategies|Monitoring|Reading Comprehension|Writing,Ansible software|Apache Kafka|Bash|C++|Critical Thinking|Docker|Git|Mathematics|Science|Speaking
1940,Research Scientist,22,11,11,11,50.0,Amazon Web Services AWS software|Ansible software|Bash|C++|Critical Thinking|Git|GitHub|Go|Monitoring|Science|Speaking,Active Learning|Active Listening|Apache Hadoop|Apache Kafka|Apache Spark|C|Docker|Learning Strategies|Mathematics|Reading Comprehension|Writing
1941,Research Director,22,15,15,7,68.18,Adobe Acrobat|ESRI ArcGIS software|Microsoft Access|Microsoft Outlook|Microsoft PowerPoint|Microsoft SharePoint|Microsoft Visio,Active Learning|Active Listening|Adobe Photoshop|Critical Thinking|IBM SPSS Statistics|Learning Strategies|Mathematics|Microsoft Excel|Microsoft Office software|Microsoft Project|Monitoring|Reading Comprehension|Science|Speaking|Writing
1943,Sales Executive,19,10,10,9,52.63,Active Learning|Active Listening|Adobe Creative Cloud software|Adobe Illustrator|Adobe InDesign|Adobe Photoshop|Microsoft Office software|Speaking|Writing,Adobe Acrobat|Apple macOS|Autodesk AutoCAD|Critical Thinking|Microsoft Excel|Microsoft Outlook|Microsoft PowerPoint|Monitoring|Reading Comprehension|Salesforce software
1944,Human Resources,20,8,8,12,40.0,Active Learning|Active Listening|Adobe Illustrator|Adobe InDesign|Adobe Photoshop|Critical Thinking|Microsoft Office software|Microsoft PowerPoint|Monitoring|Oracle HRIS|Reading Comprehension|Workday software,Adobe Acrobat|Adobe Creative Cloud software|Applicant tracking software|Learning Strategies|Microsoft Excel|Microsoft Outlook|Speaking|Writing
1945,Sales Executive,19,8,8,11,42.11,Active Learning|Active Listening|Adobe Acrobat|Adobe Creative Cloud software|Adobe Photoshop|Apple macOS|Microsoft Excel|Microsoft PowerPoint|Monitoring|Speaking|Writing,Adobe Illustrator|Adobe InDesign|Autodesk AutoCAD|Critical Thinking|Microsoft Office software|Microsoft Outlook|Reading Comprehension|Salesforce software
1947,Research Scientist,22,10,10,12,45.45,Active Learning|Amazon Web Services AWS software|Ansible software|Apache Hadoop|Bash|C|C++|Critical Thinking|GitHub|Go|Reading Comprehension|Writing,Active Listening|Apache Kafka|Apache Spark|Docker|Git|Learning Strategies|Mathematics|Monitoring|Science|Speaking
1948,Research Scientist,22,9,9,13,40.91,Active Learning|Ansible software|Apache Hadoop|Apache Kafka|Apache Spark|Bash|C|Critical Thinking|Git|GitHub|Monitoring|Science|Speaking,Active Listening|Amazon Web Services AWS software|C++|Docker|Go|Learning Strategies|Mathematics|Reading Comprehension|Writing
1949,Laboratory Technician,20,9,9,11,45.0,Active Listening|Billing software|Commercial plate reader software|Critical Thinking|Google Docs|Microsoft Excel|Microsoft Office software|Microsoft Outlook|Science|Speaking|Writing,Active Learning|Data entry software|Database software|MEDITECH software|Microsoft PowerPoint|Microsoft Word|Monitoring|Reading Comprehension|SAP software
1950,Sales Executive,19,10,10,9,52.63,Active Learning|Adobe InDesign|Critical Thinking|Microsoft Office software|Microsoft Outlook|Monitoring|Reading Comprehension|Speaking|Writing,Active Listening|Adobe Acrobat|Adobe Creative Cloud software|Adobe Illustrator|Adobe Photoshop|Apple macOS|Autodesk AutoCAD|Microsoft Excel|Microsoft PowerPoint|Salesforce software
1951,Sales Executive,19,9,9,10,47.37,Adobe Photoshop|Apple macOS|Critical Thinking|Microsoft Excel|Microsoft Outlook|Microsoft PowerPoint|Monitoring|Reading Comprehension|Salesforce software|Speaking,Active Learning|Active Listening|Adobe Acrobat|Adobe Creative Cloud software|Adobe Illustrator|Adobe InDesign|Autodesk AutoCAD|Microsoft Office software|Writing
1952,Laboratory Technician,20,9,9,11,45.0,Active Learning|Active Listening|Billing software|Data entry software|Database software|Google Docs|Microsoft Excel|Microsoft Outlook|Monitoring|Science|Speaking,Commercial plate reader software|Critical Thinking|MEDITECH software|Microsoft Office software|Microsoft PowerPoint|Microsoft Word|Reading Comprehension|SAP software|Writing
1954,Healthcare Representative,19,8,8,11,42.11,Active Learning|Active Listening|Apache Hadoop|HubSpot software|IBM SPSS Statistics|Microsoft Excel|Microsoft Outlook|Monitoring|Reading Comprehension|Salesforce software|Writing,Amazon Web Services AWS software|Critical Thinking|Google Analytics|Google Workspace software|Intuit QuickBooks|Linux|Microsoft Office software|Speaking
1955,Healthcare Representative,19,9,9,10,47.37,Active Listening|Amazon Web Services AWS software|Apache Hadoop|Google Analytics|Google Workspace software|HubSpot software|Intuit QuickBooks|Microsoft Office software|Microsoft Outlook|Reading Comprehension,Active Learning|Critical Thinking|IBM SPSS Statistics|Linux|Microsoft Excel|Monitoring|Salesforce software|Speaking|Writing
1956,Research Scientist,22,11,11,11,50.0,Active Learning|Active Listening|Amazon Web Services AWS software|Apache Kafka|Apache Spark|Bash|C++|Go|Learning Strategies|Reading Comprehension|Writing,Ansible software|Apache Hadoop|C|Critical Thinking|Docker|Git|GitHub|Mathematics|Monitoring|Science|Speaking
1960,Laboratory Technician,20,9,9,11,45.0,Active Learning|Active Listening|Commercial plate reader software|Critical Thinking|Data entry software|MEDITECH software|Microsoft Outlook|Microsoft PowerPoint|Monitoring|SAP software|Writing,Billing software|Database software|Google Docs|Microsoft Excel|Microsoft Office software|Microsoft Word|Reading Comprehension|Science|Speaking
1961,Sales Representative,19,11,11,8,57.89,Adobe Acrobat|Adobe Creative Cloud software|Adobe Illustrator|Adobe InDesign|Adobe Photoshop|Autodesk AutoCAD|Microsoft Office software|Reading Comprehension,Active Learning|Active Listening|Apple macOS|Critical Thinking|Microsoft Excel|Microsoft Outlook|Microsoft PowerPoint|Monitoring|Salesforce software|Speaking|Writing
1962,Sales Executive,19,9,9,10,47.37,Active Learning|Adobe Creative Cloud software|Adobe Illustrator|Adobe InDesign|Apple macOS|Autodesk AutoCAD|Critical Thinking|Microsoft Excel|Speaking|Writing,Active Listening|Adobe Acrobat|Adobe Photoshop|Microsoft Office software|Microsoft Outlook|Microsoft PowerPoint|Monitoring|Reading Comprehension|Salesforce software
1965,Sales Executive,19,9,9,10,47.37,Active Learning|Adobe Acrobat|Adobe Photoshop|Autodesk AutoCAD|Critical Thinking|Microsoft Excel|Microsoft Outlook|Microsoft PowerPoint|Reading Comprehension|Speaking,Active Listening|Adobe Creative Cloud software|Adobe Illustrator|Adobe InDesign|Apple macOS|Microsoft Office software|Monitoring|Salesforce software|Writing
1966,Manufacturing Director,20,9,9,11,45.0,Active Learning|Adobe Photoshop|Apache Hadoop|Apple macOS|Autodesk AutoCAD|Microsoft Excel|Microsoft Office software|Microsoft PowerPoint|Monitoring|Reading Comprehension|Writing,Active Listening|Adobe Acrobat|Adobe Creative Cloud software|Amazon Web Services AWS software|Atlassian Confluence|Atlassian JIRA|Critical Thinking|Learning Strategies|Speaking
1967,Sales Executive,19,9,9,10,47.37,Adobe Acrobat|Adobe InDesign|Adobe Photoshop|Autodesk AutoCAD|Microsoft Excel|Microsoft Outlook|Microsoft PowerPoint|Monitoring|Reading Comprehension|Speaking,Active Learning|Active Listening|Adobe Creative Cloud software|Adobe Illustrator|Apple macOS|Critical Thinking|Microsoft Office software|Salesforce software|Writing
1968,Sales Executive,19,10,10,9,52.63,Active Learning|Active Listening|Adobe Creative Cloud software|Adobe Photoshop|Microsoft Outlook|Monitoring|Reading Comprehension|Salesforce software|Writing,Adobe Acrobat|Adobe Illustrator|Adobe InDesign|Apple macOS|Autodesk AutoCAD|Critical Thinking|Microsoft Excel|Microsoft Office software|Microsoft PowerPoint|Speaking
1969,Research Scientist,22,11,11,11,50.0,Ansible software|Apache Hadoop|Apache Kafka|Apache Spark|Bash|Critical Thinking|Git|Go|Learning Strategies|Speaking|Writing,Active Learning|Active Listening|Amazon Web Services AWS software|C|C++|Docker|GitHub|Mathematics|Monitoring|Reading Comprehension|Science
1970,Healthcare Representative,19,9,9,10,47.37,Active Listening|Apache Hadoop|Critical Thinking|Google Workspace software|IBM SPSS Statistics|Intuit QuickBooks|Linux|Microsoft Excel|Salesforce software|Writing,Active Learning|Amazon Web Services AWS software|Google Analytics|HubSpot software|Microsoft Office software|Microsoft Outlook|Monitoring|Reading Comprehension|Speaking
1971,Healthcare Representative,19,9,9,10,47.37,Active Learning|Amazon Web Services AWS software|Critical Thinking|Google Workspace software|HubSpot software|Intuit QuickBooks|Microsoft Excel|Reading Comprehension|Speaking|Writing,Active Listening|Apache Hadoop|Google Analytics|IBM SPSS Statistics|Linux|Microsoft Office software|Microsoft Outlook|Monitoring|Salesforce software
1972,Human Resources,20,9,9,11,45.0,Active Learning|Active Listening|Adobe Acrobat|Adobe Illustrator|Critical Thinking|Microsoft Excel|Microsoft Office software|Monitoring|Oracle HRIS|Reading Comprehension|Writing,Adobe Creative Cloud software|Adobe InDesign|Adobe Photoshop|Applicant tracking software|Learning Strategies|Microsoft Outlook|Microsoft PowerPoint|Speaking|Workday software
1973,Manager,20,15,15,5,75.0,Amazon Web Services AWS software|Atlassian Confluence|Microsoft PowerPoint|Monitoring|Speaking,Active Learning|Active Listening|Adobe Acrobat|Adobe Creative Cloud software|Adobe Photoshop|Apache Hadoop|Apple macOS|Atlassian JIRA|Autodesk AutoCAD|Critical Thinking|Learning Strategies|Microsoft Excel|Microsoft Office software|Reading Comprehension|Writing
1974,Laboratory Technician,20,8,8,12,40.0,Active Learning|Critical Thinking|Data entry software|Database software|Google Docs|MEDITECH software|Microsoft Outlook|Microsoft PowerPoint|Reading Comprehension|SAP software|Science|Speaking,Active Listening|Billing software|Commercial plate reader software|Microsoft Excel|Microsoft Office software|Microsoft Word|Monitoring|Writing
1975,Sales Executive,19,12,12,7,63.16,Active Learning|Adobe Creative Cloud software|Autodesk AutoCAD|Critical Thinking|Microsoft Outlook|Reading Comprehension|Writing,Active Listening|Adobe Acrobat|Adobe Illustrator|Adobe InDesign|Adobe Photoshop|Apple macOS|Microsoft Excel|Microsoft Office software|Microsoft PowerPoint|Monitoring|Salesforce software|Speaking
1976,Research Scientist,22,13,13,9,59.09,Active Learning|Active Listening|Amazon Web Services AWS software|Apache Spark|Docker|GitHub|Go|Science|Writing,Ansible software|Apache Hadoop|Apache Kafka|Bash|C|C++|Critical Thinking|Git|Learning Strategies|Mathematics|Monitoring|Reading Comprehension|Speaking
1979,Research Director,22,12,12,10,54.55,Adobe Acrobat|Critical Thinking|ESRI ArcGIS software|Microsoft Excel|Microsoft Office software|Microsoft Outlook|Microsoft Visio|Reading Comprehension|Speaking|Writing,Active Learning|Active Listening|Adobe Photoshop|IBM SPSS Statistics|Learning Strategies|Mathematics|Microsoft Access|Microsoft PowerPoint|Microsoft Project|Microsoft SharePoint|Monitoring|Science
1980,Manufacturing Director,20,10,10,10,50.0,Active Learning|Apache Hadoop|Apple macOS|Autodesk AutoCAD|Critical Thinking|Microsoft PowerPoint|Monitoring|Reading Comprehension|Speaking|Writing,Active Listening|Adobe Acrobat|Adobe Creative Cloud software|Adobe Photoshop|Amazon Web Services AWS software|Atlassian Confluence|Atlassian JIRA|Learning Strategies|Microsoft Excel|Microsoft Office software
1981,Healthcare Representative,19,8,8,11,42.11,Active Listening|Amazon Web Services AWS software|Critical Thinking|Google Analytics|IBM SPSS Statistics|Microsoft Excel|Microsoft Office software|Monitoring|Reading Comprehension|Speaking|Writing,Active Learning|Apache Hadoop|Google Workspace software|HubSpot software|Intuit QuickBooks|Linux|Microsoft Outlook|Salesforce software
1982,Laboratory Technician,20,9,9,11,45.0,Active Listening|Billing software|Commercial plate reader software|Data entry software|Database software|Google Docs|Microsoft Excel|Monitoring|Reading Comprehension|Speaking|Writing,Active Learning|Critical Thinking|MEDITECH software|Microsoft Office software|Microsoft Outlook|Microsoft PowerPoint|Microsoft Word|SAP software|Science
1985,Laboratory Technician,20,10,10,10,50.0,Active Listening|Billing software|Critical Thinking|Data entry software|Database software|MEDITECH software|Microsoft Excel|Microsoft Office software|Monitoring|Science,Active Learning|Commercial plate reader software|Google Docs|Microsoft Outlook|Microsoft PowerPoint|Microsoft Word|Reading Comprehension|SAP software|Speaking|Writing
1986,Sales Executive,19,10,10,9,52.63,Active Listening|Adobe Acrobat|Adobe Creative Cloud software|Adobe Illustrator|Adobe InDesign|Microsoft Excel|Microsoft Office software|Microsoft Outlook|Monitoring,Active Learning|Adobe Photoshop|Apple macOS|Autodesk AutoCAD|Critical Thinking|Microsoft PowerPoint|Reading Comprehension|Salesforce software|Speaking|Writing
1987,Human Resources,20,9,9,11,45.0,Active Listening|Adobe Creative Cloud software|Adobe InDesign|Critical Thinking|Learning Strategies|Microsoft Office software|Microsoft Outlook|Microsoft PowerPoint|Monitoring|Reading Comprehension|Speaking,Active Learning|Adobe Acrobat|Adobe Illustrator|Adobe Photoshop|Applicant tracking software|Microsoft Excel|Oracle HRIS|Workday software|Writing
1989,Laboratory Technician,20,10,10,10,50.0,Active Learning|Active Listening|Billing software|Commercial plate reader software|Data entry software|Database software|Microsoft PowerPoint|Reading Comprehension|Science|Writing,Critical Thinking|Google Docs|MEDITECH software|Microsoft Excel|Microsoft Office software|Microsoft Outlook|Microsoft Word|Monitoring|SAP software|Speaking
1992,Laboratory Technician,20,9,9,11,45.0,Active Learning|Commercial plate reader software|Critical Thinking|Database software|Google Docs|Microsoft Office software|Microsoft Outlook|Microsoft PowerPoint|Microsoft Word|Monitoring|Speaking,Active Listening|Billing software|Data entry software|MEDITECH software|Microsoft Excel|Reading Comprehension|SAP software|Science|Writing
1993,Healthcare Representative,19,12,12,7,63.16,Apache Hadoop|Google Workspace software|IBM SPSS Statistics|Microsoft Office software|Monitoring|Reading Comprehension|Speaking,Active Learning|Active Listening|Amazon Web Services AWS software|Critical Thinking|Google Analytics|HubSpot software|Intuit QuickBooks|Linux|Microsoft Excel|Microsoft Outlook|Salesforce software|Writing
1994,Laboratory Technician,20,8,8,12,40.0,Commercial plate reader software|Critical Thinking|Database software|Google Docs|MEDITECH software|Microsoft Office software|Microsoft Outlook|Microsoft Word|Monitoring|SAP software|Speaking|Writing,Active Learning|Active Listening|Billing software|Data entry software|Microsoft Excel|Microsoft PowerPoint|Reading Comprehension|Science
1995,Sales Executive,19,11,11,8,57.89,Active Learning|Adobe Acrobat|Adobe Creative Cloud software|Adobe Illustrator|Autodesk AutoCAD|Microsoft PowerPoint|Salesforce software|Speaking,Active Listening|Adobe InDesign|Adobe Photoshop|Apple macOS|Critical Thinking|Microsoft Excel|Microsoft Office software|Microsoft Outlook|Monitoring|Reading Comprehension|Writing
1996,Sales Representative,19,8,8,11,42.11,Active Learning|Active Listening|Adobe Acrobat|Adobe Creative Cloud software|Adobe Photoshop|Apple macOS|Critical Thinking|Microsoft Excel|Microsoft PowerPoint|Monitoring|Salesforce software,Adobe Illustrator|Adobe InDesign|Autodesk AutoCAD|Microsoft Office software|Microsoft Outlook|Reading Comprehension|Speaking|Writing
1997,Manufacturing Director,20,10,10,10,50.0,Active Listening|Adobe Acrobat|Amazon Web Services AWS software|Apache Hadoop|Apple macOS|Atlassian JIRA|Learning Strategies|Monitoring|Speaking|Writing,Active Learning|Adobe Creative Cloud software|Adobe Photoshop|Atlassian Confluence|Autodesk AutoCAD|Critical Thinking|Microsoft Excel|Microsoft Office software|Microsoft PowerPoint|Reading Comprehension
1998,Research Scientist,22,11,11,11,50.0,Active Learning|Active Listening|Ansible software|Apache Spark|Critical Thinking|Git|Go|Mathematics|Monitoring|Reading Comprehension|Speaking,Amazon Web Services AWS software|Apache Hadoop|Apache Kafka|Bash|C|C++|Docker|GitHub|Learning Strategies|Science|Writing
1999,Research Scientist,22,11,11,11,50.0,Amazon Web Services AWS software|Ansible software|Apache Hadoop|Apache Kafka|Bash|C|Critical Thinking|Git|Reading Comprehension|Science|Speaking,Active Learning|Active Listening|Apache Spark|C++|Docker|GitHub|Go|Learning Strategies|Mathematics|Monitoring|Writing
2000,Research Director,22,12,12,10,54.55,Adobe Photoshop|ESRI ArcGIS software|Learning Strategies|Microsoft Access|Microsoft Outlook|Microsoft PowerPoint|Microsoft SharePoint|Microsoft Visio|Science|Writing,Active Learning|Active Listening|Adobe Acrobat|Critical Thinking|IBM SPSS Statistics|Mathematics|Microsoft Excel|Microsoft Office software|Microsoft Project|Monitoring|Reading Comprehension|Speaking
2003,Laboratory Technician,20,9,9,11,45.0,Billing software|Commercial plate reader software|Critical Thinking|Data entry software|Google Docs|Microsoft Excel|Microsoft Office software|Microsoft Outlook|Microsoft Word|Reading Comprehension|SAP software,Active Learning|Active Listening|Database software|MEDITECH software|Microsoft PowerPoint|Monitoring|Science|Speaking|Writing
2007,Research Scientist,22,9,9,13,40.91,Active Learning|Amazon Web Services AWS software|Ansible software|Apache Hadoop|Apache Spark|Bash|Git|GitHub|Go|Mathematics|Monitoring|Science|Writing,Active Listening|Apache Kafka|C|C++|Critical Thinking|Docker|Learning Strategies|Reading Comprehension|Speaking
2008,Research Scientist,22,11,11,11,50.0,Active Learning|Active Listening|Apache Spark|C++|Git|GitHub|Mathematics|Monitoring|Reading Comprehension|Speaking|Writing,Amazon Web Services AWS software|Ansible software|Apache Hadoop|Apache Kafka|Bash|C|Critical Thinking|Docker|Go|Learning Strategies|Science
2009,Healthcare Representative,19,9,9,10,47.37,Active Learning|Amazon Web Services AWS software|Apache Hadoop|Critical Thinking|HubSpot software|Intuit QuickBooks|Microsoft Excel|Microsoft Outlook|Reading Comprehension|Speaking,Active Listening|Google Analytics|Google Workspace software|IBM SPSS Statistics|Linux|Microsoft Office software|Monitoring|Salesforce software|Writing
2010,Laboratory Technician,20,9,9,11,45.0,Commercial plate reader software|Critical Thinking|Data entry software|Database software|MEDITECH software|Microsoft Excel|Microsoft PowerPoint|SAP software|Science|Speaking|Writing,Active Learning|Active Listening|Billing software|Google Docs|Microsoft Office software|Microsoft Outlook|Microsoft Word|Monitoring|Reading Comprehension
2012,Laboratory Technician,20,9,9,11,45.0,Active Listening|Critical Thinking|Database software|Google Docs|Microsoft PowerPoint|Microsoft Word|Monitoring|Reading Comprehension|SAP software|Science|Writing,Active Learning|Billing software|Commercial plate reader software|Data entry software|MEDITECH software|Microsoft Excel|Microsoft Office software|Microsoft Outlook|Speaking
2013,Sales Representative,19,8,8,11,42.11,Adobe Acrobat|Adobe Creative Cloud software|Adobe Photoshop|Apple macOS|Critical Thinking|Microsoft Excel|Microsoft PowerPoint|Monitoring|Reading Comprehension|Salesforce software|Speaking,Active Learning|Active Listening|Adobe Illustrator|Adobe InDesign|Autodesk AutoCAD|Microsoft Office software|Microsoft Outlook|Writing
2014,Research Scientist,22,13,13,9,59.09,Active Learning|Amazon Web Services AWS software|Apache Spark|Bash|C++|Git|Mathematics|Monitoring|Writing,Active Listening|Ansible software|Apache Hadoop|Apache Kafka|C|Critical Thinking|Docker|GitHub|Go|Learning Strategies|Reading Comprehension|Science|Speaking
2015,Research Director,22,13,13,9,59.09,Active Learning|Adobe Acrobat|Critical Thinking|IBM SPSS Statistics|Microsoft Office software|Microsoft Outlook|Microsoft SharePoint|Microsoft Visio|Monitoring,Active Listening|Adobe Photoshop|ESRI ArcGIS software|Learning Strategies|Mathematics|Microsoft Access|Microsoft Excel|Microsoft PowerPoint|Microsoft Project|Reading Comprehension|Science|Speaking|Writing
2016,Sales Executive,19,10,10,9,52.63,Adobe Acrobat|Adobe Illustrator|Apple macOS|Autodesk AutoCAD|Microsoft Excel|Microsoft Office software|Microsoft PowerPoint|Monitoring|Reading Comprehension,Active Learning|Active Listening|Adobe Creative Cloud software|Adobe InDesign|Adobe Photoshop|Critical Thinking|Microsoft Outlook|Salesforce software|Speaking|Writing
2017,Research Director,22,12,12,10,54.55,Active Listening|ESRI ArcGIS software|IBM SPSS Statistics|Mathematics|Microsoft Access|Microsoft Office software|Microsoft PowerPoint|Reading Comprehension|Science|Speaking,Active Learning|Adobe Acrobat|Adobe Photoshop|Critical Thinking|Learning Strategies|Microsoft Excel|Microsoft Outlook|Microsoft Project|Microsoft SharePoint|Microsoft Visio|Monitoring|Writing
2018,Sales Executive,19,8,8,11,42.11,Active Learning|Active Listening|Adobe Creative Cloud software|Adobe Illustrator|Adobe InDesign|Adobe Photoshop|Apple macOS|Critical Thinking|Microsoft PowerPoint|Monitoring|Speaking,Adobe Acrobat|Autodesk AutoCAD|Microsoft Excel|Microsoft Office software|Microsoft Outlook|Reading Comprehension|Salesforce software|Writing
2019,Sales Representative,19,11,11,8,57.89,Adobe Illustrator|Adobe Photoshop|Autodesk AutoCAD|Critical Thinking|Microsoft Office software|Microsoft PowerPoint|Reading Comprehension|Writing,Active Learning|Active Listening|Adobe Acrobat|Adobe Creative Cloud software|Adobe InDesign|Apple macOS|Microsoft Excel|Microsoft Outlook|Monitoring|Salesforce software|Speaking
2020,Research Scientist,22,10,10,12,45.45,Active Learning|Active Listening|Apache Hadoop|Apache Kafka|Bash|C++|Critical Thinking|Go|Mathematics|Monitoring|Speaking|Writing,Amazon Web Services AWS software|Ansible software|Apache Spark|C|Docker|Git|GitHub|Learning Strategies|Reading Comprehension|Science
2021,Sales Representative,19,8,8,11,42.11,Adobe Illustrator|Adobe InDesign|Apple macOS|Autodesk AutoCAD|Microsoft Excel|Microsoft Office software|Microsoft Outlook|Microsoft PowerPoint|Monitoring|Reading Comprehension|Writing,Active Learning|Active Listening|Adobe Acrobat|Adobe Creative Cloud software|Adobe Photoshop|Critical Thinking|Salesforce software|Speaking
2022,Manager,20,12,12,8,60.0,Active Learning|Active Listening|Adobe Acrobat|Apple macOS|Atlassian Confluence|Atlassian JIRA|Learning Strategies|Microsoft Excel,Adobe Creative Cloud software|Adobe Photoshop|Amazon Web Services AWS software|Apache Hadoop|Autodesk AutoCAD|Critical Thinking|Microsoft Office software|Microsoft PowerPoint|Monitoring|Reading Comprehension|Speaking|Writing
2023,Sales Representative,19,7,7,12,36.84,Adobe Acrobat|Adobe Creative Cloud software|Adobe Illustrator|Adobe InDesign|Adobe Photoshop|Apple macOS|Autodesk AutoCAD|Critical Thinking|Microsoft Excel|Microsoft Outlook|Microsoft PowerPoint|Salesforce software,Active Learning|Active Listening|Microsoft Office software|Monitoring|Reading Comprehension|Speaking|Writing
2024,Sales Executive,19,9,9,10,47.37,Active Listening|Adobe Creative Cloud software|Adobe Illustrator|Adobe InDesign|Autodesk AutoCAD|Critical Thinking|Microsoft Office software|Microsoft PowerPoint|Salesforce software|Writing,Active Learning|Adobe Acrobat|Adobe Photoshop|Apple macOS|Microsoft Excel|Microsoft Outlook|Monitoring|Reading Comprehension|Speaking
2025,Manufacturing Director,20,12,12,8,60.0,Active Learning|Adobe Acrobat|Atlassian Confluence|Atlassian JIRA|Critical Thinking|Microsoft Office software|Microsoft PowerPoint|Reading Comprehension,Active Listening|Adobe Creative Cloud software|Adobe Photoshop|Amazon Web Services AWS software|Apache Hadoop|Apple macOS|Autodesk AutoCAD|Learning Strategies|Microsoft Excel|Monitoring|Speaking|Writing
2026,Healthcare Representative,19,10,10,9,52.63,Active Learning|Amazon Web Services AWS software|Apache Hadoop|Critical Thinking|Google Analytics|IBM SPSS Statistics|Linux|Microsoft Office software|Salesforce software,Active Listening|Google Workspace software|HubSpot software|Intuit QuickBooks|Microsoft Excel|Microsoft Outlook|Monitoring|Reading Comprehension|Speaking|Writing
2027,Research Scientist,22,9,9,13,40.91,Active Listening|Amazon Web Services AWS software|Apache Hadoop|Apache Kafka|Apache Spark|Bash|C|Critical Thinking|Docker|Go|Mathematics|Reading Comprehension|Speaking,Active Learning|Ansible software|C++|Git|GitHub|Learning Strategies|Monitoring|Science|Writing
2031,Manager,20,13,13,7,65.0,Adobe Acrobat|Adobe Creative Cloud software|Adobe Photoshop|Apache Hadoop|Microsoft Excel|Microsoft Office software|Microsoft PowerPoint,Active Learning|Active Listening|Amazon Web Services AWS software|Apple macOS|Atlassian Confluence|Atlassian JIRA|Autodesk AutoCAD|Critical Thinking|Learning Strategies|Monitoring|Reading Comprehension|Speaking|Writing
2032,Laboratory Technician,20,11,11,9,55.0,Active Learning|Commercial plate reader software|Database software|MEDITECH software|Microsoft Outlook|Microsoft PowerPoint|SAP software|Science|Speaking,Active Listening|Billing software|Critical Thinking|Data entry software|Google Docs|Microsoft Excel|Microsoft Office software|Microsoft Word|Monitoring|Reading Comprehension|Writing
2034,Manufacturing Director,20,12,12,8,60.0,Active Learning|Adobe Creative Cloud software|Apache Hadoop|Autodesk AutoCAD|Critical Thinking|Microsoft Office software|Reading Comprehension|Speaking,Active Listening|Adobe Acrobat|Adobe Photoshop|Amazon Web Services AWS software|Apple macOS|Atlassian Confluence|Atlassian JIRA|Learning Strategies|Microsoft Excel|Microsoft PowerPoint|Monitoring|Writing
2035,Sales Executive,19,9,9,10,47.37,Active Learning|Active Listening|Adobe Acrobat|Adobe Illustrator|Adobe Photoshop|Apple macOS|Autodesk AutoCAD|Microsoft Excel|Microsoft Office software|Speaking,Adobe Creative Cloud software|Adobe InDesign|Critical Thinking|Microsoft Outlook|Microsoft PowerPoint|Monitoring|Reading Comprehension|Salesforce software|Writing
2036,Sales Executive,19,10,10,9,52.63,Adobe Creative Cloud software|Adobe Photoshop|Apple macOS|Critical Thinking|Microsoft Excel|Microsoft Office software|Reading Comprehension|Speaking|Writing,Active Learning|Active Listening|Adobe Acrobat|Adobe Illustrator|Adobe InDesign|Autodesk AutoCAD|Microsoft Outlook|Microsoft PowerPoint|Monitoring|Salesforce software
2037,Sales Executive,19,10,10,9,52.63,Active Listening|Adobe Acrobat|Adobe InDesign|Autodesk AutoCAD|Critical Thinking|Microsoft Excel|Microsoft PowerPoint|Reading Comprehension|Writing,Active Learning|Adobe Creative Cloud software|Adobe Illustrator|Adobe Photoshop|Apple macOS|Microsoft Office software|Microsoft Outlook|Monitoring|Salesforce software|Speaking
2038,Research Scientist,22,9,9,13,40.91,Active Learning|Ansible software|Apache Spark|C|C++|Git|GitHub|Go|Learning Strategies|Mathematics|Reading Comprehension|Speaking|Writing,Active Listening|Amazon Web Services AWS software|Apache Hadoop|Apache Kafka|Bash|Critical Thinking|Docker|Monitoring|Science
2040,Human Resources,20,10,10,10,50.0,Active Listening|Adobe Creative Cloud software|Adobe Illustrator|Learning Strategies|Microsoft Excel|Microsoft Office software|Microsoft PowerPoint|Monitoring|Oracle HRIS|Workday software,Active Learning|Adobe Acrobat|Adobe InDesign|Adobe Photoshop|Applicant tracking software|Critical Thinking|Microsoft Outlook|Reading Comprehension|Speaking|Writing
2041,Sales Executive,19,9,9,10,47.37,Active Learning|Active Listening|Adobe Acrobat|Adobe Creative Cloud software|Adobe InDesign|Apple macOS|Microsoft Excel|Microsoft Outlook|Monitoring|Salesforce software,Adobe Illustrator|Adobe Photoshop|Autodesk AutoCAD|Critical Thinking|Microsoft Office software|Microsoft PowerPoint|Reading Comprehension|Speaking|Writing
2044,Sales Executive,19,10,10,9,52.63,Active Learning|Adobe Photoshop|Apple macOS|Autodesk AutoCAD|Critical Thinking|Microsoft Excel|Microsoft Outlook|Reading Comprehension|Speaking,Active Listening|Adobe Acrobat|Adobe Creative Cloud software|Adobe Illustrator|Adobe InDesign|Microsoft Office software|Microsoft PowerPoint|Monitoring|Salesforce software|Writing
2045,Sales Executive,19,9,9,10,47.37,Adobe Acrobat|Adobe InDesign|Adobe Photoshop|Apple macOS|Microsoft Outlook|Microsoft PowerPoint|Monitoring|Reading Comprehension|Salesforce software|Writing,Active Learning|Active Listening|Adobe Creative Cloud software|Adobe Illustrator|Autodesk AutoCAD|Critical Thinking|Microsoft Excel|Microsoft Office software|Speaking
2046,Sales Executive,19,9,9,10,47.37,Active Learning|Adobe Creative Cloud software|Adobe Illustrator|Apple macOS|Critical Thinking|Microsoft Excel|Microsoft Office software|Reading Comprehension|Salesforce software|Writing,Active Listening|Adobe Acrobat|Adobe InDesign|Adobe Photoshop|Autodesk AutoCAD|Microsoft Outlook|Microsoft PowerPoint|Monitoring|Speaking
2048,Research Scientist,22,10,10,12,45.45,Amazon Web Services AWS software|Apache Hadoop|Apache Spark|C|Docker|GitHub|Go|Learning Strategies|Monitoring|Science|Speaking|Writing,Active Learning|Active Listening|Ansible software|Apache Kafka|Bash|C++|Critical Thinking|Git|Mathematics|Reading Comprehension
2049,Healthcare Representative,19,9,9,10,47.37,Amazon Web Services AWS software|Google Workspace software|HubSpot software|Intuit QuickBooks|Linux|Microsoft Office software|Monitoring|Reading Comprehension|Salesforce software|Speaking,Active Learning|Active Listening|Apache Hadoop|Critical Thinking|Google Analytics|IBM SPSS Statistics|Microsoft Excel|Microsoft Outlook|Writing
2051,Research Scientist,22,13,13,9,59.09,Active Learning|Active Listening|Amazon Web Services AWS software|Apache Spark|Docker|GitHub|Go|Monitoring|Speaking,Ansible software|Apache Hadoop|Apache Kafka|Bash|C|C++|Critical Thinking|Git|Learning Strategies|Mathematics|Reading Comprehension|Science|Writing
2052,Research Scientist,22,9,9,13,40.91,Active Learning|Amazon Web Services AWS software|Apache Kafka|Apache Spark|Bash|C|Critical Thinking|Git|GitHub|Go|Learning Strategies|Mathematics|Speaking,Active Listening|Ansible software|Apache Hadoop|C++|Docker|Monitoring|Reading Comprehension|Science|Writing
2053,Laboratory Technician,20,10,10,10,50.0,Database software|Microsoft Office software|Microsoft Outlook|Microsoft PowerPoint|Microsoft Word|Monitoring|Reading Comprehension|Science|Speaking|Writing,Active Learning|Active Listening|Billing software|Commercial plate reader software|Critical Thinking|Data entry software|Google Docs|MEDITECH software|Microsoft Excel|SAP software
2054,Research Scientist,22,10,10,12,45.45,Active Learning|Active Listening|Amazon Web Services AWS software|Apache Hadoop|Apache Spark|Bash|C|Docker|Go|Learning Strategies|Mathematics|Writing,Ansible software|Apache Kafka|C++|Critical Thinking|Git|GitHub|Monitoring|Reading Comprehension|Science|Speaking
2055,Sales Executive,19,11,11,8,57.89,Adobe Illustrator|Adobe InDesign|Critical Thinking|Microsoft Outlook|Microsoft PowerPoint|Monitoring|Reading Comprehension|Salesforce software,Active Learning|Active Listening|Adobe Acrobat|Adobe Creative Cloud software|Adobe Photoshop|Apple macOS|Autodesk AutoCAD|Microsoft Excel|Microsoft Office software|Speaking|Writing
2056,Sales Executive,19,12,12,7,63.16,Adobe Acrobat|Adobe Creative Cloud software|Autodesk AutoCAD|Critical Thinking|Microsoft Outlook|Microsoft PowerPoint|Writing,Active Learning|Active Listening|Adobe Illustrator|Adobe InDesign|Adobe Photoshop|Apple macOS|Microsoft Excel|Microsoft Office software|Monitoring|Reading Comprehension|Salesforce software|Speaking
2057,Manufacturing Director,20,10,10,10,50.0,Active Learning|Active Listening|Adobe Acrobat|Atlassian Confluence|Autodesk AutoCAD|Critical Thinking|Microsoft Office software|Microsoft PowerPoint|Monitoring|Writing,Adobe Creative Cloud software|Adobe Photoshop|Amazon Web Services AWS software|Apache Hadoop|Apple macOS|Atlassian JIRA|Learning Strategies|Microsoft Excel|Reading Comprehension|Speaking
2060,Sales Representative,19,8,8,11,42.11,Active Learning|Active Listening|Adobe Acrobat|Adobe Creative Cloud software|Adobe InDesign|Apple macOS|Microsoft Excel|Monitoring|Reading Comprehension|Salesforce software|Writing,Adobe Illustrator|Adobe Photoshop|Autodesk AutoCAD|Critical Thinking|Microsoft Office software|Microsoft Outlook|Microsoft PowerPoint|Speaking
2061,Laboratory Technician,20,11,11,9,55.0,Commercial plate reader software|Critical Thinking|Database software|MEDITECH software|Microsoft Excel|Microsoft Outlook|Microsoft Word|Monitoring|Speaking,Active Learning|Active Listening|Billing software|Data entry software|Google Docs|Microsoft Office software|Microsoft PowerPoint|Reading Comprehension|SAP software|Science|Writing
2062,Healthcare Representative,19,9,9,10,47.37,Active Listening|Apache Hadoop|Critical Thinking|Google Analytics|Microsoft Excel|Microsoft Office software|Microsoft Outlook|Reading Comprehension|Speaking|Writing,Active Learning|Amazon Web Services AWS software|Google Workspace software|HubSpot software|IBM SPSS Statistics|Intuit QuickBooks|Linux|Monitoring|Salesforce software
2064,Manufacturing Director,20,9,9,11,45.0,Active Learning|Active Listening|Adobe Acrobat|Adobe Photoshop|Apache Hadoop|Apple macOS|Autodesk AutoCAD|Critical Thinking|Microsoft Office software|Monitoring|Writing,Adobe Creative Cloud software|Amazon Web Services AWS software|Atlassian Confluence|Atlassian JIRA|Learning Strategies|Microsoft Excel|Microsoft PowerPoint|Reading Comprehension|Speaking
2065,Sales Executive,19,11,11,8,57.89,Active Learning|Adobe Illustrator|Critical Thinking|Microsoft Excel|Microsoft Outlook|Reading Comprehension|Speaking|Writing,Active Listening|Adobe Acrobat|Adobe Creative Cloud software|Adobe InDesign|Adobe Photoshop|Apple macOS|Autodesk AutoCAD|Microsoft Office software|Microsoft PowerPoint|Monitoring|Salesforce software
2068,Laboratory Technician,20,9,9,11,45.0,Active Listening|Billing software|Data entry software|Database software|Google Docs|MEDITECH software|Microsoft Excel|Microsoft Outlook|Microsoft PowerPoint|Microsoft Word|Science,Active Learning|Commercial plate reader software|Critical Thinking|Microsoft Office software|Monitoring|Reading Comprehension|SAP software|Speaking|Writing
