employee_id,department,job_role,monthly_income,years_at_company,attrition_probability,attrition_risk_level,engagement_score,current_skills_count,missing_skills_count,career_readiness_pct,missing_skills,recommended_learning_plan
1,Sales,Sales Executive,5993,6,0.6589,HIGH,62.5,9,10,47.37,Adobe Acrobat|Adobe Creative Cloud software|Adobe InDesign|Adobe Photoshop|Apple macOS|Microsoft Office software|Monitoring|Reading Comprehension|Speaking|Writing,Critical Thinking & Complex Decision Making (C-SOFT-01)
2,Research & Development,Research Scientist,5130,10,0.1523,LOW,68.75,11,11,50.0,Amazon Web Services AWS software|Ansible software|Apache Spark|Bash|Critical Thinking|Git|GitHub|Go|Learning Strategies|Monitoring|Writing,Critical Thinking & Complex Decision Making (C-SOFT-01)
4,Research & Development,Laboratory Technician,2090,0,0.5247,MEDIUM,68.75,9,11,45.0,Active Learning|Billing software|Commercial plate reader software|Critical Thinking|Database software|Google Docs|MEDITECH software|Microsoft PowerPoint|Microsoft Word|SAP software|Speaking,Critical Thinking & Complex Decision Making (C-SOFT-01)
5,Research & Development,Research Scientist,2909,8,0.4046,MEDIUM,81.25,10,12,45.45,Active Learning|Active Listening|Apache Hadoop|C|Docker|GitHub|Go|Mathematics|Monitoring|Reading Comprehension|Science|Speaking,Executive Communication & Stakeholder Alignment (C-SOFT-02)
7,Research & Development,Laboratory Technician,3468,2,0.263,LOW,62.5,9,11,45.0,Active Learning|Active Listening|Billing software|Critical Thinking|Data entry software|Database software|Microsoft Office software|Microsoft Word|Monitoring|SAP software|Science,Executive Communication & Stakeholder Alignment (C-SOFT-02)
8,Research & Development,Laboratory Technician,3068,7,0.0688,LOW,87.5,9,11,45.0,Active Learning|Billing software|Commercial plate reader software|Google Docs|Microsoft Office software|Microsoft PowerPoint|Microsoft Word|Reading Comprehension|Science|Speaking|Writing,Critical Thinking & Complex Decision Making (C-SOFT-01)
10,Research & Development,Laboratory Technician,2670,1,0.2321,LOW,56.25,10,10,50.0,Commercial plate reader software|Critical Thinking|Data entry software|Database software|Google Docs|Microsoft Office software|Microsoft PowerPoint|Monitoring|Science|Speaking,Critical Thinking & Complex Decision Making (C-SOFT-01)
11,Research & Development,Laboratory Technician,2693,1,0.3674,MEDIUM,75.0,8,12,40.0,Active Listening|Critical Thinking|Data entry software|Google Docs|Microsoft Office software|Microsoft Outlook|Microsoft PowerPoint|Monitoring|Reading Comprehension|Science|Speaking|Writing,Executive Communication & Stakeholder Alignment (C-SOFT-02) + Critical Thinking & Complex Decision Making (C-SOFT-01)
12,Research & Development,Manufacturing Director,9526,9,0.1104,LOW,68.75,10,10,50.0,Active Learning|Active Listening|Adobe Acrobat|Adobe Creative Cloud software|Apple macOS|Autodesk AutoCAD|Microsoft Excel|Microsoft PowerPoint|Reading Comprehension|Writing,Executive Communication & Stakeholder Alignment (C-SOFT-02)
13,Research & Development,Healthcare Representative,5237,7,0.0754,LOW,68.75,11,8,57.89,Apache Hadoop|HubSpot software|Intuit QuickBooks|Microsoft Excel|Microsoft Office software|Reading Comprehension|Salesforce software|Speaking,Critical Thinking & Complex Decision Making (C-SOFT-01)
14,Research & Development,Laboratory Technician,2426,5,0.1806,LOW,62.5,9,11,45.0,Active Listening|Critical Thinking|Data entry software|Database software|Google Docs|Microsoft PowerPoint|Microsoft Word|Monitoring|Science|Speaking|Writing,Executive Communication & Stakeholder Alignment (C-SOFT-02) + Critical Thinking & Complex Decision Making (C-SOFT-01)
15,Research & Development,Laboratory Technician,4193,9,0.1807,LOW,81.25,10,10,50.0,Commercial plate reader software|Critical Thinking|Data entry software|Database software|Microsoft Excel|Microsoft Office software|Microsoft PowerPoint|Microsoft Word|Speaking|Writing,Critical Thinking & Complex Decision Making (C-SOFT-01)
16,Research & Development,Research Scientist,2911,5,0.1372,LOW,68.75,10,12,45.45,Active Learning|Amazon Web Services AWS software|Ansible software|Apache Hadoop|Apache Kafka|Bash|C++|Learning Strategies|Monitoring|Reading Comprehension|Speaking|Writing,Critical Thinking & Complex Decision Making (C-SOFT-01)
18,Research & Development,Laboratory Technician,2661,2,0.1598,LOW,75.0,8,12,40.0,Active Learning|Active Listening|Billing software|Commercial plate reader software|Critical Thinking|Data entry software|Google Docs|MEDITECH software|Microsoft Word|Reading Comprehension|Speaking|Writing,Executive Communication & Stakeholder Alignment (C-SOFT-02)
19,Research & Development,Laboratory Technician,2028,4,0.8823,HIGH,62.5,9,11,45.0,Active Listening|Billing software|Database software|Microsoft Excel|Microsoft Office software|Microsoft PowerPoint|Microsoft Word|Monitoring|Reading Comprehension|Speaking|Writing,Executive Communication & Stakeholder Alignment (C-SOFT-02)
20,Research & Development,Manufacturing Director,9980,10,0.1162,LOW,62.5,10,10,50.0,Active Listening|Adobe Acrobat|Adobe Creative Cloud software|Adobe Photoshop|Apache Hadoop|Apple macOS|Learning Strategies|Microsoft Office software|Reading Comprehension|Speaking,Executive Communication & Stakeholder Alignment (C-SOFT-02)
21,Research & Development,Research Scientist,3298,6,0.3586,MEDIUM,68.75,10,12,45.45,Active Learning|Amazon Web Services AWS software|C|C++|Critical Thinking|Docker|Git|GitHub|Mathematics|Reading Comprehension|Science|Speaking,Applied Machine Learning & Deep Learning (C-TECH-03)
22,Research & Development,Laboratory Technician,2935,1,0.5188,MEDIUM,87.5,8,12,40.0,Active Listening|Billing software|Critical Thinking|Data entry software|Database software|Google Docs|Microsoft Excel|Microsoft Office software|Microsoft PowerPoint|Microsoft Word|Monitoring|Writing,Executive Communication & Stakeholder Alignment (C-SOFT-02) + Critical Thinking & Complex Decision Making (C-SOFT-01)
23,Sales,Manager,15427,25,0.1049,LOW,62.5,14,6,70.0,Active Listening|Adobe Acrobat|Atlassian Confluence|Critical Thinking|Microsoft PowerPoint|Writing,Executive Communication & Stakeholder Alignment (C-SOFT-02)
24,Research & Development,Research Scientist,3944,3,0.2348,LOW,87.5,10,12,45.45,Active Listening|Amazon Web Services AWS software|Ansible software|C|C++|Critical Thinking|Docker|Go|Mathematics|Reading Comprehension|Science|Speaking,Executive Communication & Stakeholder Alignment (C-SOFT-02)
26,Research & Development,Manufacturing Director,4011,4,0.1346,LOW,75.0,9,11,45.0,Active Learning|Active Listening|Adobe Creative Cloud software|Apache Hadoop|Atlassian Confluence|Autodesk AutoCAD|Learning Strategies|Microsoft Excel|Microsoft Office software|Reading Comprehension|Writing,Executive Communication & Stakeholder Alignment (C-SOFT-02)
27,Sales,Sales Representative,3407,5,0.5863,MEDIUM,50.0,9,10,47.37,Adobe Acrobat|Adobe Illustrator|Adobe InDesign|Apple macOS|Autodesk AutoCAD|Critical Thinking|Microsoft Excel|Microsoft PowerPoint|Reading Comprehension|Salesforce software,Critical Thinking & Complex Decision Making (C-SOFT-01)
28,Research & Development,Research Director,11994,12,0.1027,LOW,56.25,12,10,54.55,Active Learning|Active Listening|Critical Thinking|ESRI ArcGIS software|Learning Strategies|Microsoft Access|Microsoft Office software|Microsoft Outlook|Reading Comprehension|Science,Executive Communication & Stakeholder Alignment (C-SOFT-02) + Critical Thinking & Complex Decision Making (C-SOFT-01)
30,Research & Development,Research Scientist,1232,0,0.2569,LOW,87.5,8,14,36.36,Active Learning|Active Listening|Amazon Web Services AWS software|Apache Hadoop|Apache Kafka|Apache Spark|Bash|Critical Thinking|GitHub|Go|Learning Strategies|Mathematics|Reading Comprehension|Speaking,Executive Communication & Stakeholder Alignment (C-SOFT-02)
31,Research & Development,Research Scientist,2960,4,0.2678,LOW,56.25,10,12,45.45,Amazon Web Services AWS software|Ansible software|Apache Hadoop|Apache Kafka|C++|Critical Thinking|Git|GitHub|Go|Mathematics|Reading Comprehension|Writing,Critical Thinking & Complex Decision Making (C-SOFT-01)
32,Research & Development,Manager,19094,14,0.064,LOW,81.25,13,7,65.0,Adobe Acrobat|Adobe Photoshop|Amazon Web Services AWS software|Atlassian JIRA|Learning Strategies|Microsoft Office software|Reading Comprehension,Critical Thinking & Complex Decision Making (C-SOFT-01)
33,Research & Development,Research Scientist,3919,10,0.753,HIGH,37.5,11,11,50.0,Active Learning|Apache Hadoop|C++|Critical Thinking|Learning Strategies|Mathematics|Monitoring|Reading Comprehension|Science|Speaking|Writing,Critical Thinking & Complex Decision Making (C-SOFT-01)
35,Sales,Sales Executive,6825,9,0.1517,LOW,75.0,9,10,47.37,Active Learning|Adobe Acrobat|Adobe Illustrator|Adobe Photoshop|Apple macOS|Autodesk AutoCAD|Microsoft Outlook|Reading Comprehension|Salesforce software|Writing,Critical Thinking & Complex Decision Making (C-SOFT-01)
36,Research & Development,Healthcare Representative,10248,22,0.0997,LOW,68.75,12,7,63.16,Active Learning|Active Listening|Apache Hadoop|Critical Thinking|Google Workspace software|HubSpot software|IBM SPSS Statistics,Executive Communication & Stakeholder Alignment (C-SOFT-02)
38,Sales,Manager,18947,2,0.107,LOW,62.5,12,8,60.0,Active Listening|Apache Hadoop|Critical Thinking|Microsoft Office software|Microsoft PowerPoint|Monitoring|Speaking|Writing,Executive Communication & Stakeholder Alignment (C-SOFT-02) + Critical Thinking & Complex Decision Making (C-SOFT-01)
39,Research & Development,Laboratory Technician,2496,1,0.2228,LOW,87.5,9,11,45.0,Active Learning|Active Listening|Commercial plate reader software|Critical Thinking|Data entry software|MEDITECH software|Microsoft Excel|Microsoft Office software|Monitoring|Science|Speaking,Executive Communication & Stakeholder Alignment (C-SOFT-02)
40,Research & Development,Healthcare Representative,6465,4,0.1154,LOW,93.75,9,10,47.37,Active Learning|Active Listening|Amazon Web Services AWS software|Intuit QuickBooks|Linux|Microsoft Excel|Microsoft Office software|Monitoring|Reading Comprehension|Speaking,Executive Communication & Stakeholder Alignment (C-SOFT-02)
41,Research & Development,Laboratory Technician,2206,10,0.1754,LOW,62.5,10,10,50.0,Active Learning|Active Listening|Billing software|Commercial plate reader software|Critical Thinking|Database software|Microsoft Excel|Microsoft Office software|Microsoft PowerPoint|Monitoring,Executive Communication & Stakeholder Alignment (C-SOFT-02)
42,Sales,Sales Representative,2086,1,0.6803,HIGH,87.5,11,8,57.89,Adobe Acrobat|Adobe Photoshop|Apple macOS|Autodesk AutoCAD|Critical Thinking|Monitoring|Salesforce software|Writing,Critical Thinking & Complex Decision Making (C-SOFT-01)
45,Research & Development,Research Scientist,2293,2,0.768,HIGH,62.5,10,12,45.45,Active Learning|Apache Hadoop|Apache Kafka|Bash|Docker|Git|GitHub|Go|Monitoring|Reading Comprehension|Science|Writing,Critical Thinking & Complex Decision Making (C-SOFT-01)
46,Research & Development,Research Scientist,2645,5,0.085,LOW,93.75,10,12,45.45,Active Learning|Active Listening|Ansible software|Apache Spark|Bash|GitHub|Go|Learning Strategies|Mathematics|Monitoring|Speaking|Writing,Executive Communication & Stakeholder Alignment (C-SOFT-02)
47,Sales,Sales Representative,2683,3,0.5611,MEDIUM,56.25,8,11,42.11,Active Learning|Adobe Acrobat|Adobe Illustrator|Adobe InDesign|Adobe Photoshop|Apple macOS|Microsoft Excel|Microsoft Outlook|Microsoft PowerPoint|Reading Comprehension|Speaking,Critical Thinking & Complex Decision Making (C-SOFT-01)
49,Sales,Sales Representative,2014,2,0.2353,LOW,75.0,8,11,42.11,Active Listening|Adobe Illustrator|Adobe Photoshop|Autodesk AutoCAD|Critical Thinking|Microsoft Office software|Microsoft Outlook|Microsoft PowerPoint|Monitoring|Reading Comprehension|Speaking,Executive Communication & Stakeholder Alignment (C-SOFT-02)
51,Research & Development,Research Scientist,3419,1,0.386,MEDIUM,56.25,10,12,45.45,Active Learning|Amazon Web Services AWS software|Apache Hadoop|Apache Kafka|Apache Spark|C|GitHub|Go|Learning Strategies|Monitoring|Reading Comprehension|Science,Critical Thinking & Complex Decision Making (C-SOFT-01)
52,Sales,Sales Executive,5376,5,0.1443,LOW,56.25,9,10,47.37,Active Listening|Adobe Acrobat|Adobe Creative Cloud software|Adobe Illustrator|Adobe InDesign|Adobe Photoshop|Autodesk AutoCAD|Microsoft Outlook|Salesforce software|Writing,Executive Communication & Stakeholder Alignment (C-SOFT-02)
53,Research & Development,Laboratory Technician,1951,1,0.2517,LOW,81.25,8,12,40.0,Active Learning|Active Listening|Critical Thinking|Data entry software|Google Docs|MEDITECH software|Microsoft Excel|Microsoft Office software|Microsoft PowerPoint|Microsoft Word|Monitoring|Speaking,Executive Communication & Stakeholder Alignment (C-SOFT-02) + Critical Thinking & Complex Decision Making (C-SOFT-01)
54,Research & Development,Laboratory Technician,2341,1,0.5179,MEDIUM,75.0,8,12,40.0,Active Listening|Billing software|Data entry software|Database software|Microsoft Excel|Microsoft Office software|Microsoft Word|Monitoring|Reading Comprehension|SAP software|Science|Writing,Executive Communication & Stakeholder Alignment (C-SOFT-02)
55,Research & Development,Laboratory Technician,2293,1,0.8377,HIGH,50.0,8,12,40.0,Billing software|Commercial plate reader software|Critical Thinking|Data entry software|Database software|Google Docs|Microsoft Office software|Microsoft Word|Monitoring|Science|Speaking|Writing,Critical Thinking & Complex Decision Making (C-SOFT-01)
56,Sales,Sales Executive,8726,9,0.1415,LOW,87.5,9,10,47.37,Active Learning|Adobe Acrobat|Adobe Illustrator|Adobe InDesign|Apple macOS|Microsoft Office software|Microsoft Outlook|Monitoring|Speaking|Writing,Critical Thinking & Complex Decision Making (C-SOFT-01)
57,Research & Development,Laboratory Technician,4011,12,0.0999,LOW,87.5,10,10,50.0,Billing software|Commercial plate reader software|Google Docs|MEDITECH software|Microsoft Excel|Microsoft Office software|Microsoft PowerPoint|Microsoft Word|Reading Comprehension|SAP software,Critical Thinking & Complex Decision Making (C-SOFT-01)
58,Research & Development,Research Director,19545,22,0.113,LOW,75.0,14,8,63.64,Critical Thinking|IBM SPSS Statistics|Microsoft Outlook|Microsoft Visio|Monitoring|Reading Comprehension|Speaking|Writing,Critical Thinking & Complex Decision Making (C-SOFT-01)
60,Sales,Sales Executive,4568,9,0.1532,LOW,68.75,9,10,47.37,Active Listening|Adobe Creative Cloud software|Adobe InDesign|Apple macOS|Microsoft Excel|Microsoft Office software|Microsoft PowerPoint|Reading Comprehension|Speaking|Writing,Executive Communication & Stakeholder Alignment (C-SOFT-02)
61,Research & Development,Research Scientist,3022,1,0.2663,LOW,50.0,10,12,45.45,Active Learning|Ansible software|C|C++|Docker|Git|GitHub|Learning Strategies|Mathematics|Monitoring|Reading Comprehension|Science,Applied Machine Learning & Deep Learning (C-TECH-03)
62,Sales,Sales Executive,5772,9,0.2559,LOW,68.75,10,9,52.63,Active Listening|Adobe Illustrator|Adobe Photoshop|Apple macOS|Critical Thinking|Microsoft Office software|Microsoft Outlook|Microsoft PowerPoint|Speaking,Executive Communication & Stakeholder Alignment (C-SOFT-02)
63,Research & Development,Laboratory Technician,2269,1,0.1865,LOW,100.0,8,12,40.0,Active Learning|Active Listening|Billing software|Commercial plate reader software|Critical Thinking|Database software|Google Docs|Microsoft PowerPoint|Microsoft Word|Monitoring|Science|Writing,Executive Communication & Stakeholder Alignment (C-SOFT-02)
64,Research & Development,Laboratory Technician,5381,1,0.6546,HIGH,62.5,13,7,65.0,Google Docs|MEDITECH software|Microsoft Excel|Microsoft Office software|Microsoft PowerPoint|Microsoft Word|Writing,Critical Thinking & Complex Decision Making (C-SOFT-01)
65,Research & Development,Laboratory Technician,3441,2,0.7482,HIGH,75.0,8,12,40.0,Active Listening|Billing software|Commercial plate reader software|Critical Thinking|Database software|Google Docs|MEDITECH software|Microsoft Outlook|Microsoft Word|Reading Comprehension|Science|Speaking,Executive Communication & Stakeholder Alignment (C-SOFT-02)
68,Sales,Sales Executive,5454,4,0.2324,LOW,56.25,9,10,47.37,Active Learning|Adobe Illustrator|Adobe Photoshop|Apple macOS|Autodesk AutoCAD|Microsoft Outlook|Monitoring|Reading Comprehension|Speaking|Writing,Critical Thinking & Complex Decision Making (C-SOFT-01)
70,Research & Development,Healthcare Representative,9884,4,0.255,LOW,56.25,9,10,47.37,Active Listening|Amazon Web Services AWS software|Critical Thinking|IBM SPSS Statistics|Intuit QuickBooks|Linux|Microsoft Excel|Microsoft Office software|Monitoring|Reading Comprehension,Executive Communication & Stakeholder Alignment (C-SOFT-02) + Critical Thinking & Complex Decision Making (C-SOFT-01)
72,Sales,Sales Executive,4157,2,0.3241,LOW,75.0,8,11,42.11,Active Learning|Active Listening|Adobe Acrobat|Adobe Creative Cloud software|Adobe Illustrator|Adobe InDesign|Apple macOS|Critical Thinking|Microsoft Office software|Monitoring|Salesforce software,Executive Communication & Stakeholder Alignment (C-SOFT-02)
73,Research & Development,Research Director,13458,15,0.1491,LOW,68.75,12,10,54.55,Active Learning|Active Listening|ESRI ArcGIS software|Learning Strategies|Microsoft Office software|Microsoft Outlook|Microsoft PowerPoint|Microsoft SharePoint|Reading Comprehension|Writing,Executive Communication & Stakeholder Alignment (C-SOFT-02)
74,Sales,Sales Executive,9069,9,0.118,LOW,62.5,9,10,47.37,Active Learning|Active Listening|Adobe Creative Cloud software|Adobe Illustrator|Adobe Photoshop|Autodesk AutoCAD|Critical Thinking|Microsoft Office software|Microsoft PowerPoint|Monitoring,Executive Communication & Stakeholder Alignment (C-SOFT-02)
75,Research & Development,Laboratory Technician,4014,2,0.3442,LOW,62.5,8,12,40.0,Active Listening|Billing software|Commercial plate reader software|Database software|Google Docs|MEDITECH software|Microsoft Office software|Microsoft Word|Reading Comprehension|SAP software|Science|Speaking,Executive Communication & Stakeholder Alignment (C-SOFT-02)
76,Research & Development,Laboratory Technician,5915,7,0.1045,LOW,93.75,10,10,50.0,Active Learning|Active Listening|Billing software|Commercial plate reader software|Google Docs|Microsoft Excel|Microsoft Word|Monitoring|SAP software|Writing,Executive Communication & Stakeholder Alignment (C-SOFT-02)
77,Research & Development,Manufacturing Director,5993,7,0.0788,LOW,56.25,9,11,45.0,Adobe Acrobat|Adobe Creative Cloud software|Amazon Web Services AWS software|Apple macOS|Atlassian JIRA|Autodesk AutoCAD|Critical Thinking|Microsoft Excel|Monitoring|Reading Comprehension|Writing,Critical Thinking & Complex Decision Making (C-SOFT-01)
78,Research & Development,Manufacturing Director,6162,9,0.1822,LOW,62.5,10,10,50.0,Active Listening|Adobe Acrobat|Apache Hadoop|Atlassian Confluence|Atlassian JIRA|Autodesk AutoCAD|Microsoft Excel|Microsoft Office software|Microsoft PowerPoint|Reading Comprehension,Executive Communication & Stakeholder Alignment (C-SOFT-02)
79,Research & Development,Laboratory Technician,2406,10,0.114,LOW,93.75,10,10,50.0,Active Listening|Commercial plate reader software|MEDITECH software|Microsoft Excel|Microsoft Office software|Microsoft PowerPoint|Microsoft Word|Monitoring|Reading Comprehension|Speaking,Executive Communication & Stakeholder Alignment (C-SOFT-02)
80,Research & Development,Research Director,18740,27,0.1291,LOW,68.75,15,7,68.18,Adobe Photoshop|Learning Strategies|Microsoft PowerPoint|Microsoft SharePoint|Reading Comprehension|Science|Speaking,Critical Thinking & Complex Decision Making (C-SOFT-01)
81,Sales,Sales Executive,7637,21,0.1225,LOW,56.25,13,6,68.42,Adobe Acrobat|Adobe Illustrator|Adobe InDesign|Adobe Photoshop|Microsoft Excel|Speaking,Critical Thinking & Complex Decision Making (C-SOFT-01)
83,Research & Development,Healthcare Representative,10096,17,0.0934,LOW,68.75,11,8,57.89,Amazon Web Services AWS software|Google Analytics|Google Workspace software|Intuit QuickBooks|Microsoft Office software|Monitoring|Salesforce software|Speaking,Critical Thinking & Complex Decision Making (C-SOFT-01)
84,Research & Development,Manager,14756,5,0.102,LOW,81.25,12,8,60.0,Adobe Creative Cloud software|Apache Hadoop|Autodesk AutoCAD|Critical Thinking|Learning Strategies|Microsoft Excel|Microsoft Office software|Reading Comprehension,Critical Thinking & Complex Decision Making (C-SOFT-01)
85,Research & Development,Manufacturing Director,6499,6,0.1662,LOW,56.25,9,11,45.0,Active Learning|Adobe Acrobat|Adobe Creative Cloud software|Amazon Web Services AWS software|Apache Hadoop|Autodesk AutoCAD|Microsoft Excel|Microsoft Office software|Microsoft PowerPoint|Monitoring|Writing,Critical Thinking & Complex Decision Making (C-SOFT-01)
86,Research & Development,Research Scientist,9724,1,0.1185,LOW,56.25,14,8,63.64,Active Listening|Apache Kafka|Apache Spark|Critical Thinking|Git|GitHub|Go|Speaking,Executive Communication & Stakeholder Alignment (C-SOFT-02)
88,Research & Development,Research Scientist,2194,3,0.1533,LOW,62.5,10,12,45.45,Active Learning|Active Listening|Amazon Web Services AWS software|Apache Hadoop|Bash|C++|Critical Thinking|Git|GitHub|Go|Mathematics|Writing,Executive Communication & Stakeholder Alignment (C-SOFT-02)
90,Research & Development,Research Scientist,3388,1,0.3925,MEDIUM,62.5,9,13,40.91,Active Learning|Amazon Web Services AWS software|Ansible software|Apache Hadoop|Apache Spark|Bash|C++|Critical Thinking|GitHub|Learning Strategies|Reading Comprehension|Speaking|Writing,Critical Thinking & Complex Decision Making (C-SOFT-01)
91,Sales,Sales Executive,5473,4,0.2229,LOW,62.5,11,8,57.89,Active Listening|Adobe Photoshop|Apple macOS|Critical Thinking|Microsoft Excel|Monitoring|Speaking|Writing,Executive Communication & Stakeholder Alignment (C-SOFT-02)
94,Research & Development,Research Scientist,2703,5,0.0803,LOW,75.0,10,12,45.45,Active Learning|Amazon Web Services AWS software|Apache Hadoop|Apache Spark|C++|Go|Learning Strategies|Mathematics|Monitoring|Reading Comprehension|Science|Speaking,Critical Thinking & Complex Decision Making (C-SOFT-01)
95,Research & Development,Research Scientist,2501,1,0.3217,LOW,62.5,9,13,40.91,Active Listening|Ansible software|Apache Hadoop|Apache Spark|C|C++|Docker|Git|Go|Learning Strategies|Mathematics|Monitoring|Speaking,Executive Communication & Stakeholder Alignment (C-SOFT-02)
96,Research & Development,Research Scientist,6220,10,0.107,LOW,56.25,11,11,50.0,Active Listening|Amazon Web Services AWS software|Ansible software|Bash|C++|Docker|Git|GitHub|Mathematics|Reading Comprehension|Science,Executive Communication & Stakeholder Alignment (C-SOFT-02)
97,Research & Development,Laboratory Technician,3038,1,0.2337,LOW,75.0,9,11,45.0,Active Learning|Active Listening|Billing software|MEDITECH software|Microsoft Excel|Microsoft PowerPoint|Microsoft Word|Monitoring|SAP software|Speaking|Writing,Executive Communication & Stakeholder Alignment (C-SOFT-02)
98,Research & Development,Manufacturing Director,4424,11,0.072,LOW,87.5,10,10,50.0,Active Learning|Adobe Creative Cloud software|Adobe Photoshop|Amazon Web Services AWS software|Apache Hadoop|Critical Thinking|Learning Strategies|Microsoft Office software|Monitoring|Writing,Critical Thinking & Complex Decision Making (C-SOFT-01)
100,Sales,Sales Executive,4312,15,0.1484,LOW,50.0,11,8,57.89,Adobe Acrobat|Microsoft Excel|Microsoft Office software|Microsoft Outlook|Microsoft PowerPoint|Monitoring|Speaking|Writing,Critical Thinking & Complex Decision Making (C-SOFT-01)
101,Research & Development,Research Director,13245,0,0.1543,LOW,62.5,13,9,59.09,Adobe Acrobat|Learning Strategies|Microsoft Access|Microsoft Excel|Microsoft PowerPoint|Microsoft Project|Microsoft SharePoint|Microsoft Visio|Speaking,Critical Thinking & Complex Decision Making (C-SOFT-01)
102,Research & Development,Research Director,13664,5,0.1867,LOW,50.0,12,10,54.55,Adobe Acrobat|ESRI ArcGIS software|IBM SPSS Statistics|Learning Strategies|Mathematics|Microsoft Access|Microsoft Office software|Microsoft Project|Microsoft SharePoint|Reading Comprehension,Critical Thinking & Complex Decision Making (C-SOFT-01)
103,Human Resources,Human Resources,5021,4,0.1855,LOW,68.75,11,9,55.0,Active Listening|Adobe Acrobat|Adobe Photoshop|Critical Thinking|Learning Strategies|Microsoft Excel|Microsoft Office software|Speaking|Writing,Executive Communication & Stakeholder Alignment (C-SOFT-02)
104,Research & Development,Laboratory Technician,5126,10,0.0811,LOW,81.25,10,10,50.0,Active Learning|Billing software|Commercial plate reader software|MEDITECH software|Microsoft Excel|Microsoft Outlook|Microsoft PowerPoint|Microsoft Word|Monitoring|Speaking,Critical Thinking & Complex Decision Making (C-SOFT-01)
105,Research & Development,Research Scientist,2859,6,0.1365,LOW,50.0,10,12,45.45,Active Learning|Active Listening|Apache Kafka|Bash|C|Critical Thinking|Go|Learning Strategies|Monitoring|Reading Comprehension|Speaking|Writing,Executive Communication & Stakeholder Alignment (C-SOFT-02)
106,Sales,Sales Executive,10239,1,0.1244,LOW,75.0,12,7,63.16,Active Learning|Microsoft Office software|Microsoft Outlook|Microsoft PowerPoint|Monitoring|Reading Comprehension|Writing,Critical Thinking & Complex Decision Making (C-SOFT-01)
107,Research & Development,Research Scientist,5329,13,0.0837,LOW,68.75,13,9,59.09,Active Learning|Amazon Web Services AWS software|Ansible software|Apache Kafka|Bash|C|Git|GitHub|Science,Critical Thinking & Complex Decision Making (C-SOFT-01)
110,Research & Development,Manufacturing Director,4325,5,0.1641,LOW,56.25,9,11,45.0,Active Learning|Adobe Acrobat|Adobe Photoshop|Amazon Web Services AWS software|Apache Hadoop|Apple macOS|Atlassian Confluence|Atlassian JIRA|Microsoft Excel|Monitoring|Speaking,Critical Thinking & Complex Decision Making (C-SOFT-01)
112,Research & Development,Manufacturing Director,7260,6,0.0833,LOW,62.5,16,4,80.0,Active Learning|Active Listening|Microsoft Office software|Writing,Executive Communication & Stakeholder Alignment (C-SOFT-02)
113,Sales,Sales Representative,2322,0,0.4019,MEDIUM,62.5,8,11,42.11,Active Learning|Active Listening|Adobe Acrobat|Adobe InDesign|Critical Thinking|Microsoft Excel|Microsoft PowerPoint|Reading Comprehension|Salesforce software|Speaking|Writing,Executive Communication & Stakeholder Alignment (C-SOFT-02)
116,Research & Development,Laboratory Technician,2075,4,0.1056,LOW,81.25,10,10,50.0,Active Learning|Commercial plate reader software|Critical Thinking|Data entry software|MEDITECH software|Microsoft Excel|Microsoft Office software|Microsoft Word|Science|Writing,Critical Thinking & Complex Decision Making (C-SOFT-01)
117,Research & Development,Healthcare Representative,4152,11,0.0992,LOW,62.5,9,10,47.37,Active Listening|Amazon Web Services AWS software|Critical Thinking|HubSpot software|IBM SPSS Statistics|Intuit QuickBooks|Monitoring|Reading Comprehension|Salesforce software|Writing,Executive Communication & Stakeholder Alignment (C-SOFT-02) + Critical Thinking & Complex Decision Making (C-SOFT-01)
118,Sales,Sales Executive,9619,9,0.4553,MEDIUM,81.25,9,10,47.37,Active Listening|Adobe Creative Cloud software|Adobe Illustrator|Adobe InDesign|Apple macOS|Autodesk AutoCAD|Critical Thinking|Microsoft Excel|Monitoring|Reading Comprehension,Executive Communication & Stakeholder Alignment (C-SOFT-02)
119,Research & Development,Healthcare Representative,13503,22,0.084,LOW,68.75,12,7,63.16,Active Listening|Critical Thinking|Intuit QuickBooks|Linux|Microsoft Office software|Speaking|Writing,Executive Communication & Stakeholder Alignment (C-SOFT-02) + Critical Thinking & Complex Decision Making (C-SOFT-01)
120,Sales,Sales Executive,5441,10,0.2268,LOW,87.5,9,10,47.37,Active Learning|Adobe Creative Cloud software|Adobe Illustrator|Autodesk AutoCAD|Microsoft Office software|Microsoft PowerPoint|Reading Comprehension|Salesforce software|Speaking|Writing,Critical Thinking & Complex Decision Making (C-SOFT-01)
121,Sales,Sales Executive,5209,11,0.1376,LOW,56.25,9,10,47.37,Active Listening|Autodesk AutoCAD|Microsoft Excel|Microsoft Office software|Microsoft Outlook|Microsoft PowerPoint|Monitoring|Reading Comprehension|Salesforce software|Writing,Executive Communication & Stakeholder Alignment (C-SOFT-02)
124,Research & Development,Healthcare Representative,10673,10,0.0876,LOW,56.25,12,7,63.16,Active Listening|Amazon Web Services AWS software|Apache Hadoop|Microsoft Office software|Monitoring|Salesforce software|Writing,Executive Communication & Stakeholder Alignment (C-SOFT-02)
125,Sales,Sales Executive,5010,11,0.1494,LOW,56.25,10,9,52.63,Adobe Illustrator|Adobe Photoshop|Apple macOS|Autodesk AutoCAD|Critical Thinking|Microsoft Outlook|Monitoring|Reading Comprehension|Speaking,Critical Thinking & Complex Decision Making (C-SOFT-01)
126,Research & Development,Research Director,13549,4,0.1287,LOW,50.0,12,10,54.55,Active Listening|Adobe Photoshop|ESRI ArcGIS software|Mathematics|Microsoft Access|Microsoft Excel|Microsoft Project|Monitoring|Reading Comprehension|Writing,Executive Communication & Stakeholder Alignment (C-SOFT-02)
128,Sales,Sales Executive,4999,3,0.1521,LOW,50.0,8,11,42.11,Active Listening|Adobe Acrobat|Adobe Creative Cloud software|Adobe Illustrator|Adobe InDesign|Adobe Photoshop|Autodesk AutoCAD|Microsoft Excel|Microsoft Office software|Monitoring|Reading Comprehension,Executive Communication & Stakeholder Alignment (C-SOFT-02)
129,Sales,Sales Executive,4221,5,0.1631,LOW,62.5,8,11,42.11,Active Learning|Active Listening|Adobe Illustrator|Adobe InDesign|Autodesk AutoCAD|Critical Thinking|Microsoft Office software|Monitoring|Reading Comprehension|Salesforce software|Writing,Executive Communication & Stakeholder Alignment (C-SOFT-02)
131,Sales,Sales Executive,13872,37,0.1403,LOW,81.25,15,4,78.95,Apple macOS|Critical Thinking|Microsoft Excel|Microsoft Office software,Critical Thinking & Complex Decision Making (C-SOFT-01)
132,Research & Development,Laboratory Technician,2042,3,0.1579,LOW,62.5,11,9,55.0,Billing software|Commercial plate reader software|Google Docs|Microsoft Excel|Microsoft Office software|Microsoft Outlook|Monitoring|Science|Writing,Critical Thinking & Complex Decision Making (C-SOFT-01)
133,Human Resources,Human Resources,2073,3,0.7442,HIGH,68.75,9,11,45.0,Active Learning|Adobe Acrobat|Adobe Photoshop|Applicant tracking software|Microsoft Excel|Microsoft Outlook|Microsoft PowerPoint|Reading Comprehension|Speaking|Workday software|Writing,Critical Thinking & Complex Decision Making (C-SOFT-01)
134,Research & Development,Research Scientist,2956,1,0.241,LOW,75.0,9,13,40.91,Ansible software|Apache Kafka|Apache Spark|C|C++|Critical Thinking|Docker|Git|Learning Strategies|Mathematics|Monitoring|Science|Writing,Critical Thinking & Complex Decision Making (C-SOFT-01)
137,Research & Development,Laboratory Technician,2926,1,0.8832,HIGH,75.0,8,12,40.0,Billing software|Commercial plate reader software|Critical Thinking|Data entry software|Database software|Google Docs|MEDITECH software|Microsoft Excel|Microsoft Outlook|Microsoft PowerPoint|Microsoft Word|Science,Critical Thinking & Complex Decision Making (C-SOFT-01)
138,Research & Development,Research Scientist,4809,16,0.0733,LOW,62.5,12,10,54.55,Active Learning|Amazon Web Services AWS software|Ansible software|Apache Hadoop|Apache Kafka|Bash|Critical Thinking|Docker|Go|Science,Critical Thinking & Complex Decision Making (C-SOFT-01)
139,Research & Development,Healthcare Representative,5163,1,0.151,LOW,81.25,11,8,57.89,Amazon Web Services AWS software|HubSpot software|IBM SPSS Statistics|Microsoft Office software|Microsoft Outlook|Monitoring|Reading Comprehension|Writing,Critical Thinking & Complex Decision Making (C-SOFT-01)
140,Human Resources,Manager,18844,3,0.0765,LOW,81.25,14,6,70.0,Adobe Creative Cloud software|Apache Hadoop|Learning Strategies|Microsoft Office software|Speaking|Writing,Critical Thinking & Complex Decision Making (C-SOFT-01)
141,Research & Development,Research Director,18172,8,0.158,LOW,43.75,15,7,68.18,Adobe Photoshop|ESRI ArcGIS software|IBM SPSS Statistics|Mathematics|Microsoft Access|Microsoft Visio|Science,Critical Thinking & Complex Decision Making (C-SOFT-01)
142,Sales,Sales Executive,5744,6,0.5856,MEDIUM,75.0,8,11,42.11,Active Listening|Adobe Creative Cloud software|Adobe InDesign|Adobe Photoshop|Apple macOS|Autodesk AutoCAD|Critical Thinking|Microsoft Outlook|Monitoring|Speaking|Writing,Executive Communication & Stakeholder Alignment (C-SOFT-02)
143,Research & Development,Research Scientist,2889,2,0.1231,LOW,81.25,9,13,40.91,Active Learning|Active Listening|Amazon Web Services AWS software|Ansible software|Apache Kafka|Apache Spark|C|Critical Thinking|Docker|Git|Go|Learning Strategies|Science,Executive Communication & Stakeholder Alignment (C-SOFT-02)
144,Research & Development,Laboratory Technician,2871,0,0.6768,HIGH,75.0,8,12,40.0,Active Learning|Billing software|Critical Thinking|Data entry software|MEDITECH software|Microsoft Excel|Microsoft Office software|Microsoft Outlook|Reading Comprehension|SAP software|Science|Writing,Critical Thinking & Complex Decision Making (C-SOFT-01)
145,Research & Development,Healthcare Representative,7484,13,0.1224,LOW,43.75,12,7,63.16,Active Learning|Active Listening|Apache Hadoop|IBM SPSS Statistics|Intuit QuickBooks|Linux|Monitoring,Executive Communication & Stakeholder Alignment (C-SOFT-02)
147,Research & Development,Laboratory Technician,6074,9,0.6786,HIGH,56.25,10,10,50.0,Active Learning|Active Listening|Billing software|Commercial plate reader software|Critical Thinking|Database software|Microsoft Office software|Microsoft Word|Monitoring|Writing,Executive Communication & Stakeholder Alignment (C-SOFT-02)
148,Human Resources,Manager,17328,5,0.1341,LOW,93.75,13,7,65.0,Adobe Creative Cloud software|Adobe Photoshop|Amazon Web Services AWS software|Atlassian Confluence|Atlassian JIRA|Critical Thinking|Microsoft Office software,Critical Thinking & Complex Decision Making (C-SOFT-01)
150,Research & Development,Laboratory Technician,2774,5,0.1325,LOW,68.75,9,11,45.0,Active Listening|Commercial plate reader software|Database software|Google Docs|Microsoft Excel|Microsoft Outlook|Microsoft PowerPoint|Monitoring|Reading Comprehension|SAP software|Speaking,Executive Communication & Stakeholder Alignment (C-SOFT-02)
151,Research & Development,Research Scientist,4505,1,0.2087,LOW,62.5,11,11,50.0,Active Listening|Amazon Web Services AWS software|Ansible software|Apache Hadoop|Apache Kafka|C|Critical Thinking|Docker|Git|GitHub|Speaking,Executive Communication & Stakeholder Alignment (C-SOFT-02)
152,Sales,Sales Executive,7428,5,0.1236,LOW,68.75,10,9,52.63,Active Learning|Active Listening|Adobe Creative Cloud software|Adobe Illustrator|Autodesk AutoCAD|Microsoft Outlook|Microsoft PowerPoint|Reading Comprehension|Speaking,Executive Communication & Stakeholder Alignment (C-SOFT-02)
153,Research & Development,Manager,11631,11,0.091,LOW,62.5,11,9,55.0,Active Learning|Adobe Acrobat|Adobe Photoshop|Amazon Web Services AWS software|Microsoft Excel|Monitoring|Reading Comprehension|Speaking|Writing,Critical Thinking & Complex Decision Making (C-SOFT-01)
154,Sales,Sales Executive,9738,9,0.1003,LOW,75.0,9,10,47.37,Adobe Acrobat|Adobe InDesign|Apple macOS|Autodesk AutoCAD|Microsoft Excel|Microsoft Office software|Microsoft Outlook|Salesforce software|Speaking|Writing,Critical Thinking & Complex Decision Making (C-SOFT-01)
155,Research & Development,Laboratory Technician,2835,1,0.2155,LOW,56.25,9,11,45.0,Active Learning|Billing software|Database software|Google Docs|Microsoft Excel|Microsoft Outlook|Microsoft PowerPoint|Microsoft Word|Monitoring|SAP software|Writing,Critical Thinking & Complex Decision Making (C-SOFT-01)
158,Sales,Manager,16959,25,0.1215,LOW,87.5,13,7,65.0,Active Learning|Apache Hadoop|Atlassian JIRA|Autodesk AutoCAD|Microsoft Office software|Microsoft PowerPoint|Speaking,Critical Thinking & Complex Decision Making (C-SOFT-01)
159,Research & Development,Research Scientist,2613,10,0.1491,LOW,50.0,11,11,50.0,Active Listening|Ansible software|Apache Spark|C|Critical Thinking|Docker|Git|Go|Learning Strategies|Science|Speaking,Executive Communication & Stakeholder Alignment (C-SOFT-02)
160,Sales,Sales Executive,6146,7,0.1694,LOW,56.25,9,10,47.37,Active Learning|Active Listening|Adobe Illustrator|Adobe Photoshop|Critical Thinking|Microsoft Excel|Microsoft Office software|Microsoft Outlook|Salesforce software|Writing,Executive Communication & Stakeholder Alignment (C-SOFT-02)
161,Research & Development,Research Scientist,4963,5,0.3588,MEDIUM,50.0,10,12,45.45,Amazon Web Services AWS software|Apache Kafka|Apache Spark|C|Docker|Git|GitHub|Go|Mathematics|Monitoring|Science|Speaking,Critical Thinking & Complex Decision Making (C-SOFT-01)
162,Research & Development,Research Director,19537,20,0.1411,LOW,62.5,14,8,63.64,Active Learning|Learning Strategies|Microsoft Access|Microsoft Excel|Microsoft Project|Microsoft Visio|Reading Comprehension|Speaking,Critical Thinking & Complex Decision Making (C-SOFT-01)
163,Sales,Sales Executive,6172,7,0.7148,HIGH,50.0,10,9,52.63,Active Learning|Active Listening|Adobe Acrobat|Adobe Illustrator|Critical Thinking|Microsoft Outlook|Microsoft PowerPoint|Monitoring|Reading Comprehension,Executive Communication & Stakeholder Alignment (C-SOFT-02)
164,Research & Development,Research Scientist,2368,5,0.1175,LOW,62.5,10,12,45.45,Active Listening|Amazon Web Services AWS software|Ansible software|Apache Hadoop|Apache Kafka|Apache Spark|Bash|Critical Thinking|Git|Go|Learning Strategies|Speaking,Executive Communication & Stakeholder Alignment (C-SOFT-02)
165,Research & Development,Healthcare Representative,10312,40,0.1837,LOW,93.75,16,3,84.21,Critical Thinking|Monitoring|Speaking,Critical Thinking & Complex Decision Making (C-SOFT-01) + Agile Project Leadership & Team Dynamics (C-SOFT-03)
167,Sales,Sales Representative,1675,0,0.8993,HIGH,87.5,7,12,36.84,Adobe Acrobat|Adobe Illustrator|Adobe InDesign|Adobe Photoshop|Autodesk AutoCAD|Critical Thinking|Microsoft Excel|Microsoft Office software|Monitoring|Salesforce software|Speaking|Writing,Critical Thinking & Complex Decision Making (C-SOFT-01)
169,Research & Development,Laboratory Technician,2523,2,0.181,LOW,81.25,8,12,40.0,Active Learning|Active Listening|Billing software|Commercial plate reader software|Critical Thinking|Database software|Microsoft Office software|Microsoft Outlook|Microsoft PowerPoint|Science|Speaking|Writing,Executive Communication & Stakeholder Alignment (C-SOFT-02)
170,Research & Development,Manufacturing Director,6567,15,0.1323,LOW,62.5,11,9,55.0,Adobe Acrobat|Adobe Photoshop|Apple macOS|Atlassian Confluence|Autodesk AutoCAD|Learning Strategies|Microsoft PowerPoint|Monitoring|Speaking,Critical Thinking & Complex Decision Making (C-SOFT-01)
171,Research & Development,Research Scientist,4739,3,0.1262,LOW,81.25,13,9,59.09,Active Listening|Amazon Web Services AWS software|Ansible software|Apache Hadoop|Bash|C++|Docker|Git|Speaking,Executive Communication & Stakeholder Alignment (C-SOFT-02)
174,Sales,Sales Executive,9208,2,0.1743,LOW,87.5,11,8,57.89,Adobe Acrobat|Adobe Creative Cloud software|Microsoft Excel|Microsoft Office software|Microsoft PowerPoint|Salesforce software|Speaking|Writing,Critical Thinking & Complex Decision Making (C-SOFT-01)
175,Sales,Sales Executive,4559,2,0.4864,MEDIUM,56.25,8,11,42.11,Adobe Acrobat|Adobe Creative Cloud software|Adobe Illustrator|Adobe InDesign|Apple macOS|Autodesk AutoCAD|Critical Thinking|Microsoft PowerPoint|Monitoring|Reading Comprehension|Writing,Critical Thinking & Complex Decision Making (C-SOFT-01)
176,Sales,Sales Executive,8189,9,0.1794,LOW,75.0,10,9,52.63,Active Listening|Adobe Acrobat|Adobe Creative Cloud software|Adobe InDesign|Autodesk AutoCAD|Critical Thinking|Microsoft PowerPoint|Monitoring|Writing,Executive Communication & Stakeholder Alignment (C-SOFT-02)
177,Human Resources,Human Resources,2942,8,0.1301,LOW,81.25,9,11,45.0,Adobe Acrobat|Adobe Illustrator|Adobe InDesign|Applicant tracking software|Microsoft Excel|Microsoft Office software|Microsoft PowerPoint|Monitoring|Oracle HRIS|Reading Comprehension|Writing,Critical Thinking & Complex Decision Making (C-SOFT-01)
178,Research & Development,Manufacturing Director,4941,3,0.1715,LOW,68.75,9,11,45.0,Active Learning|Active Listening|Adobe Photoshop|Apache Hadoop|Apple macOS|Atlassian Confluence|Critical Thinking|Microsoft Office software|Microsoft PowerPoint|Reading Comprehension|Writing,Executive Communication & Stakeholder Alignment (C-SOFT-02)
179,Research & Development,Manufacturing Director,10650,4,0.1341,LOW,62.5,12,8,60.0,Active Listening|Adobe Acrobat|Atlassian Confluence|Critical Thinking|Learning Strategies|Microsoft Office software|Microsoft PowerPoint|Reading Comprehension,Executive Communication & Stakeholder Alignment (C-SOFT-02)
182,Sales,Sales Executive,5902,15,0.1111,LOW,75.0,11,8,57.89,Active Learning|Adobe Acrobat|Adobe Creative Cloud software|Critical Thinking|Microsoft Excel|Microsoft Outlook|Reading Comprehension|Salesforce software,Critical Thinking & Complex Decision Making (C-SOFT-01)
183,Sales,Sales Executive,8639,2,0.2616,LOW,62.5,8,11,42.11,Active Listening|Adobe Creative Cloud software|Adobe Illustrator|Adobe InDesign|Adobe Photoshop|Autodesk AutoCAD|Microsoft Office software|Microsoft Outlook|Microsoft PowerPoint|Salesforce software|Speaking,Executive Communication & Stakeholder Alignment (C-SOFT-02)
184,Human Resources,Human Resources,6347,11,0.1341,LOW,87.5,10,10,50.0,Adobe Creative Cloud software|Applicant tracking software|Critical Thinking|Microsoft Office software|Microsoft Outlook|Microsoft PowerPoint|Reading Comprehension|Speaking|Workday software|Writing,Critical Thinking & Complex Decision Making (C-SOFT-01)
190,Research & Development,Laboratory Technician,4200,5,0.6924,HIGH,37.5,10,10,50.0,Active Listening|Commercial plate reader software|Critical Thinking|Data entry software|Database software|Google Docs|MEDITECH software|Microsoft Office software|Microsoft Outlook|Reading Comprehension,Executive Communication & Stakeholder Alignment (C-SOFT-02) + Critical Thinking & Complex Decision Making (C-SOFT-01)
192,Research & Development,Research Scientist,3452,6,0.1375,LOW,75.0,11,11,50.0,Active Learning|Ansible software|Apache Spark|Critical Thinking|Git|GitHub|Go|Monitoring|Reading Comprehension|Science|Writing,Critical Thinking & Complex Decision Making (C-SOFT-01)
193,Research & Development,Research Scientist,4317,3,0.1443,LOW,75.0,13,9,59.09,Amazon Web Services AWS software|Apache Kafka|Apache Spark|Critical Thinking|Go|Learning Strategies|Monitoring|Science|Speaking,Critical Thinking & Complex Decision Making (C-SOFT-01)
194,Research & Development,Research Scientist,2632,5,0.1503,LOW,62.5,10,12,45.45,Active Learning|Active Listening|Amazon Web Services AWS software|Apache Kafka|Apache Spark|C++|Critical Thinking|Docker|Learning Strategies|Reading Comprehension|Science|Speaking,Executive Communication & Stakeholder Alignment (C-SOFT-02)
195,Sales,Sales Executive,4668,8,0.1504,LOW,81.25,9,10,47.37,Active Listening|Adobe Acrobat|Adobe Illustrator|Adobe Photoshop|Apple macOS|Autodesk AutoCAD|Critical Thinking|Microsoft Outlook|Monitoring|Speaking,Executive Communication & Stakeholder Alignment (C-SOFT-02)
197,Research & Development,Research Scientist,3204,3,0.1492,LOW,75.0,10,12,45.45,Active Learning|Amazon Web Services AWS software|Ansible software|Apache Hadoop|Apache Spark|Bash|C|C++|Git|Learning Strategies|Monitoring|Writing,Critical Thinking & Complex Decision Making (C-SOFT-01)
198,Research & Development,Laboratory Technician,2720,5,0.1228,LOW,75.0,9,11,45.0,Active Learning|Commercial plate reader software|Critical Thinking|MEDITECH software|Microsoft PowerPoint|Microsoft Word|Monitoring|Reading Comprehension|SAP software|Speaking|Writing,Critical Thinking & Complex Decision Making (C-SOFT-01)
199,Research & Development,Manager,17181,7,0.0796,LOW,56.25,12,8,60.0,Active Learning|Active Listening|Adobe Creative Cloud software|Apache Hadoop|Atlassian JIRA|Autodesk AutoCAD|Learning Strategies|Reading Comprehension,Executive Communication & Stakeholder Alignment (C-SOFT-02)
200,Research & Development,Laboratory Technician,2238,5,0.1528,LOW,68.75,9,11,45.0,Active Learning|Active Listening|Critical Thinking|Data entry software|Database software|Microsoft Office software|Microsoft PowerPoint|Microsoft Word|Monitoring|Science|Speaking,Executive Communication & Stakeholder Alignment (C-SOFT-02) + Critical Thinking & Complex Decision Making (C-SOFT-01)
201,Research & Development,Laboratory Technician,1483,1,0.5556,MEDIUM,68.75,8,12,40.0,Active Learning|Commercial plate reader software|Critical Thinking|Data entry software|Database software|MEDITECH software|Microsoft Excel|Microsoft Outlook|Monitoring|Reading Comprehension|SAP software|Speaking,Critical Thinking & Complex Decision Making (C-SOFT-01)
202,Research & Development,Research Scientist,5605,20,0.0836,LOW,50.0,13,9,59.09,Active Learning|C++|Critical Thinking|Git|GitHub|Learning Strategies|Monitoring|Reading Comprehension|Speaking,Critical Thinking & Complex Decision Making (C-SOFT-01)
204,Sales,Sales Executive,7295,10,0.1635,LOW,56.25,9,10,47.37,Active Learning|Adobe Creative Cloud software|Adobe Illustrator|Apple macOS|Critical Thinking|Microsoft Office software|Microsoft PowerPoint|Monitoring|Reading Comprehension|Speaking,Critical Thinking & Complex Decision Making (C-SOFT-01)
205,Sales,Sales Representative,2306,7,0.1437,LOW,75.0,10,9,52.63,Active Listening|Adobe InDesign|Apple macOS|Autodesk AutoCAD|Critical Thinking|Microsoft Office software|Monitoring|Speaking|Writing,Executive Communication & Stakeholder Alignment (C-SOFT-02)
206,Research & Development,Laboratory Technician,2348,17,0.1698,LOW,62.5,12,8,60.0,Active Listening|Commercial plate reader software|Data entry software|Database software|Microsoft Excel|Microsoft Outlook|Reading Comprehension|Writing,Executive Communication & Stakeholder Alignment (C-SOFT-02)
207,Sales,Sales Executive,8998,9,0.1537,LOW,81.25,9,10,47.37,Active Listening|Adobe Illustrator|Adobe Photoshop|Critical Thinking|Microsoft Excel|Microsoft Outlook|Microsoft PowerPoint|Salesforce software|Speaking|Writing,Executive Communication & Stakeholder Alignment (C-SOFT-02)
208,Research & Development,Manufacturing Director,4319,10,0.1025,LOW,68.75,10,10,50.0,Adobe Acrobat|Adobe Photoshop|Amazon Web Services AWS software|Apache Hadoop|Atlassian JIRA|Critical Thinking|Microsoft Office software|Microsoft PowerPoint|Monitoring|Reading Comprehension,Critical Thinking & Complex Decision Making (C-SOFT-01)
211,Research & Development,Manufacturing Director,6132,1,0.1425,LOW,62.5,10,10,50.0,Active Learning|Adobe Acrobat|Apache Hadoop|Apple macOS|Atlassian JIRA|Learning Strategies|Microsoft Excel|Microsoft Office software|Reading Comprehension|Writing,Critical Thinking & Complex Decision Making (C-SOFT-01)
214,Research & Development,Research Scientist,3346,1,0.32,LOW,50.0,11,11,50.0,Active Learning|Amazon Web Services AWS software|C|Docker|Git|GitHub|Go|Mathematics|Reading Comprehension|Science|Writing,Applied Machine Learning & Deep Learning (C-TECH-03)
215,Sales,Sales Executive,10855,12,0.1405,LOW,62.5,10,9,52.63,Active Learning|Active Listening|Adobe Acrobat|Autodesk AutoCAD|Critical Thinking|Microsoft Excel|Monitoring|Salesforce software|Writing,Executive Communication & Stakeholder Alignment (C-SOFT-02)
216,Sales,Sales Representative,2231,4,0.2436,LOW,81.25,8,11,42.11,Active Learning|Active Listening|Adobe Acrobat|Adobe Illustrator|Adobe InDesign|Adobe Photoshop|Apple macOS|Microsoft Excel|Microsoft Office software|Reading Comprehension|Salesforce software,Executive Communication & Stakeholder Alignment (C-SOFT-02)
217,Research & Development,Research Scientist,2323,2,0.1459,LOW,68.75,9,13,40.91,Amazon Web Services AWS software|Ansible software|Apache Spark|C|Critical Thinking|GitHub|Go|Learning Strategies|Mathematics|Monitoring|Reading Comprehension|Science|Speaking,Critical Thinking & Complex Decision Making (C-SOFT-01)
218,Research & Development,Research Scientist,2024,2,0.1626,LOW,81.25,10,12,45.45,Active Learning|Amazon Web Services AWS software|Ansible software|Apache Spark|C|C++|Git|GitHub|Learning Strategies|Reading Comprehension|Science|Speaking,Critical Thinking & Complex Decision Making (C-SOFT-01)
221,Research & Development,Research Scientist,2713,5,0.103,LOW,81.25,10,12,45.45,Active Listening|Bash|C|C++|Critical Thinking|Docker|GitHub|Go|Monitoring|Science|Speaking|Writing,Executive Communication & Stakeholder Alignment (C-SOFT-02) + Applied Machine Learning & Deep Learning (C-TECH-03)
223,Research & Development,Healthcare Representative,9439,5,0.1069,LOW,81.25,10,9,52.63,Active Listening|Critical Thinking|Google Analytics|Google Workspace software|Microsoft Excel|Microsoft Outlook|Monitoring|Reading Comprehension|Writing,Executive Communication & Stakeholder Alignment (C-SOFT-02) + Critical Thinking & Complex Decision Making (C-SOFT-01)
224,Research & Development,Research Scientist,2566,1,0.3392,LOW,75.0,9,13,40.91,Active Learning|Active Listening|Amazon Web Services AWS software|Ansible software|Bash|C|Docker|Git|GitHub|Go|Learning Strategies|Mathematics|Science,Executive Communication & Stakeholder Alignment (C-SOFT-02)
226,Research & Development,Manager,19926,5,0.0651,LOW,62.5,12,8,60.0,Active Learning|Adobe Creative Cloud software|Amazon Web Services AWS software|Atlassian JIRA|Learning Strategies|Microsoft Excel|Monitoring|Reading Comprehension,Critical Thinking & Complex Decision Making (C-SOFT-01)
227,Research & Development,Research Scientist,2451,9,0.169,LOW,50.0,12,10,54.55,Active Learning|Ansible software|Apache Hadoop|Apache Kafka|Bash|C++|GitHub|Mathematics|Science|Speaking,Critical Thinking & Complex Decision Making (C-SOFT-01)
228,Sales,Sales Executive,9419,10,0.1812,LOW,75.0,10,9,52.63,Active Listening|Adobe Acrobat|Adobe Creative Cloud software|Apple macOS|Autodesk AutoCAD|Critical Thinking|Microsoft Office software|Monitoring|Speaking,Executive Communication & Stakeholder Alignment (C-SOFT-02)
230,Sales,Sales Executive,8686,8,0.2046,LOW,62.5,10,9,52.63,Active Listening|Adobe Acrobat|Adobe Creative Cloud software|Adobe Photoshop|Microsoft Excel|Microsoft PowerPoint|Monitoring|Reading Comprehension|Speaking,Executive Communication & Stakeholder Alignment (C-SOFT-02)
231,Research & Development,Research Scientist,3038,5,0.2056,LOW,62.5,10,12,45.45,Amazon Web Services AWS software|Ansible software|Apache Hadoop|Apache Spark|Bash|C|Git|Go|Learning Strategies|Reading Comprehension|Science|Writing,Critical Thinking & Complex Decision Making (C-SOFT-01)
233,Research & Development,Research Scientist,3058,5,0.2778,LOW,75.0,10,12,45.45,Active Learning|Active Listening|Apache Spark|C|Critical Thinking|Git|GitHub|Go|Learning Strategies|Mathematics|Reading Comprehension|Writing,Executive Communication & Stakeholder Alignment (C-SOFT-02)
235,Sales,Sales Representative,2325,0,0.8442,HIGH,37.5,7,12,36.84,Adobe Creative Cloud software|Adobe Illustrator|Adobe InDesign|Adobe Photoshop|Apple macOS|Critical Thinking|Microsoft Office software|Microsoft Outlook|Microsoft PowerPoint|Reading Comprehension|Salesforce software|Speaking,Critical Thinking & Complex Decision Making (C-SOFT-01)
238,Research & Development,Laboratory Technician,2088,8,0.1725,LOW,75.0,10,10,50.0,Active Learning|Active Listening|Commercial plate reader software|Database software|Google Docs|MEDITECH software|Microsoft Outlook|Microsoft PowerPoint|Science|Speaking,Executive Communication & Stakeholder Alignment (C-SOFT-02)
239,Research & Development,Laboratory Technician,3072,12,0.1212,LOW,62.5,10,10,50.0,Active Learning|Active Listening|Critical Thinking|Data entry software|Google Docs|MEDITECH software|Microsoft PowerPoint|SAP software|Science|Writing,Executive Communication & Stakeholder Alignment (C-SOFT-02) + Critical Thinking & Complex Decision Making (C-SOFT-01)
240,Sales,Sales Executive,5006,5,0.2282,LOW,50.0,9,10,47.37,Adobe Creative Cloud software|Adobe Illustrator|Adobe Photoshop|Apple macOS|Critical Thinking|Microsoft Excel|Microsoft Office software|Microsoft Outlook|Monitoring|Salesforce software,Critical Thinking & Complex Decision Making (C-SOFT-01)
241,Research & Development,Research Scientist,4257,2,0.1538,LOW,62.5,13,9,59.09,Active Learning|Active Listening|Amazon Web Services AWS software|Bash|Critical Thinking|Docker|GitHub|Go|Science,Executive Communication & Stakeholder Alignment (C-SOFT-02)
242,Research & Development,Research Scientist,2500,3,0.1277,LOW,68.75,9,13,40.91,Amazon Web Services AWS software|Apache Hadoop|Apache Kafka|Bash|C|C++|Critical Thinking|Docker|Git|GitHub|Go|Reading Comprehension|Science,Critical Thinking & Complex Decision Making (C-SOFT-01)
243,Research & Development,Laboratory Technician,1102,1,0.8217,HIGH,68.75,8,12,40.0,Active Listening|Billing software|Commercial plate reader software|Database software|Google Docs|MEDITECH software|Microsoft Excel|Microsoft PowerPoint|Monitoring|Reading Comprehension|SAP software|Speaking,Executive Communication & Stakeholder Alignment (C-SOFT-02)
244,Sales,Sales Executive,10453,24,0.1779,LOW,56.25,12,7,63.16,Adobe Illustrator|Adobe Photoshop|Critical Thinking|Microsoft Excel|Microsoft Outlook|Reading Comprehension|Speaking,Critical Thinking & Complex Decision Making (C-SOFT-01)
245,Research & Development,Laboratory Technician,2288,2,0.2159,LOW,81.25,8,12,40.0,Active Listening|Billing software|Critical Thinking|Data entry software|Database software|MEDITECH software|Microsoft Outlook|Microsoft PowerPoint|Microsoft Word|Monitoring|SAP software|Science,Executive Communication & Stakeholder Alignment (C-SOFT-02) + Critical Thinking & Complex Decision Making (C-SOFT-01)
246,Research & Development,Research Scientist,3929,4,0.3603,MEDIUM,81.25,10,12,45.45,Active Learning|Apache Hadoop|Apache Spark|C++|Critical Thinking|Docker|Go|Learning Strategies|Mathematics|Science|Speaking|Writing,Critical Thinking & Complex Decision Making (C-SOFT-01)
247,Research & Development,Research Scientist,2311,3,0.1209,LOW,81.25,11,11,50.0,Active Learning|Active Listening|Ansible software|Bash|Docker|Git|GitHub|Go|Mathematics|Monitoring|Speaking,Executive Communication & Stakeholder Alignment (C-SOFT-02)
248,Sales,Sales Representative,3140,4,0.4846,MEDIUM,68.75,8,11,42.11,Active Learning|Active Listening|Adobe Acrobat|Adobe Creative Cloud software|Adobe Illustrator|Autodesk AutoCAD|Critical Thinking|Microsoft Excel|Microsoft Office software|Monitoring|Salesforce software,Executive Communication & Stakeholder Alignment (C-SOFT-02)
249,Research & Development,Laboratory Technician,3690,3,0.1262,LOW,75.0,9,11,45.0,Active Learning|Commercial plate reader software|Critical Thinking|Data entry software|Google Docs|Microsoft Excel|Microsoft PowerPoint|Microsoft Word|Monitoring|Reading Comprehension|Speaking,Critical Thinking & Complex Decision Making (C-SOFT-01)
250,Research & Development,Manufacturing Director,4450,4,0.1271,LOW,75.0,9,11,45.0,Active Listening|Adobe Acrobat|Adobe Creative Cloud software|Adobe Photoshop|Apache Hadoop|Apple macOS|Atlassian Confluence|Monitoring|Reading Comprehension|Speaking|Writing,Executive Communication & Stakeholder Alignment (C-SOFT-02)
252,Research & Development,Research Scientist,2756,8,0.0693,LOW,81.25,10,12,45.45,Active Learning|Ansible software|Apache Spark|C|C++|GitHub|Go|Learning Strategies|Mathematics|Monitoring|Reading Comprehension|Speaking,Critical Thinking & Complex Decision Making (C-SOFT-01)
253,Research & Development,Manager,19033,20,0.073,LOW,75.0,12,8,60.0,Active Learning|Active Listening|Adobe Photoshop|Apple macOS|Atlassian Confluence|Learning Strategies|Microsoft Excel|Monitoring,Executive Communication & Stakeholder Alignment (C-SOFT-02)
254,Research & Development,Research Director,18722,24,0.094,LOW,81.25,17,5,77.27,Active Learning|Adobe Photoshop|Critical Thinking|Microsoft Excel|Monitoring,Critical Thinking & Complex Decision Making (C-SOFT-01)
256,Research & Development,Manufacturing Director,9547,10,0.0866,LOW,75.0,10,10,50.0,Active Listening|Amazon Web Services AWS software|Autodesk AutoCAD|Critical Thinking|Microsoft Excel|Microsoft Office software|Microsoft PowerPoint|Reading Comprehension|Speaking|Writing,Executive Communication & Stakeholder Alignment (C-SOFT-02)
258,Research & Development,Healthcare Representative,13734,7,0.098,LOW,75.0,12,7,63.16,Apache Hadoop|Critical Thinking|Google Analytics|Google Workspace software|IBM SPSS Statistics|Microsoft Excel|Speaking,Critical Thinking & Complex Decision Making (C-SOFT-01)
259,Research & Development,Manager,19999,33,0.1161,LOW,56.25,15,5,75.0,Active Learning|Adobe Photoshop|Atlassian JIRA|Autodesk AutoCAD|Reading Comprehension,Critical Thinking & Complex Decision Making (C-SOFT-01)
260,Research & Development,Research Scientist,2279,7,0.1107,LOW,81.25,10,12,45.45,Active Learning|Amazon Web Services AWS software|Ansible software|Apache Hadoop|Docker|Git|Learning Strategies|Mathematics|Monitoring|Reading Comprehension|Science|Writing,Critical Thinking & Complex Decision Making (C-SOFT-01)
261,Research & Development,Manufacturing Director,5916,1,0.7842,HIGH,50.0,9,11,45.0,Active Learning|Adobe Acrobat|Adobe Creative Cloud software|Adobe Photoshop|Amazon Web Services AWS software|Atlassian JIRA|Autodesk AutoCAD|Critical Thinking|Microsoft PowerPoint|Reading Comprehension|Speaking,Critical Thinking & Complex Decision Making (C-SOFT-01)
262,Research & Development,Research Scientist,2089,5,0.0659,LOW,100.0,10,12,45.45,Bash|C++|Docker|Git|GitHub|Go|Learning Strategies|Monitoring|Reading Comprehension|Science|Speaking|Writing,Production MLOps & Model Deployment (C-TECH-04)
264,Research & Development,Manager,16792,20,0.074,LOW,68.75,12,8,60.0,Active Learning|Active Listening|Autodesk AutoCAD|Critical Thinking|Microsoft Office software|Monitoring|Speaking|Writing,Executive Communication & Stakeholder Alignment (C-SOFT-02)
267,Research & Development,Research Scientist,3564,8,0.2755,LOW,50.0,10,12,45.45,Active Listening|Amazon Web Services AWS software|Apache Hadoop|Apache Spark|Bash|C|Docker|Git|GitHub|Go|Learning Strategies|Science,Executive Communication & Stakeholder Alignment (C-SOFT-02)
269,Research & Development,Laboratory Technician,4425,6,0.2136,LOW,68.75,10,10,50.0,Active Learning|Active Listening|Billing software|Critical Thinking|Google Docs|MEDITECH software|Microsoft Office software|Microsoft Outlook|Monitoring|Speaking,Executive Communication & Stakeholder Alignment (C-SOFT-02)
270,Research & Development,Manufacturing Director,5265,5,0.0881,LOW,68.75,10,10,50.0,Active Learning|Adobe Acrobat|Adobe Photoshop|Apple macOS|Atlassian Confluence|Learning Strategies|Microsoft Excel|Microsoft Office software|Reading Comprehension|Writing,Critical Thinking & Complex Decision Making (C-SOFT-01)
271,Research & Development,Manufacturing Director,6553,1,0.1062,LOW,75.0,11,9,55.0,Active Listening|Adobe Acrobat|Adobe Creative Cloud software|Amazon Web Services AWS software|Critical Thinking|Learning Strategies|Microsoft Excel|Microsoft Office software|Monitoring,Executive Communication & Stakeholder Alignment (C-SOFT-02)
273,Research & Development,Manufacturing Director,6261,7,0.087,LOW,75.0,10,10,50.0,Active Learning|Adobe Creative Cloud software|Amazon Web Services AWS software|Apache Hadoop|Atlassian JIRA|Critical Thinking|Learning Strategies|Microsoft Excel|Monitoring|Speaking,Critical Thinking & Complex Decision Making (C-SOFT-01)
274,Research & Development,Manufacturing Director,4298,2,0.2368,LOW,56.25,9,11,45.0,Active Learning|Active Listening|Adobe Acrobat|Adobe Photoshop|Amazon Web Services AWS software|Atlassian Confluence|Critical Thinking|Learning Strategies|Microsoft Excel|Microsoft Office software|Writing,Executive Communication & Stakeholder Alignment (C-SOFT-02)
275,Research & Development,Manufacturing Director,6804,7,0.1739,LOW,75.0,9,11,45.0,Active Learning|Active Listening|Adobe Photoshop|Apache Hadoop|Apple macOS|Atlassian Confluence|Autodesk AutoCAD|Critical Thinking|Microsoft Office software|Microsoft PowerPoint|Writing,Executive Communication & Stakeholder Alignment (C-SOFT-02)
277,Research & Development,Research Scientist,3815,5,0.286,LOW,87.5,10,12,45.45,Active Learning|Ansible software|Apache Kafka|Apache Spark|Bash|C|Docker|Git|Learning Strategies|Mathematics|Reading Comprehension|Speaking,Critical Thinking & Complex Decision Making (C-SOFT-01)
281,Research & Development,Laboratory Technician,2741,7,0.1792,LOW,81.25,11,9,55.0,Billing software|Commercial plate reader software|Data entry software|Google Docs|MEDITECH software|Microsoft Excel|Microsoft Outlook|Reading Comprehension|Writing,Critical Thinking & Complex Decision Making (C-SOFT-01)
282,Research & Development,Healthcare Representative,6673,1,0.6519,HIGH,50.0,11,8,57.89,Amazon Web Services AWS software|Apache Hadoop|Google Analytics|IBM SPSS Statistics|Microsoft Excel|Microsoft Outlook|Salesforce software|Speaking,Critical Thinking & Complex Decision Making (C-SOFT-01)
283,Sales,Sales Executive,7639,10,0.5014,MEDIUM,81.25,9,10,47.37,Active Listening|Adobe Creative Cloud software|Adobe Illustrator|Autodesk AutoCAD|Microsoft Excel|Microsoft Office software|Microsoft Outlook|Microsoft PowerPoint|Monitoring|Reading Comprehension,Executive Communication & Stakeholder Alignment (C-SOFT-02)
284,Research & Development,Research Scientist,2328,4,0.4392,MEDIUM,68.75,9,13,40.91,Active Learning|Ansible software|Apache Kafka|C|C++|Critical Thinking|Git|GitHub|Go|Learning Strategies|Mathematics|Reading Comprehension|Science,Critical Thinking & Complex Decision Making (C-SOFT-01)
286,Research & Development,Laboratory Technician,2153,8,0.1176,LOW,62.5,9,11,45.0,Active Learning|Active Listening|Commercial plate reader software|Critical Thinking|Database software|Microsoft Excel|Microsoft Office software|Microsoft Outlook|Reading Comprehension|Science|Speaking,Executive Communication & Stakeholder Alignment (C-SOFT-02)
287,Research & Development,Healthcare Representative,4876,3,0.113,LOW,87.5,8,11,42.11,Active Learning|Active Listening|Amazon Web Services AWS software|Apache Hadoop|Google Analytics|Intuit QuickBooks|Linux|Microsoft Excel|Microsoft Office software|Reading Comprehension|Writing,Executive Communication & Stakeholder Alignment (C-SOFT-02)
288,Research & Development,Healthcare Representative,9396,4,0.094,LOW,68.75,11,8,57.89,Amazon Web Services AWS software|Critical Thinking|HubSpot software|IBM SPSS Statistics|Intuit QuickBooks|Linux|Microsoft Excel|Monitoring,Critical Thinking & Complex Decision Making (C-SOFT-01)
291,Sales,Sales Executive,10400,14,0.5675,MEDIUM,75.0,10,9,52.63,Adobe Acrobat|Adobe Creative Cloud software|Adobe Illustrator|Microsoft Excel|Microsoft Outlook|Microsoft PowerPoint|Reading Comprehension|Speaking|Writing,Critical Thinking & Complex Decision Making (C-SOFT-01)
292,Research & Development,Manufacturing Director,8474,11,0.0937,LOW,68.75,10,10,50.0,Active Listening|Adobe Acrobat|Apache Hadoop|Autodesk AutoCAD|Learning Strategies|Microsoft Excel|Microsoft Office software|Microsoft PowerPoint|Reading Comprehension|Writing,Executive Communication & Stakeholder Alignment (C-SOFT-02)
293,Sales,Sales Executive,9981,7,0.1114,LOW,87.5,9,10,47.37,Active Learning|Active Listening|Adobe Photoshop|Autodesk AutoCAD|Microsoft Excel|Microsoft Office software|Microsoft Outlook|Monitoring|Speaking|Writing,Executive Communication & Stakeholder Alignment (C-SOFT-02)
296,Research & Development,Research Director,12490,10,0.1208,LOW,62.5,12,10,54.55,IBM SPSS Statistics|Microsoft Access|Microsoft PowerPoint|Microsoft Project|Microsoft SharePoint|Microsoft Visio|Monitoring|Reading Comprehension|Science|Writing,Critical Thinking & Complex Decision Making (C-SOFT-01)
297,Research & Development,Research Scientist,2657,5,0.7075,HIGH,68.75,10,12,45.45,Active Learning|Amazon Web Services AWS software|Ansible software|Apache Hadoop|Apache Kafka|Bash|C++|Critical Thinking|Git|Learning Strategies|Reading Comprehension|Speaking,Critical Thinking & Complex Decision Making (C-SOFT-01)
298,Sales,Manager,13591,1,0.1413,LOW,87.5,11,9,55.0,Active Listening|Adobe Acrobat|Adobe Photoshop|Amazon Web Services AWS software|Autodesk AutoCAD|Learning Strategies|Microsoft PowerPoint|Monitoring|Reading Comprehension,Executive Communication & Stakeholder Alignment (C-SOFT-02)
299,Sales,Sales Executive,6696,6,0.696,HIGH,56.25,9,10,47.37,Active Learning|Adobe Acrobat|Adobe Illustrator|Adobe InDesign|Apple macOS|Microsoft Excel|Monitoring|Salesforce software|Speaking|Writing,Critical Thinking & Complex Decision Making (C-SOFT-01)
300,Research & Development,Research Scientist,2058,6,0.1249,LOW,81.25,10,12,45.45,Active Learning|Amazon Web Services AWS software|Ansible software|Apache Kafka|C|GitHub|Go|Learning Strategies|Mathematics|Monitoring|Reading Comprehension|Science,Critical Thinking & Complex Decision Making (C-SOFT-01)
302,Sales,Sales Executive,8865,19,0.1666,LOW,87.5,12,7,63.16,Active Listening|Adobe Photoshop|Apple macOS|Microsoft Excel|Reading Comprehension|Salesforce software|Writing,Executive Communication & Stakeholder Alignment (C-SOFT-02)
303,Sales,Sales Executive,5940,6,0.119,LOW,75.0,11,8,57.89,Adobe Acrobat|Adobe Illustrator|Adobe InDesign|Apple macOS|Autodesk AutoCAD|Microsoft Excel|Microsoft Office software|Monitoring,Critical Thinking & Complex Decision Making (C-SOFT-01)
304,Research & Development,Laboratory Technician,5914,13,0.1093,LOW,81.25,11,9,55.0,Active Listening|Critical Thinking|Data entry software|Database software|Microsoft Office software|Microsoft Outlook|Reading Comprehension|SAP software|Science,Executive Communication & Stakeholder Alignment (C-SOFT-02) + Critical Thinking & Complex Decision Making (C-SOFT-01)
305,Research & Development,Research Scientist,2622,3,0.2319,LOW,68.75,10,12,45.45,Active Listening|Amazon Web Services AWS software|Apache Hadoop|Apache Spark|C|C++|Docker|Go|Monitoring|Reading Comprehension|Speaking|Writing,Executive Communication & Stakeholder Alignment (C-SOFT-02)
306,Research & Development,Research Director,12185,10,0.1773,LOW,75.0,11,11,50.0,Active Listening|Adobe Acrobat|ESRI ArcGIS software|IBM SPSS Statistics|Mathematics|Microsoft Access|Microsoft Outlook|Microsoft PowerPoint|Microsoft SharePoint|Microsoft Visio|Monitoring,Executive Communication & Stakeholder Alignment (C-SOFT-02)
307,Sales,Sales Executive,10609,16,0.2027,LOW,62.5,11,8,57.89,Active Listening|Apple macOS|Microsoft Excel|Microsoft Office software|Microsoft PowerPoint|Reading Comprehension|Speaking|Writing,Executive Communication & Stakeholder Alignment (C-SOFT-02)
308,Research & Development,Manufacturing Director,4345,5,0.0754,LOW,68.75,9,11,45.0,Active Listening|Amazon Web Services AWS software|Apache Hadoop|Apple macOS|Atlassian JIRA|Learning Strategies|Microsoft Excel|Microsoft Office software|Monitoring|Reading Comprehension|Speaking,Executive Communication & Stakeholder Alignment (C-SOFT-02)
309,Research & Development,Research Scientist,2177,1,0.1529,LOW,62.5,10,12,45.45,Active Listening|Apache Hadoop|Apache Kafka|Apache Spark|C|C++|Go|Mathematics|Reading Comprehension|Science|Speaking|Writing,Executive Communication & Stakeholder Alignment (C-SOFT-02)
311,Sales,Sales Representative,2793,9,0.1441,LOW,68.75,10,9,52.63,Active Learning|Adobe Creative Cloud software|Adobe InDesign|Adobe Photoshop|Autodesk AutoCAD|Critical Thinking|Microsoft PowerPoint|Reading Comprehension|Salesforce software,Critical Thinking & Complex Decision Making (C-SOFT-01)
312,Sales,Sales Executive,7918,11,0.1495,LOW,81.25,9,10,47.37,Active Learning|Active Listening|Adobe InDesign|Apple macOS|Critical Thinking|Microsoft Excel|Microsoft Office software|Microsoft Outlook|Reading Comprehension|Salesforce software,Executive Communication & Stakeholder Alignment (C-SOFT-02)
314,Sales,Sales Executive,8789,10,0.1285,LOW,62.5,9,10,47.37,Active Learning|Adobe Acrobat|Adobe Illustrator|Apple macOS|Autodesk AutoCAD|Critical Thinking|Microsoft PowerPoint|Reading Comprehension|Speaking|Writing,Critical Thinking & Complex Decision Making (C-SOFT-01)
315,Research & Development,Research Scientist,2389,4,0.5544,MEDIUM,75.0,9,13,40.91,Active Listening|Amazon Web Services AWS software|Apache Hadoop|Apache Spark|Bash|C++|Critical Thinking|Docker|Git|GitHub|Monitoring|Reading Comprehension|Speaking,Executive Communication & Stakeholder Alignment (C-SOFT-02)
316,Research & Development,Laboratory Technician,3212,2,0.1436,LOW,68.75,9,11,45.0,Billing software|Commercial plate reader software|Critical Thinking|Database software|Google Docs|MEDITECH software|Microsoft Excel|Microsoft Word|SAP software|Science|Speaking,Critical Thinking & Complex Decision Making (C-SOFT-01)
319,Research & Development,Manager,19232,22,0.1044,LOW,87.5,12,8,60.0,Active Learning|Active Listening|Adobe Photoshop|Apple macOS|Atlassian JIRA|Microsoft Excel|Monitoring|Speaking,Executive Communication & Stakeholder Alignment (C-SOFT-02)
321,Human Resources,Human Resources,2267,2,0.1926,LOW,75.0,9,11,45.0,Adobe Acrobat|Adobe Creative Cloud software|Applicant tracking software|Critical Thinking|Learning Strategies|Microsoft PowerPoint|Monitoring|Reading Comprehension|Speaking|Workday software|Writing,Critical Thinking & Complex Decision Making (C-SOFT-01)
323,Sales,Manager,19517,7,0.0844,LOW,87.5,15,5,75.0,Active Learning|Adobe Acrobat|Apache Hadoop|Atlassian JIRA|Monitoring,Critical Thinking & Complex Decision Making (C-SOFT-01)
325,Research & Development,Laboratory Technician,2436,5,0.7143,HIGH,81.25,9,11,45.0,Active Learning|Critical Thinking|Database software|Google Docs|Microsoft Excel|Microsoft Office software|Microsoft Outlook|Microsoft PowerPoint|Microsoft Word|Monitoring|Writing,Critical Thinking & Complex Decision Making (C-SOFT-01)
327,Sales,Manager,16064,17,0.1357,LOW,87.5,12,8,60.0,Active Learning|Adobe Photoshop|Amazon Web Services AWS software|Apache Hadoop|Atlassian Confluence|Autodesk AutoCAD|Critical Thinking|Microsoft PowerPoint,Critical Thinking & Complex Decision Making (C-SOFT-01)
328,Research & Development,Laboratory Technician,2707,9,0.6419,MEDIUM,37.5,10,10,50.0,Active Learning|Active Listening|Commercial plate reader software|Critical Thinking|Database software|Google Docs|MEDITECH software|Microsoft Word|Monitoring|Reading Comprehension,Executive Communication & Stakeholder Alignment (C-SOFT-02)
329,Sales,Manager,19068,33,0.1934,LOW,62.5,15,5,75.0,Active Listening|Amazon Web Services AWS software|Apache Hadoop|Microsoft Excel|Writing,Executive Communication & Stakeholder Alignment (C-SOFT-02)
330,Sales,Sales Representative,3931,4,0.2333,LOW,56.25,8,11,42.11,Active Learning|Active Listening|Adobe Acrobat|Adobe Creative Cloud software|Adobe Illustrator|Adobe InDesign|Critical Thinking|Microsoft Outlook|Microsoft PowerPoint|Monitoring|Reading Comprehension,Executive Communication & Stakeholder Alignment (C-SOFT-02)
331,Research & Development,Laboratory Technician,3730,3,0.3268,LOW,81.25,8,12,40.0,Billing software|Commercial plate reader software|Database software|Google Docs|MEDITECH software|Microsoft Excel|Microsoft Outlook|Microsoft PowerPoint|Reading Comprehension|SAP software|Science|Writing,Critical Thinking & Complex Decision Making (C-SOFT-01)
332,Research & Development,Laboratory Technician,2232,3,0.1226,LOW,75.0,9,11,45.0,Active Learning|Active Listening|Critical Thinking|Database software|Microsoft Office software|Microsoft Outlook|Monitoring|Reading Comprehension|SAP software|Speaking|Writing,Executive Communication & Stakeholder Alignment (C-SOFT-02) + Critical Thinking & Complex Decision Making (C-SOFT-01)
333,Sales,Sales Executive,4465,3,0.1751,LOW,68.75,8,11,42.11,Active Learning|Active Listening|Adobe InDesign|Adobe Photoshop|Apple macOS|Microsoft Office software|Microsoft Outlook|Microsoft PowerPoint|Monitoring|Reading Comprehension|Speaking,Executive Communication & Stakeholder Alignment (C-SOFT-02)
334,Research & Development,Research Scientist,3072,1,0.2034,LOW,50.0,13,9,59.09,Active Listening|Amazon Web Services AWS software|Ansible software|Apache Kafka|C++|Git|GitHub|Learning Strategies|Mathematics,Executive Communication & Stakeholder Alignment (C-SOFT-02)
335,Research & Development,Research Scientist,3319,9,0.0973,LOW,56.25,11,11,50.0,Active Listening|Ansible software|Apache Hadoop|Apache Kafka|Apache Spark|C++|Critical Thinking|GitHub|Learning Strategies|Mathematics|Monitoring,Executive Communication & Stakeholder Alignment (C-SOFT-02)
336,Research & Development,Manager,19202,24,0.0778,LOW,87.5,13,7,65.0,Active Listening|Adobe Photoshop|Apache Hadoop|Atlassian Confluence|Atlassian JIRA|Microsoft Excel|Microsoft PowerPoint,Executive Communication & Stakeholder Alignment (C-SOFT-02)
337,Research & Development,Research Director,13675,2,0.151,LOW,56.25,11,11,50.0,Active Listening|Adobe Acrobat|ESRI ArcGIS software|Learning Strategies|Mathematics|Microsoft Outlook|Microsoft PowerPoint|Microsoft SharePoint|Microsoft Visio|Speaking|Writing,Executive Communication & Stakeholder Alignment (C-SOFT-02)
338,Research & Development,Research Scientist,2911,2,0.1543,LOW,75.0,9,13,40.91,Active Listening|Apache Hadoop|Bash|C|Critical Thinking|Git|GitHub|Go|Learning Strategies|Reading Comprehension|Science|Speaking|Writing,Executive Communication & Stakeholder Alignment (C-SOFT-02)
339,Research & Development,Manufacturing Director,5957,11,0.0972,LOW,56.25,10,10,50.0,Active Learning|Active Listening|Adobe Acrobat|Adobe Creative Cloud software|Adobe Photoshop|Amazon Web Services AWS software|Apple macOS|Atlassian Confluence|Monitoring|Writing,Executive Communication & Stakeholder Alignment (C-SOFT-02)
340,Research & Development,Research Scientist,3920,3,0.124,LOW,43.75,13,9,59.09,Ansible software|Apache Spark|Bash|Critical Thinking|Docker|Git|GitHub|Reading Comprehension|Speaking,Critical Thinking & Complex Decision Making (C-SOFT-01)
341,Research & Development,Manufacturing Director,6434,3,0.1016,LOW,75.0,10,10,50.0,Adobe Acrobat|Adobe Photoshop|Amazon Web Services AWS software|Atlassian JIRA|Learning Strategies|Microsoft Excel|Microsoft Office software|Reading Comprehension|Speaking|Writing,Critical Thinking & Complex Decision Making (C-SOFT-01)
342,Research & Development,Manufacturing Director,10048,1,0.6478,MEDIUM,56.25,11,9,55.0,Active Learning|Adobe Photoshop|Apache Hadoop|Apple macOS|Critical Thinking|Learning Strategies|Microsoft Office software|Microsoft PowerPoint|Writing,Critical Thinking & Complex Decision Making (C-SOFT-01)
343,Research & Development,Healthcare Representative,10938,19,0.1027,LOW,81.25,11,8,57.89,Active Listening|Amazon Web Services AWS software|Critical Thinking|Google Workspace software|IBM SPSS Statistics|Linux|Microsoft Excel|Salesforce software,Executive Communication & Stakeholder Alignment (C-SOFT-02) + Critical Thinking & Complex Decision Making (C-SOFT-01)
346,Research & Development,Research Scientist,2340,6,0.1155,LOW,68.75,10,12,45.45,Active Listening|Amazon Web Services AWS software|Apache Hadoop|Apache Kafka|Bash|C++|Critical Thinking|Git|Learning Strategies|Mathematics|Monitoring|Reading Comprehension,Executive Communication & Stakeholder Alignment (C-SOFT-02)
347,Research & Development,Research Scientist,6545,3,0.2006,LOW,75.0,11,11,50.0,Active Listening|Amazon Web Services AWS software|Apache Spark|C++|Learning Strategies|Mathematics|Monitoring|Reading Comprehension|Science|Speaking|Writing,Executive Communication & Stakeholder Alignment (C-SOFT-02)
349,Sales,Sales Executive,6931,3,0.1707,LOW,93.75,9,10,47.37,Active Listening|Adobe Acrobat|Adobe Illustrator|Apple macOS|Autodesk AutoCAD|Microsoft Office software|Microsoft Outlook|Monitoring|Salesforce software|Speaking,Executive Communication & Stakeholder Alignment (C-SOFT-02)
350,Research & Development,Manufacturing Director,4898,4,0.1049,LOW,68.75,9,11,45.0,Active Listening|Adobe Acrobat|Adobe Creative Cloud software|Adobe Photoshop|Apple macOS|Critical Thinking|Microsoft Office software|Microsoft PowerPoint|Monitoring|Reading Comprehension|Writing,Executive Communication & Stakeholder Alignment (C-SOFT-02)
351,Research & Development,Laboratory Technician,2593,9,0.1864,LOW,62.5,10,10,50.0,Active Learning|Active Listening|Commercial plate reader software|Data entry software|Database software|Microsoft Excel|Microsoft Outlook|Microsoft Word|SAP software|Science,Executive Communication & Stakeholder Alignment (C-SOFT-02)
352,Research & Development,Research Director,19436,21,0.0829,LOW,68.75,14,8,63.64,Active Listening|Adobe Photoshop|Learning Strategies|Mathematics|Microsoft PowerPoint|Microsoft Project|Microsoft SharePoint|Reading Comprehension,Executive Communication & Stakeholder Alignment (C-SOFT-02)
353,Research & Development,Research Scientist,2723,1,0.1518,LOW,75.0,9,13,40.91,Active Learning|Active Listening|Apache Kafka|Apache Spark|Bash|C|C++|Critical Thinking|Docker|Git|GitHub|Learning Strategies|Monitoring,Executive Communication & Stakeholder Alignment (C-SOFT-02)
355,Research & Development,Laboratory Technician,3479,5,0.5612,MEDIUM,56.25,9,11,45.0,Active Learning|Active Listening|Billing software|Commercial plate reader software|Critical Thinking|Database software|Google Docs|Microsoft Excel|Microsoft PowerPoint|Monitoring|SAP software,Executive Communication & Stakeholder Alignment (C-SOFT-02)
359,Research & Development,Laboratory Technician,2794,5,0.1861,LOW,68.75,9,11,45.0,Active Learning|Active Listening|Billing software|Commercial plate reader software|Data entry software|Database software|Google Docs|MEDITECH software|Microsoft Office software|Microsoft Word|Reading Comprehension,Executive Communication & Stakeholder Alignment (C-SOFT-02)
361,Sales,Sales Executive,5249,8,0.1483,LOW,87.5,10,9,52.63,Adobe Creative Cloud software|Adobe InDesign|Adobe Photoshop|Apple macOS|Microsoft Office software|Microsoft Outlook|Monitoring|Reading Comprehension|Speaking,Critical Thinking & Complex Decision Making (C-SOFT-01)
362,Research & Development,Laboratory Technician,2176,6,0.1698,LOW,68.75,10,10,50.0,Active Learning|Commercial plate reader software|Data entry software|MEDITECH software|Microsoft Excel|Microsoft PowerPoint|Microsoft Word|Monitoring|Science|Speaking,Critical Thinking & Complex Decision Making (C-SOFT-01)
363,Sales,Manager,16872,7,0.2027,LOW,50.0,14,6,70.0,Adobe Acrobat|Adobe Creative Cloud software|Autodesk AutoCAD|Monitoring|Reading Comprehension|Writing,Critical Thinking & Complex Decision Making (C-SOFT-01)
364,Research & Development,Laboratory Technician,3485,0,0.7125,HIGH,62.5,9,11,45.0,Active Learning|Billing software|Commercial plate reader software|Critical Thinking|Data entry software|Google Docs|MEDITECH software|Microsoft Excel|Monitoring|SAP software|Science,Critical Thinking & Complex Decision Making (C-SOFT-01)
366,Sales,Sales Executive,6644,0,0.3301,LOW,43.75,9,10,47.37,Active Learning|Adobe Acrobat|Adobe InDesign|Adobe Photoshop|Autodesk AutoCAD|Microsoft Outlook|Microsoft PowerPoint|Reading Comprehension|Salesforce software|Writing,Critical Thinking & Complex Decision Making (C-SOFT-01)
367,Research & Development,Healthcare Representative,5582,9,0.123,LOW,62.5,9,10,47.37,Active Learning|Amazon Web Services AWS software|Apache Hadoop|Google Workspace software|Linux|Microsoft Excel|Microsoft Outlook|Reading Comprehension|Speaking|Writing,Critical Thinking & Complex Decision Making (C-SOFT-01)
369,Research & Development,Healthcare Representative,4000,6,0.0914,LOW,68.75,8,11,42.11,Active Learning|Active Listening|Amazon Web Services AWS software|Apache Hadoop|Critical Thinking|Google Workspace software|HubSpot software|IBM SPSS Statistics|Intuit QuickBooks|Microsoft Office software|Writing,Executive Communication & Stakeholder Alignment (C-SOFT-02)
372,Research & Development,Healthcare Representative,13496,20,0.1165,LOW,75.0,12,7,63.16,Apache Hadoop|IBM SPSS Statistics|Intuit QuickBooks|Linux|Microsoft Outlook|Reading Comprehension|Speaking,Critical Thinking & Complex Decision Making (C-SOFT-01)
373,Research & Development,Laboratory Technician,3210,15,0.0926,LOW,87.5,11,9,55.0,Critical Thinking|Data entry software|Database software|MEDITECH software|Microsoft Office software|Reading Comprehension|SAP software|Science|Speaking,Critical Thinking & Complex Decision Making (C-SOFT-01)
374,Research & Development,Manager,19045,36,0.1541,LOW,68.75,16,4,80.0,Critical Thinking|Learning Strategies|Speaking|Writing,Critical Thinking & Complex Decision Making (C-SOFT-01) + Executive Communication & Stakeholder Alignment (C-SOFT-02)
376,Research & Development,Manager,11849,10,0.6111,MEDIUM,62.5,10,10,50.0,Active Learning|Active Listening|Adobe Creative Cloud software|Adobe Photoshop|Apple macOS|Atlassian JIRA|Learning Strategies|Monitoring|Reading Comprehension|Writing,Executive Communication & Stakeholder Alignment (C-SOFT-02)
377,Research & Development,Research Scientist,2070,5,0.0677,LOW,93.75,10,12,45.45,Active Learning|Active Listening|Apache Hadoop|Apache Kafka|Apache Spark|Bash|Critical Thinking|Docker|Go|Learning Strategies|Science|Speaking,Executive Communication & Stakeholder Alignment (C-SOFT-02)
378,Sales,Sales Executive,6502,5,0.1174,LOW,75.0,9,10,47.37,Active Learning|Adobe Illustrator|Adobe Photoshop|Autodesk AutoCAD|Critical Thinking|Microsoft Excel|Microsoft Outlook|Monitoring|Speaking|Writing,Critical Thinking & Complex Decision Making (C-SOFT-01)
379,Research & Development,Research Scientist,3230,3,0.2254,LOW,62.5,9,13,40.91,Active Learning|Active Listening|Amazon Web Services AWS software|Ansible software|Apache Hadoop|Apache Kafka|Apache Spark|Critical Thinking|Mathematics|Monitoring|Reading Comprehension|Speaking|Writing,Executive Communication & Stakeholder Alignment (C-SOFT-02)
380,Research & Development,Research Director,13603,5,0.148,LOW,56.25,12,10,54.55,Active Listening|ESRI ArcGIS software|Learning Strategies|Microsoft Access|Microsoft Office software|Microsoft Outlook|Microsoft SharePoint|Microsoft Visio|Science|Speaking,Executive Communication & Stakeholder Alignment (C-SOFT-02)
381,Research & Development,Manager,11996,7,0.1153,LOW,62.5,10,10,50.0,Active Listening|Adobe Acrobat|Adobe Creative Cloud software|Apache Hadoop|Autodesk AutoCAD|Critical Thinking|Learning Strategies|Monitoring|Reading Comprehension|Writing,Executive Communication & Stakeholder Alignment (C-SOFT-02)
382,Sales,Sales Executive,5605,8,0.2478,LOW,56.25,9,10,47.37,Active Learning|Adobe Acrobat|Adobe Creative Cloud software|Adobe Photoshop|Microsoft Excel|Microsoft Office software|Microsoft Outlook|Reading Comprehension|Speaking|Writing,Critical Thinking & Complex Decision Making (C-SOFT-01)
384,Research & Development,Manufacturing Director,6397,6,0.0954,LOW,56.25,9,11,45.0,Adobe Creative Cloud software|Adobe Photoshop|Apache Hadoop|Apple macOS|Atlassian Confluence|Atlassian JIRA|Autodesk AutoCAD|Microsoft Excel|Microsoft Office software|Reading Comprehension|Speaking,Critical Thinking & Complex Decision Making (C-SOFT-01)
385,Research & Development,Research Director,19144,10,0.1171,LOW,43.75,15,7,68.18,Adobe Acrobat|Adobe Photoshop|Critical Thinking|Mathematics|Microsoft PowerPoint|Speaking|Writing,Critical Thinking & Complex Decision Making (C-SOFT-01)
386,Research & Development,Research Director,17584,5,0.1039,LOW,81.25,13,9,59.09,Critical Thinking|Microsoft Access|Microsoft Excel|Microsoft Office software|Microsoft Outlook|Microsoft PowerPoint|Reading Comprehension|Science|Writing,Critical Thinking & Complex Decision Making (C-SOFT-01)
387,Sales,Sales Executive,4907,20,0.0995,LOW,68.75,11,8,57.89,Active Learning|Active Listening|Adobe Creative Cloud software|Adobe Illustrator|Adobe Photoshop|Critical Thinking|Microsoft Office software|Salesforce software,Executive Communication & Stakeholder Alignment (C-SOFT-02)
388,Sales,Sales Executive,4554,10,0.1392,LOW,62.5,9,10,47.37,Active Listening|Adobe Acrobat|Adobe Creative Cloud software|Adobe Photoshop|Autodesk AutoCAD|Microsoft Outlook|Microsoft PowerPoint|Monitoring|Salesforce software|Writing,Executive Communication & Stakeholder Alignment (C-SOFT-02)
389,Research & Development,Laboratory Technician,5415,10,0.1412,LOW,81.25,10,10,50.0,Active Learning|Billing software|Commercial plate reader software|Critical Thinking|Database software|MEDITECH software|Microsoft Word|Monitoring|SAP software|Science,Critical Thinking & Complex Decision Making (C-SOFT-01)
390,Research & Development,Healthcare Representative,4741,5,0.2735,LOW,50.0,8,11,42.11,Active Learning|Active Listening|Critical Thinking|Google Analytics|Google Workspace software|Intuit QuickBooks|Microsoft Office software|Microsoft Outlook|Monitoring|Reading Comprehension|Salesforce software,Executive Communication & Stakeholder Alignment (C-SOFT-02) + Critical Thinking & Complex Decision Making (C-SOFT-01)
391,Research & Development,Research Scientist,2115,17,0.1323,LOW,81.25,13,9,59.09,Active Learning|Apache Kafka|Apache Spark|C|Git|Go|Mathematics|Reading Comprehension|Science,Critical Thinking & Complex Decision Making (C-SOFT-01)
392,Research & Development,Laboratory Technician,3161,1,0.6318,MEDIUM,87.5,12,8,60.0,Active Listening|Critical Thinking|Database software|Google Docs|Microsoft Office software|Microsoft Word|SAP software|Speaking,Executive Communication & Stakeholder Alignment (C-SOFT-02) + Critical Thinking & Complex Decision Making (C-SOFT-01)
393,Research & Development,Healthcare Representative,5745,2,0.0793,LOW,81.25,9,10,47.37,Active Learning|Active Listening|Apache Hadoop|Critical Thinking|Google Workspace software|Linux|Microsoft Office software|Salesforce software|Speaking|Writing,Executive Communication & Stakeholder Alignment (C-SOFT-02)
394,Research & Development,Laboratory Technician,2373,3,0.8161,HIGH,62.5,9,11,45.0,Active Learning|Active Listening|Billing software|Commercial plate reader software|Google Docs|MEDITECH software|Microsoft Office software|Microsoft Word|Reading Comprehension|Science|Writing,Executive Communication & Stakeholder Alignment (C-SOFT-02)
395,Research & Development,Research Scientist,3310,5,0.0816,LOW,93.75,10,12,45.45,Active Listening|Apache Hadoop|Apache Kafka|Apache Spark|Bash|C++|Critical Thinking|Git|GitHub|Go|Science|Writing,Executive Communication & Stakeholder Alignment (C-SOFT-02)
396,Research & Development,Research Director,18665,3,0.2091,LOW,68.75,14,8,63.64,Active Learning|Active Listening|ESRI ArcGIS software|Learning Strategies|Mathematics|Microsoft PowerPoint|Microsoft Project|Science,Executive Communication & Stakeholder Alignment (C-SOFT-02)
397,Research & Development,Research Scientist,4485,8,0.1675,LOW,75.0,11,11,50.0,Active Learning|Active Listening|Ansible software|Apache Spark|Bash|C++|GitHub|Reading Comprehension|Science|Speaking|Writing,Executive Communication & Stakeholder Alignment (C-SOFT-02)
399,Sales,Sales Representative,2789,2,0.3567,MEDIUM,75.0,8,11,42.11,Active Listening|Adobe Illustrator|Adobe Photoshop|Autodesk AutoCAD|Microsoft Office software|Microsoft Outlook|Microsoft PowerPoint|Monitoring|Reading Comprehension|Salesforce software|Writing,Executive Communication & Stakeholder Alignment (C-SOFT-02)
401,Sales,Sales Executive,5828,8,0.3914,MEDIUM,75.0,9,10,47.37,Active Learning|Adobe Acrobat|Adobe Creative Cloud software|Adobe InDesign|Adobe Photoshop|Microsoft Excel|Microsoft Outlook|Monitoring|Salesforce software|Writing,Critical Thinking & Complex Decision Making (C-SOFT-01)
403,Research & Development,Research Scientist,2326,4,0.4017,MEDIUM,75.0,9,13,40.91,Active Listening|Amazon Web Services AWS software|Apache Spark|Bash|C|Critical Thinking|Docker|Git|GitHub|Mathematics|Reading Comprehension|Science|Speaking,Executive Communication & Stakeholder Alignment (C-SOFT-02)
404,Sales,Sales Executive,13525,20,0.1655,LOW,75.0,12,7,63.16,Active Listening|Adobe Illustrator|Autodesk AutoCAD|Critical Thinking|Microsoft Excel|Microsoft Office software|Salesforce software,Executive Communication & Stakeholder Alignment (C-SOFT-02)
405,Research & Development,Laboratory Technician,1420,0,0.8364,HIGH,75.0,8,12,40.0,Active Learning|Active Listening|Commercial plate reader software|Critical Thinking|MEDITECH software|Microsoft Excel|Microsoft Office software|Microsoft Word|Monitoring|SAP software|Science|Speaking,Executive Communication & Stakeholder Alignment (C-SOFT-02)
406,Sales,Sales Executive,8020,11,0.1474,LOW,68.75,10,9,52.63,Active Listening|Adobe Creative Cloud software|Adobe Illustrator|Adobe Photoshop|Apple macOS|Critical Thinking|Microsoft PowerPoint|Monitoring|Salesforce software,Executive Communication & Stakeholder Alignment (C-SOFT-02)
407,Research & Development,Laboratory Technician,3688,1,0.157,LOW,93.75,8,12,40.0,Active Listening|Billing software|Commercial plate reader software|Critical Thinking|MEDITECH software|Microsoft Excel|Microsoft Word|Monitoring|Reading Comprehension|SAP software|Science|Writing,Executive Communication & Stakeholder Alignment (C-SOFT-02)
408,Research & Development,Manufacturing Director,5482,4,0.0852,LOW,68.75,10,10,50.0,Active Learning|Adobe Photoshop|Amazon Web Services AWS software|Apple macOS|Atlassian Confluence|Autodesk AutoCAD|Learning Strategies|Microsoft Excel|Microsoft PowerPoint|Writing,Critical Thinking & Complex Decision Making (C-SOFT-01)
410,Sales,Manager,16015,22,0.0855,LOW,68.75,12,8,60.0,Active Learning|Adobe Creative Cloud software|Adobe Photoshop|Amazon Web Services AWS software|Apache Hadoop|Atlassian Confluence|Learning Strategies|Reading Comprehension,Critical Thinking & Complex Decision Making (C-SOFT-01)
411,Sales,Sales Representative,1200,0,0.7632,HIGH,62.5,7,12,36.84,Active Learning|Active Listening|Adobe Illustrator|Adobe Photoshop|Autodesk AutoCAD|Critical Thinking|Microsoft Outlook|Microsoft PowerPoint|Monitoring|Reading Comprehension|Speaking|Writing,Executive Communication & Stakeholder Alignment (C-SOFT-02)
412,Research & Development,Healthcare Representative,5661,8,0.1199,LOW,62.5,9,10,47.37,Active Listening|Amazon Web Services AWS software|Apache Hadoop|Critical Thinking|Google Analytics|Google Workspace software|Linux|Microsoft Excel|Reading Comprehension|Writing,Executive Communication & Stakeholder Alignment (C-SOFT-02)
416,Sales,Sales Executive,6929,8,0.1619,LOW,75.0,9,10,47.37,Active Learning|Adobe Acrobat|Adobe Creative Cloud software|Adobe InDesign|Apple macOS|Microsoft Excel|Microsoft Outlook|Monitoring|Reading Comprehension|Speaking,Critical Thinking & Complex Decision Making (C-SOFT-01)
417,Research & Development,Healthcare Representative,9613,18,0.0757,LOW,75.0,11,8,57.89,Google Analytics|IBM SPSS Statistics|Intuit QuickBooks|Microsoft Office software|Microsoft Outlook|Salesforce software|Speaking|Writing,Critical Thinking & Complex Decision Making (C-SOFT-01)
419,Research & Development,Laboratory Technician,5674,9,0.1102,LOW,62.5,10,10,50.0,Data entry software|Database software|MEDITECH software|Microsoft Excel|Microsoft Office software|Microsoft Outlook|Microsoft Word|Reading Comprehension|SAP software|Speaking,Critical Thinking & Complex Decision Making (C-SOFT-01)
420,Sales,Sales Executive,5484,13,0.1059,LOW,75.0,10,9,52.63,Adobe Creative Cloud software|Adobe InDesign|Adobe Photoshop|Apple macOS|Microsoft Excel|Microsoft Office software|Monitoring|Salesforce software|Speaking,Critical Thinking & Complex Decision Making (C-SOFT-01)
421,Research & Development,Research Director,12061,10,0.1175,LOW,50.0,13,9,59.09,Active Listening|Adobe Acrobat|Adobe Photoshop|Learning Strategies|Mathematics|Microsoft PowerPoint|Microsoft Project|Reading Comprehension|Science,Executive Communication & Stakeholder Alignment (C-SOFT-02)
422,Research & Development,Healthcare Representative,5660,5,0.0911,LOW,75.0,10,9,52.63,Active Listening|Amazon Web Services AWS software|Google Analytics|HubSpot software|Microsoft Outlook|Monitoring|Reading Comprehension|Salesforce software|Speaking,Executive Communication & Stakeholder Alignment (C-SOFT-02)
423,Research & Development,Research Scientist,4821,5,0.1785,LOW,81.25,10,12,45.45,Amazon Web Services AWS software|Ansible software|Apache Hadoop|Apache Kafka|Apache Spark|C|Docker|Learning Strategies|Mathematics|Monitoring|Speaking|Writing,Critical Thinking & Complex Decision Making (C-SOFT-01)
424,Human Resources,Human Resources,6410,2,0.4009,MEDIUM,50.0,10,10,50.0,Active Learning|Adobe Acrobat|Adobe Creative Cloud software|Adobe Illustrator|Adobe Photoshop|Applicant tracking software|Microsoft Outlook|Microsoft PowerPoint|Reading Comprehension|Workday software,Critical Thinking & Complex Decision Making (C-SOFT-01)
425,Research & Development,Laboratory Technician,5210,24,0.1082,LOW,37.5,13,7,65.0,Commercial plate reader software|Critical Thinking|Data entry software|Google Docs|Microsoft Office software|Monitoring|Speaking,Critical Thinking & Complex Decision Making (C-SOFT-01)
426,Research & Development,Research Scientist,2695,2,0.239,LOW,75.0,9,13,40.91,Active Learning|Amazon Web Services AWS software|Apache Kafka|Apache Spark|Bash|C|Git|Go|Learning Strategies|Mathematics|Monitoring|Reading Comprehension|Speaking,Critical Thinking & Complex Decision Making (C-SOFT-01)
428,Research & Development,Manager,11878,10,0.124,LOW,68.75,10,10,50.0,Adobe Photoshop|Apple macOS|Atlassian Confluence|Microsoft Excel|Microsoft Office software|Microsoft PowerPoint|Monitoring|Reading Comprehension|Speaking|Writing,Critical Thinking & Complex Decision Making (C-SOFT-01)
429,Research & Development,Manager,17068,21,0.1295,LOW,68.75,12,8,60.0,Adobe Creative Cloud software|Apple macOS|Atlassian Confluence|Atlassian JIRA|Autodesk AutoCAD|Critical Thinking|Learning Strategies|Reading Comprehension,Critical Thinking & Complex Decision Making (C-SOFT-01)
430,Research & Development,Laboratory Technician,2455,8,0.1531,LOW,68.75,10,10,50.0,Commercial plate reader software|Google Docs|Microsoft Excel|Microsoft Office software|Microsoft Outlook|Microsoft PowerPoint|Monitoring|Reading Comprehension|SAP software|Speaking,Critical Thinking & Complex Decision Making (C-SOFT-01)
431,Research & Development,Healthcare Representative,13964,7,0.1757,LOW,75.0,12,7,63.16,Apache Hadoop|Google Workspace software|HubSpot software|Microsoft Office software|Microsoft Outlook|Monitoring|Speaking,Critical Thinking & Complex Decision Making (C-SOFT-01)
433,Research & Development,Research Scientist,4941,8,0.5,MEDIUM,50.0,11,11,50.0,Ansible software|Apache Hadoop|Apache Kafka|Bash|Critical Thinking|Docker|Git|GitHub|Learning Strategies|Mathematics|Monitoring,Critical Thinking & Complex Decision Making (C-SOFT-01)
434,Research & Development,Research Scientist,2478,4,0.6204,MEDIUM,62.5,9,13,40.91,Active Learning|Active Listening|Amazon Web Services AWS software|Apache Hadoop|C|Critical Thinking|Git|Go|Mathematics|Monitoring|Reading Comprehension|Science|Writing,Executive Communication & Stakeholder Alignment (C-SOFT-02)
436,Sales,Sales Executive,5228,13,0.2217,LOW,68.75,10,9,52.63,Adobe Acrobat|Adobe Creative Cloud software|Adobe Illustrator|Adobe InDesign|Adobe Photoshop|Autodesk AutoCAD|Microsoft Excel|Salesforce software|Writing,Critical Thinking & Complex Decision Making (C-SOFT-01)
437,Sales,Sales Executive,4478,5,0.2789,LOW,68.75,8,11,42.11,Active Learning|Active Listening|Adobe InDesign|Autodesk AutoCAD|Microsoft Excel|Microsoft Outlook|Microsoft PowerPoint|Monitoring|Reading Comprehension|Salesforce software|Speaking,Executive Communication & Stakeholder Alignment (C-SOFT-02)
438,Sales,Sales Executive,7547,7,0.147,LOW,93.75,10,9,52.63,Active Learning|Adobe Creative Cloud software|Apple macOS|Autodesk AutoCAD|Microsoft Excel|Microsoft Office software|Monitoring|Reading Comprehension|Writing,Critical Thinking & Complex Decision Making (C-SOFT-01)
439,Research & Development,Research Scientist,5055,7,0.1589,LOW,75.0,11,11,50.0,Active Learning|Amazon Web Services AWS software|Ansible software|Apache Hadoop|Critical Thinking|Docker|Git|GitHub|Learning Strategies|Reading Comprehension|Writing,Critical Thinking & Complex Decision Making (C-SOFT-01)
440,Research & Development,Research Scientist,3464,3,0.7506,HIGH,62.5,10,12,45.45,Active Learning|Active Listening|Amazon Web Services AWS software|Ansible software|Apache Hadoop|Apache Spark|Bash|Critical Thinking|Docker|Mathematics|Reading Comprehension|Science,Executive Communication & Stakeholder Alignment (C-SOFT-02)
441,Research & Development,Research Scientist,5775,10,0.0702,LOW,93.75,11,11,50.0,Active Learning|Ansible software|Apache Hadoop|Apache Spark|Bash|C++|Critical Thinking|Git|Go|Mathematics|Science,Critical Thinking & Complex Decision Making (C-SOFT-01)
442,Research & Development,Manufacturing Director,8943,10,0.1252,LOW,56.25,10,10,50.0,Adobe Creative Cloud software|Adobe Photoshop|Atlassian Confluence|Autodesk AutoCAD|Critical Thinking|Learning Strategies|Microsoft Excel|Microsoft Office software|Reading Comprehension|Writing,Critical Thinking & Complex Decision Making (C-SOFT-01)
444,Research & Development,Manager,19272,21,0.0994,LOW,62.5,12,8,60.0,Active Listening|Amazon Web Services AWS software|Apple macOS|Atlassian Confluence|Microsoft Office software|Microsoft PowerPoint|Reading Comprehension|Writing,Executive Communication & Stakeholder Alignment (C-SOFT-02)
445,Sales,Sales Executive,5238,1,0.6343,MEDIUM,68.75,10,9,52.63,Adobe Creative Cloud software|Adobe Illustrator|Adobe Photoshop|Apple macOS|Autodesk AutoCAD|Microsoft Outlook|Monitoring|Reading Comprehension|Writing,Critical Thinking & Complex Decision Making (C-SOFT-01)
446,Sales,Sales Executive,4682,7,0.1916,LOW,68.75,9,10,47.37,Active Listening|Adobe Creative Cloud software|Adobe Illustrator|Adobe InDesign|Apple macOS|Autodesk AutoCAD|Microsoft Excel|Microsoft Outlook|Reading Comprehension|Salesforce software,Executive Communication & Stakeholder Alignment (C-SOFT-02)
447,Research & Development,Research Director,18300,3,0.0617,LOW,75.0,13,9,59.09,Active Listening|Critical Thinking|Mathematics|Microsoft Access|Microsoft Excel|Microsoft Office software|Microsoft PowerPoint|Monitoring|Speaking,Executive Communication & Stakeholder Alignment (C-SOFT-02) + Critical Thinking & Complex Decision Making (C-SOFT-01)
448,Research & Development,Laboratory Technician,5257,9,0.2015,LOW,62.5,10,10,50.0,Active Listening|Billing software|Data entry software|Google Docs|MEDITECH software|Microsoft Outlook|Microsoft PowerPoint|Microsoft Word|Reading Comprehension|Science,Executive Communication & Stakeholder Alignment (C-SOFT-02)
449,Sales,Sales Executive,6349,5,0.2363,LOW,75.0,8,11,42.11,Active Learning|Active Listening|Adobe Creative Cloud software|Adobe Illustrator|Adobe Photoshop|Apple macOS|Critical Thinking|Microsoft Excel|Microsoft Outlook|Reading Comprehension|Salesforce software,Executive Communication & Stakeholder Alignment (C-SOFT-02)
450,Research & Development,Research Scientist,4869,4,0.0891,LOW,87.5,13,9,59.09,Amazon Web Services AWS software|Apache Hadoop|Apache Kafka|Bash|Critical Thinking|Docker|Go|Learning Strategies|Science,Critical Thinking & Complex Decision Making (C-SOFT-01)
451,Research & Development,Healthcare Representative,9985,1,0.1636,LOW,50.0,9,10,47.37,Active Listening|Apache Hadoop|Critical Thinking|Google Analytics|Google Workspace software|HubSpot software|Monitoring|Reading Comprehension|Speaking|Writing,Executive Communication & Stakeholder Alignment (C-SOFT-02) + Critical Thinking & Complex Decision Making (C-SOFT-01)
452,Research & Development,Research Scientist,3697,10,0.0845,LOW,75.0,11,11,50.0,Active Learning|Active Listening|Amazon Web Services AWS software|Ansible software|Apache Kafka|C|C++|Monitoring|Science|Speaking|Writing,Executive Communication & Stakeholder Alignment (C-SOFT-02)
453,Sales,Sales Executive,7457,4,0.2305,LOW,62.5,8,11,42.11,Active Listening|Adobe Acrobat|Adobe Creative Cloud software|Adobe InDesign|Adobe Photoshop|Critical Thinking|Microsoft Excel|Microsoft Office software|Reading Comprehension|Salesforce software|Writing,Executive Communication & Stakeholder Alignment (C-SOFT-02)
454,Research & Development,Laboratory Technician,2119,7,0.7915,HIGH,50.0,9,11,45.0,Active Learning|Active Listening|Billing software|Commercial plate reader software|Critical Thinking|Database software|Microsoft Office software|Microsoft PowerPoint|Reading Comprehension|SAP software|Science,Executive Communication & Stakeholder Alignment (C-SOFT-02)
455,Research & Development,Laboratory Technician,3983,3,0.1602,LOW,68.75,8,12,40.0,Billing software|Data entry software|Database software|MEDITECH software|Microsoft Outlook|Microsoft PowerPoint|Microsoft Word|Monitoring|Reading Comprehension|SAP software|Science|Writing,Critical Thinking & Complex Decision Making (C-SOFT-01)
456,Sales,Sales Executive,6118,10,0.1252,LOW,75.0,9,10,47.37,Active Listening|Adobe Acrobat|Adobe Illustrator|Autodesk AutoCAD|Critical Thinking|Microsoft Office software|Microsoft PowerPoint|Salesforce software|Speaking|Writing,Executive Communication & Stakeholder Alignment (C-SOFT-02)
458,Sales,Sales Executive,6214,8,0.1487,LOW,50.0,9,10,47.37,Active Learning|Active Listening|Adobe Creative Cloud software|Adobe InDesign|Apple macOS|Critical Thinking|Microsoft Excel|Microsoft Outlook|Reading Comprehension|Writing,Executive Communication & Stakeholder Alignment (C-SOFT-02)
460,Research & Development,Manufacturing Director,6347,6,0.1093,LOW,87.5,9,11,45.0,Active Listening|Adobe Creative Cloud software|Adobe Photoshop|Apache Hadoop|Critical Thinking|Microsoft Excel|Microsoft Office software|Microsoft PowerPoint|Monitoring|Speaking|Writing,Executive Communication & Stakeholder Alignment (C-SOFT-02)
461,Research & Development,Research Director,11510,11,0.068,LOW,68.75,11,11,50.0,Active Learning|Active Listening|Adobe Acrobat|ESRI ArcGIS software|IBM SPSS Statistics|Learning Strategies|Microsoft Outlook|Microsoft Project|Microsoft Visio|Speaking|Writing,Executive Communication & Stakeholder Alignment (C-SOFT-02)
462,Research & Development,Manufacturing Director,7143,11,0.1089,LOW,81.25,10,10,50.0,Active Listening|Adobe Creative Cloud software|Apache Hadoop|Autodesk AutoCAD|Critical Thinking|Microsoft Excel|Microsoft Office software|Microsoft PowerPoint|Monitoring|Speaking,Executive Communication & Stakeholder Alignment (C-SOFT-02)
463,Sales,Sales Executive,8268,7,0.2801,LOW,56.25,9,10,47.37,Active Listening|Adobe Acrobat|Adobe Creative Cloud software|Adobe Illustrator|Adobe Photoshop|Microsoft PowerPoint|Monitoring|Reading Comprehension|Speaking|Writing,Executive Communication & Stakeholder Alignment (C-SOFT-02)
464,Research & Development,Manufacturing Director,8095,16,0.0619,LOW,75.0,11,9,55.0,Active Learning|Active Listening|Adobe Acrobat|Apple macOS|Critical Thinking|Microsoft Office software|Microsoft PowerPoint|Monitoring|Reading Comprehension,Executive Communication & Stakeholder Alignment (C-SOFT-02)
465,Research & Development,Research Scientist,2904,4,0.0976,LOW,81.25,9,13,40.91,Active Listening|Amazon Web Services AWS software|Ansible software|Apache Hadoop|C|C++|Critical Thinking|GitHub|Learning Strategies|Monitoring|Reading Comprehension|Speaking|Writing,Executive Communication & Stakeholder Alignment (C-SOFT-02)
466,Research & Development,Manufacturing Director,6032,5,0.2487,LOW,75.0,9,11,45.0,Adobe Acrobat|Adobe Creative Cloud software|Amazon Web Services AWS software|Apple macOS|Atlassian JIRA|Autodesk AutoCAD|Learning Strategies|Microsoft Excel|Microsoft Office software|Monitoring|Reading Comprehension,Critical Thinking & Complex Decision Making (C-SOFT-01)
467,Sales,Sales Representative,2976,0,0.244,LOW,56.25,8,11,42.11,Adobe Acrobat|Adobe Illustrator|Adobe Photoshop|Apple macOS|Autodesk AutoCAD|Microsoft Excel|Microsoft PowerPoint|Reading Comprehension|Salesforce software|Speaking|Writing,Critical Thinking & Complex Decision Making (C-SOFT-01)
468,Research & Development,Research Director,15992,1,0.0908,LOW,62.5,12,10,54.55,Active Learning|Active Listening|Critical Thinking|IBM SPSS Statistics|Learning Strategies|Mathematics|Microsoft Office software|Microsoft PowerPoint|Microsoft Project|Reading Comprehension,Executive Communication & Stakeholder Alignment (C-SOFT-02) + Critical Thinking & Complex Decision Making (C-SOFT-01)
469,Sales,Sales Executive,4649,4,0.1131,LOW,68.75,8,11,42.11,Active Learning|Active Listening|Adobe Creative Cloud software|Adobe InDesign|Apple macOS|Microsoft Office software|Microsoft Outlook|Microsoft PowerPoint|Monitoring|Reading Comprehension|Writing,Executive Communication & Stakeholder Alignment (C-SOFT-02)
470,Human Resources,Human Resources,2696,3,0.2952,LOW,75.0,8,12,40.0,Active Listening|Adobe Acrobat|Adobe Creative Cloud software|Adobe Illustrator|Adobe InDesign|Adobe Photoshop|Microsoft Excel|Microsoft PowerPoint|Monitoring|Speaking|Workday software|Writing,Executive Communication & Stakeholder Alignment (C-SOFT-02)
471,Research & Development,Laboratory Technician,2370,8,0.0717,LOW,68.75,9,11,45.0,Active Listening|Data entry software|Database software|Google Docs|MEDITECH software|Microsoft Excel|Microsoft Outlook|Microsoft Word|Monitoring|Speaking|Writing,Executive Communication & Stakeholder Alignment (C-SOFT-02)
473,Sales,Manager,12504,0,0.1615,LOW,56.25,11,9,55.0,Active Listening|Adobe Acrobat|Amazon Web Services AWS software|Apache Hadoop|Atlassian Confluence|Autodesk AutoCAD|Learning Strategies|Microsoft PowerPoint|Writing,Executive Communication & Stakeholder Alignment (C-SOFT-02)
474,Research & Development,Research Scientist,5974,7,0.1341,LOW,56.25,12,10,54.55,Active Listening|Amazon Web Services AWS software|Apache Hadoop|Apache Kafka|Bash|Critical Thinking|Git|Go|Monitoring|Speaking,Executive Communication & Stakeholder Alignment (C-SOFT-02)
475,Sales,Sales Executive,4736,2,0.3126,LOW,75.0,8,11,42.11,Active Learning|Active Listening|Adobe InDesign|Adobe Photoshop|Critical Thinking|Microsoft Office software|Microsoft Outlook|Microsoft PowerPoint|Reading Comprehension|Salesforce software|Speaking,Executive Communication & Stakeholder Alignment (C-SOFT-02)
476,Sales,Sales Executive,5296,8,0.1558,LOW,68.75,9,10,47.37,Active Learning|Active Listening|Adobe Acrobat|Adobe Creative Cloud software|Adobe Illustrator|Apple macOS|Microsoft PowerPoint|Monitoring|Reading Comprehension|Writing,Executive Communication & Stakeholder Alignment (C-SOFT-02)
477,Research & Development,Healthcare Representative,6781,1,0.1005,LOW,56.25,10,9,52.63,Active Learning|Active Listening|Amazon Web Services AWS software|Google Analytics|HubSpot software|IBM SPSS Statistics|Intuit QuickBooks|Linux|Monitoring,Executive Communication & Stakeholder Alignment (C-SOFT-02)
478,Sales,Sales Representative,2174,3,0.653,HIGH,50.0,8,11,42.11,Active Learning|Adobe Creative Cloud software|Adobe InDesign|Apple macOS|Autodesk AutoCAD|Critical Thinking|Microsoft Office software|Microsoft Outlook|Microsoft PowerPoint|Salesforce software|Speaking,Critical Thinking & Complex Decision Making (C-SOFT-01)
479,Sales,Sales Executive,6653,1,0.1506,LOW,81.25,9,10,47.37,Active Listening|Adobe Creative Cloud software|Adobe Illustrator|Adobe InDesign|Adobe Photoshop|Apple macOS|Autodesk AutoCAD|Critical Thinking|Microsoft Excel|Microsoft PowerPoint,Executive Communication & Stakeholder Alignment (C-SOFT-02)
481,Sales,Sales Executive,9699,13,0.1869,LOW,50.0,11,8,57.89,Active Listening|Adobe Creative Cloud software|Adobe Illustrator|Adobe InDesign|Critical Thinking|Microsoft PowerPoint|Monitoring|Speaking,Executive Communication & Stakeholder Alignment (C-SOFT-02)
482,Research & Development,Healthcare Representative,6755,3,0.0933,LOW,81.25,10,9,52.63,Apache Hadoop|Google Analytics|Google Workspace software|IBM SPSS Statistics|Intuit QuickBooks|Linux|Microsoft Outlook|Monitoring|Salesforce software,Critical Thinking & Complex Decision Making (C-SOFT-01)
483,Research & Development,Laboratory Technician,2213,7,0.243,LOW,87.5,10,10,50.0,Active Learning|Data entry software|Database software|Google Docs|MEDITECH software|Microsoft Excel|Microsoft Outlook|Microsoft PowerPoint|Monitoring|Reading Comprehension,Critical Thinking & Complex Decision Making (C-SOFT-01)
484,Sales,Sales Representative,2610,3,0.1707,LOW,68.75,8,11,42.11,Adobe Illustrator|Adobe InDesign|Adobe Photoshop|Microsoft Excel|Microsoft Office software|Microsoft Outlook|Microsoft PowerPoint|Reading Comprehension|Salesforce software|Speaking|Writing,Critical Thinking & Complex Decision Making (C-SOFT-01)
485,Sales,Sales Representative,2851,1,0.8472,HIGH,75.0,7,12,36.84,Active Listening|Adobe Illustrator|Adobe InDesign|Adobe Photoshop|Autodesk AutoCAD|Microsoft Excel|Microsoft Office software|Microsoft Outlook|Monitoring|Reading Comprehension|Salesforce software|Writing,Executive Communication & Stakeholder Alignment (C-SOFT-02)
486,Research & Development,Laboratory Technician,3452,5,0.2334,LOW,56.25,11,9,55.0,Active Learning|Critical Thinking|Database software|Google Docs|Microsoft Excel|Microsoft PowerPoint|Microsoft Word|Reading Comprehension|Science,Critical Thinking & Complex Decision Making (C-SOFT-01)
487,Research & Development,Manufacturing Director,5258,1,0.1287,LOW,75.0,9,11,45.0,Active Learning|Active Listening|Apache Hadoop|Atlassian Confluence|Atlassian JIRA|Autodesk AutoCAD|Microsoft Excel|Microsoft Office software|Microsoft PowerPoint|Reading Comprehension|Writing,Executive Communication & Stakeholder Alignment (C-SOFT-02)
488,Sales,Sales Executive,9355,8,0.5699,MEDIUM,56.25,9,10,47.37,Active Learning|Adobe Creative Cloud software|Adobe Illustrator|Adobe Photoshop|Apple macOS|Autodesk AutoCAD|Critical Thinking|Microsoft Outlook|Reading Comprehension|Salesforce software,Critical Thinking & Complex Decision Making (C-SOFT-01)
491,Research & Development,Healthcare Representative,10496,4,0.0911,LOW,87.5,11,8,57.89,Active Listening|Google Workspace software|HubSpot software|IBM SPSS Statistics|Linux|Microsoft Outlook|Speaking|Writing,Executive Communication & Stakeholder Alignment (C-SOFT-02)
492,Sales,Sales Executive,6380,6,0.6241,MEDIUM,56.25,9,10,47.37,Active Listening|Adobe Acrobat|Adobe InDesign|Autodesk AutoCAD|Microsoft Excel|Microsoft Outlook|Microsoft PowerPoint|Reading Comprehension|Salesforce software|Speaking,Executive Communication & Stakeholder Alignment (C-SOFT-02)
493,Research & Development,Research Scientist,2657,2,0.3654,MEDIUM,68.75,9,13,40.91,Active Learning|Active Listening|Amazon Web Services AWS software|Ansible software|Apache Spark|C|C++|Critical Thinking|Learning Strategies|Monitoring|Reading Comprehension|Science|Writing,Executive Communication & Stakeholder Alignment (C-SOFT-02)
494,Sales,Sales Representative,2716,1,0.7815,HIGH,81.25,7,12,36.84,Active Learning|Active Listening|Adobe Creative Cloud software|Adobe InDesign|Adobe Photoshop|Critical Thinking|Microsoft Excel|Microsoft Office software|Microsoft Outlook|Salesforce software|Speaking|Writing,Executive Communication & Stakeholder Alignment (C-SOFT-02)
495,Research & Development,Research Scientist,2201,3,0.1812,LOW,93.75,10,12,45.45,Amazon Web Services AWS software|Apache Hadoop|Bash|C++|Critical Thinking|Docker|Git|Mathematics|Monitoring|Reading Comprehension|Science|Speaking,Critical Thinking & Complex Decision Making (C-SOFT-01)
496,Research & Development,Healthcare Representative,6540,1,0.2486,LOW,62.5,9,10,47.37,Amazon Web Services AWS software|Google Analytics|Google Workspace software|HubSpot software|IBM SPSS Statistics|Intuit QuickBooks|Microsoft Excel|Monitoring|Salesforce software|Speaking,Critical Thinking & Complex Decision Making (C-SOFT-01)
497,Research & Development,Laboratory Technician,3816,5,0.0968,LOW,68.75,9,11,45.0,Billing software|Data entry software|Database software|Google Docs|Microsoft Excel|Microsoft Outlook|Microsoft Word|Monitoring|Reading Comprehension|SAP software|Writing,Critical Thinking & Complex Decision Making (C-SOFT-01)
498,Sales,Sales Executive,5253,7,0.188,LOW,81.25,9,10,47.37,Active Learning|Adobe Acrobat|Adobe Creative Cloud software|Adobe InDesign|Apple macOS|Autodesk AutoCAD|Critical Thinking|Microsoft Office software|Speaking|Writing,Critical Thinking & Complex Decision Making (C-SOFT-01)
499,Research & Development,Healthcare Representative,10965,5,0.0926,LOW,62.5,13,6,68.42,Google Analytics|HubSpot software|Microsoft Outlook|Monitoring|Salesforce software|Speaking,Critical Thinking & Complex Decision Making (C-SOFT-01)
500,Sales,Sales Executive,4936,7,0.1603,LOW,81.25,11,8,57.89,Active Listening|Adobe Acrobat|Adobe Illustrator|Microsoft Office software|Microsoft PowerPoint|Monitoring|Reading Comprehension|Salesforce software,Executive Communication & Stakeholder Alignment (C-SOFT-02)
501,Research & Development,Research Scientist,2543,2,0.121,LOW,75.0,10,12,45.45,Active Learning|Amazon Web Services AWS software|Ansible software|Apache Hadoop|Apache Kafka|Bash|C++|Critical Thinking|Docker|Go|Reading Comprehension|Speaking,Critical Thinking & Complex Decision Making (C-SOFT-01)
502,Sales,Sales Executive,5304,5,0.6327,MEDIUM,68.75,9,10,47.37,Active Learning|Adobe Acrobat|Adobe Illustrator|Adobe InDesign|Adobe Photoshop|Apple macOS|Critical Thinking|Microsoft Excel|Monitoring|Writing,Critical Thinking & Complex Decision Making (C-SOFT-01)
505,Research & Development,Manager,16659,5,0.0912,LOW,81.25,14,6,70.0,Adobe Acrobat|Adobe Creative Cloud software|Apple macOS|Atlassian JIRA|Microsoft Office software|Reading Comprehension,Critical Thinking & Complex Decision Making (C-SOFT-01)
507,Sales,Sales Executive,4260,5,0.1618,LOW,87.5,8,11,42.11,Adobe Acrobat|Adobe Creative Cloud software|Adobe Illustrator|Adobe Photoshop|Microsoft Excel|Microsoft Office software|Microsoft Outlook|Microsoft PowerPoint|Reading Comprehension|Salesforce software|Speaking,Critical Thinking & Complex Decision Making (C-SOFT-01)
508,Sales,Sales Representative,2476,1,0.4476,MEDIUM,56.25,7,12,36.84,Active Learning|Adobe Acrobat|Adobe Creative Cloud software|Adobe Illustrator|Adobe Photoshop|Apple macOS|Critical Thinking|Microsoft Excel|Microsoft Office software|Microsoft Outlook|Microsoft PowerPoint|Writing,Critical Thinking & Complex Decision Making (C-SOFT-01)
510,Research & Development,Research Scientist,3102,6,0.1484,LOW,62.5,10,12,45.45,Amazon Web Services AWS software|Ansible software|Apache Kafka|Apache Spark|C++|Critical Thinking|Git|GitHub|Go|Mathematics|Science|Speaking,Critical Thinking & Complex Decision Making (C-SOFT-01)
511,Research & Development,Research Scientist,2244,2,0.2265,LOW,62.5,9,13,40.91,Active Learning|Active Listening|Amazon Web Services AWS software|Ansible software|C|C++|Docker|Go|Learning Strategies|Monitoring|Science|Speaking|Writing,Executive Communication & Stakeholder Alignment (C-SOFT-02)
513,Sales,Sales Executive,7596,10,0.2084,LOW,56.25,9,10,47.37,Adobe Acrobat|Adobe Creative Cloud software|Adobe Illustrator|Adobe Photoshop|Autodesk AutoCAD|Microsoft Excel|Microsoft Outlook|Microsoft PowerPoint|Reading Comprehension|Speaking,Critical Thinking & Complex Decision Making (C-SOFT-01)
514,Research & Development,Research Scientist,2285,1,0.824,HIGH,81.25,9,13,40.91,Active Learning|Amazon Web Services AWS software|Ansible software|Apache Hadoop|C++|Git|GitHub|Go|Learning Strategies|Mathematics|Science|Speaking|Writing,Critical Thinking & Complex Decision Making (C-SOFT-01)
515,Research & Development,Laboratory Technician,3034,18,0.1494,LOW,68.75,12,8,60.0,Active Listening|Critical Thinking|Database software|MEDITECH software|Microsoft Word|Monitoring|SAP software|Science,Executive Communication & Stakeholder Alignment (C-SOFT-02) + Critical Thinking & Complex Decision Making (C-SOFT-01)
516,Sales,Sales Executive,5715,5,0.1653,LOW,75.0,9,10,47.37,Active Learning|Adobe Creative Cloud software|Adobe InDesign|Apple macOS|Autodesk AutoCAD|Critical Thinking|Microsoft PowerPoint|Monitoring|Salesforce software|Speaking,Critical Thinking & Complex Decision Making (C-SOFT-01)
517,Research & Development,Laboratory Technician,2576,5,0.1449,LOW,50.0,9,11,45.0,Active Learning|Active Listening|Billing software|Commercial plate reader software|Critical Thinking|Data entry software|Database software|Microsoft Office software|Microsoft Outlook|Microsoft Word|Speaking,Executive Communication & Stakeholder Alignment (C-SOFT-02)
518,Research & Development,Manufacturing Director,4197,1,0.1878,LOW,75.0,12,8,60.0,Adobe Acrobat|Adobe Photoshop|Apple macOS|Critical Thinking|Microsoft Excel|Microsoft Office software|Monitoring|Writing,Critical Thinking & Complex Decision Making (C-SOFT-01)
520,Research & Development,Research Director,14336,25,0.0704,LOW,50.0,14,8,63.64,Adobe Photoshop|Learning Strategies|Mathematics|Microsoft Access|Microsoft Project|Microsoft Visio|Monitoring|Writing,Critical Thinking & Complex Decision Making (C-SOFT-01)
521,Research & Development,Laboratory Technician,3448,1,0.1961,LOW,56.25,12,8,60.0,Active Learning|Active Listening|Commercial plate reader software|Data entry software|Google Docs|MEDITECH software|Microsoft Excel|Science,Executive Communication & Stakeholder Alignment (C-SOFT-02)
522,Research & Development,Research Director,19406,4,0.1186,LOW,50.0,14,8,63.64,Adobe Photoshop|ESRI ArcGIS software|Learning Strategies|Microsoft Access|Microsoft Project|Microsoft SharePoint|Reading Comprehension|Science,Critical Thinking & Complex Decision Making (C-SOFT-01)
523,Sales,Sales Executive,6538,3,0.1502,LOW,62.5,8,11,42.11,Adobe Illustrator|Adobe Photoshop|Apple macOS|Autodesk AutoCAD|Critical Thinking|Microsoft Excel|Microsoft Office software|Microsoft Outlook|Reading Comprehension|Salesforce software|Speaking,Critical Thinking & Complex Decision Making (C-SOFT-01)
524,Research & Development,Manufacturing Director,4306,13,0.1512,LOW,50.0,10,10,50.0,Adobe Acrobat|Adobe Creative Cloud software|Amazon Web Services AWS software|Apple macOS|Atlassian JIRA|Autodesk AutoCAD|Microsoft PowerPoint|Monitoring|Speaking|Writing,Critical Thinking & Complex Decision Making (C-SOFT-01)
525,Research & Development,Laboratory Technician,2258,3,0.15,LOW,75.0,9,11,45.0,Active Listening|Billing software|Commercial plate reader software|Critical Thinking|Data entry software|Database software|Microsoft Excel|Microsoft PowerPoint|Microsoft Word|Reading Comprehension|Speaking,Executive Communication & Stakeholder Alignment (C-SOFT-02)
526,Research & Development,Healthcare Representative,4522,5,0.1473,LOW,81.25,9,10,47.37,Active Learning|Apache Hadoop|Critical Thinking|Google Analytics|Google Workspace software|IBM SPSS Statistics|Microsoft Outlook|Reading Comprehension|Salesforce software|Writing,Critical Thinking & Complex Decision Making (C-SOFT-01)
527,Sales,Sales Executive,4487,5,0.4411,MEDIUM,62.5,8,11,42.11,Adobe Acrobat|Adobe Illustrator|Adobe InDesign|Microsoft Excel|Microsoft Office software|Microsoft Outlook|Monitoring|Reading Comprehension|Salesforce software|Speaking|Writing,Critical Thinking & Complex Decision Making (C-SOFT-01)
529,Research & Development,Research Scientist,4449,13,0.1299,LOW,56.25,12,10,54.55,Active Learning|Amazon Web Services AWS software|Apache Hadoop|Apache Spark|Bash|C|Critical Thinking|Git|Reading Comprehension|Science,Critical Thinking & Complex Decision Making (C-SOFT-01)
530,Research & Development,Laboratory Technician,2218,4,0.1302,LOW,62.5,8,12,40.0,Active Listening|Critical Thinking|Data entry software|Database software|Google Docs|Microsoft PowerPoint|Microsoft Word|Reading Comprehension|SAP software|Science|Speaking|Writing,Executive Communication & Stakeholder Alignment (C-SOFT-02) + Critical Thinking & Complex Decision Making (C-SOFT-01)
531,Research & Development,Manager,19197,21,0.0996,LOW,68.75,12,8,60.0,Active Learning|Apple macOS|Autodesk AutoCAD|Critical Thinking|Learning Strategies|Microsoft PowerPoint|Reading Comprehension|Speaking,Critical Thinking & Complex Decision Making (C-SOFT-01)
532,Sales,Sales Executive,13212,7,0.1626,LOW,75.0,15,4,78.95,Active Listening|Microsoft Office software|Microsoft PowerPoint|Writing,Executive Communication & Stakeholder Alignment (C-SOFT-02)
533,Sales,Sales Executive,6577,5,0.1704,LOW,62.5,8,11,42.11,Active Learning|Adobe Creative Cloud software|Adobe InDesign|Adobe Photoshop|Apple macOS|Autodesk AutoCAD|Critical Thinking|Microsoft Office software|Reading Comprehension|Salesforce software|Writing,Critical Thinking & Complex Decision Making (C-SOFT-01)
534,Sales,Sales Executive,8392,10,0.1685,LOW,62.5,9,10,47.37,Adobe Acrobat|Adobe Creative Cloud software|Adobe Illustrator|Apple macOS|Critical Thinking|Microsoft Excel|Microsoft PowerPoint|Salesforce software|Speaking|Writing,Critical Thinking & Complex Decision Making (C-SOFT-01)
536,Research & Development,Laboratory Technician,4558,10,0.1184,LOW,68.75,10,10,50.0,Active Learning|Commercial plate reader software|Data entry software|Microsoft Excel|Microsoft Word|Monitoring|Reading Comprehension|SAP software|Science|Speaking,Critical Thinking & Complex Decision Making (C-SOFT-01)
538,Research & Development,Laboratory Technician,4031,2,0.5537,MEDIUM,50.0,9,11,45.0,Active Listening|Critical Thinking|MEDITECH software|Microsoft Excel|Microsoft Outlook|Microsoft PowerPoint|Microsoft Word|Monitoring|Reading Comprehension|SAP software|Speaking,Executive Communication & Stakeholder Alignment (C-SOFT-02) + Critical Thinking & Complex Decision Making (C-SOFT-01)
543,Research & Development,Manufacturing Director,7969,5,0.1658,LOW,75.0,14,6,70.0,Adobe Photoshop|Apache Hadoop|Apple macOS|Atlassian JIRA|Autodesk AutoCAD|Microsoft PowerPoint,Critical Thinking & Complex Decision Making (C-SOFT-01)
544,Research & Development,Research Scientist,2654,2,0.12,LOW,75.0,10,12,45.45,Active Learning|Active Listening|Amazon Web Services AWS software|Apache Hadoop|Apache Kafka|Apache Spark|C++|Docker|GitHub|Go|Mathematics|Science,Executive Communication & Stakeholder Alignment (C-SOFT-02)
546,Research & Development,Manager,16555,5,0.0612,LOW,93.75,14,6,70.0,Apple macOS|Atlassian Confluence|Autodesk AutoCAD|Critical Thinking|Speaking|Writing,Critical Thinking & Complex Decision Making (C-SOFT-01)
547,Research & Development,Research Scientist,4556,5,0.1555,LOW,56.25,13,9,59.09,Ansible software|Apache Spark|Bash|Docker|Go|Learning Strategies|Mathematics|Reading Comprehension|Writing,Critical Thinking & Complex Decision Making (C-SOFT-01)
548,Research & Development,Manufacturing Director,6091,5,0.1366,LOW,68.75,10,10,50.0,Adobe Photoshop|Amazon Web Services AWS software|Atlassian JIRA|Autodesk AutoCAD|Critical Thinking|Microsoft Excel|Microsoft Office software|Microsoft PowerPoint|Monitoring|Speaking,Critical Thinking & Complex Decision Making (C-SOFT-01)
549,Research & Development,Manager,19566,29,0.1205,LOW,56.25,15,5,75.0,Active Learning|Adobe Acrobat|Atlassian JIRA|Microsoft Excel|Monitoring,Critical Thinking & Complex Decision Making (C-SOFT-01)
550,Research & Development,Manufacturing Director,4810,10,0.0658,LOW,75.0,12,8,60.0,Active Listening|Adobe Photoshop|Atlassian JIRA|Critical Thinking|Learning Strategies|Microsoft Excel|Microsoft Office software|Monitoring,Executive Communication & Stakeholder Alignment (C-SOFT-02)
551,Research & Development,Healthcare Representative,4523,6,0.0972,LOW,87.5,9,10,47.37,Active Learning|Active Listening|Critical Thinking|Google Analytics|Google Workspace software|HubSpot software|Microsoft Office software|Microsoft Outlook|Reading Comprehension|Speaking,Executive Communication & Stakeholder Alignment (C-SOFT-02) + Critical Thinking & Complex Decision Making (C-SOFT-01)
554,Sales,Sales Representative,3202,5,0.7505,HIGH,50.0,8,11,42.11,Active Listening|Adobe Creative Cloud software|Adobe Illustrator|Adobe InDesign|Adobe Photoshop|Autodesk AutoCAD|Microsoft Excel|Microsoft Office software|Microsoft Outlook|Monitoring|Reading Comprehension,Executive Communication & Stakeholder Alignment (C-SOFT-02)
555,Sales,Sales Representative,2351,2,0.6689,HIGH,75.0,8,11,42.11,Active Learning|Adobe Acrobat|Adobe InDesign|Apple macOS|Autodesk AutoCAD|Microsoft Excel|Microsoft Outlook|Microsoft PowerPoint|Reading Comprehension|Salesforce software|Writing,Critical Thinking & Complex Decision Making (C-SOFT-01)
556,Research & Development,Laboratory Technician,1702,1,0.3189,LOW,87.5,8,12,40.0,Active Learning|Active Listening|Commercial plate reader software|Google Docs|MEDITECH software|Microsoft Excel|Microsoft Office software|Microsoft Outlook|Monitoring|Reading Comprehension|Science|Writing,Executive Communication & Stakeholder Alignment (C-SOFT-02)
558,Sales,Manager,18041,20,0.0642,LOW,81.25,12,8,60.0,Active Learning|Adobe Creative Cloud software|Apache Hadoop|Apple macOS|Atlassian JIRA|Microsoft Office software|Microsoft PowerPoint|Writing,Critical Thinking & Complex Decision Making (C-SOFT-01)
560,Research & Development,Research Scientist,2886,3,0.101,LOW,62.5,9,13,40.91,Active Learning|Active Listening|Ansible software|Apache Kafka|C++|Docker|Git|GitHub|Learning Strategies|Mathematics|Reading Comprehension|Speaking|Writing,Executive Communication & Stakeholder Alignment (C-SOFT-02)
562,Research & Development,Laboratory Technician,2097,5,0.1596,LOW,81.25,10,10,50.0,Active Listening|Commercial plate reader software|Critical Thinking|Database software|Microsoft Excel|Microsoft Office software|Microsoft PowerPoint|Microsoft Word|Reading Comprehension|Speaking,Executive Communication & Stakeholder Alignment (C-SOFT-02) + Critical Thinking & Complex Decision Making (C-SOFT-01)
564,Research & Development,Research Director,11935,10,0.1188,LOW,62.5,11,11,50.0,Critical Thinking|IBM SPSS Statistics|Learning Strategies|Microsoft Access|Microsoft Outlook|Microsoft PowerPoint|Microsoft Visio|Monitoring|Reading Comprehension|Science|Speaking,Critical Thinking & Complex Decision Making (C-SOFT-01)
565,Research & Development,Research Scientist,2546,2,0.6596,HIGH,56.25,10,12,45.45,Ansible software|Apache Hadoop|Apache Kafka|Apache Spark|Bash|C|C++|Critical Thinking|Git|GitHub|Learning Strategies|Monitoring,Critical Thinking & Complex Decision Making (C-SOFT-01)
566,Human Resources,Human Resources,2564,1,0.8226,HIGH,62.5,8,12,40.0,Active Learning|Active Listening|Adobe Creative Cloud software|Adobe Illustrator|Adobe InDesign|Adobe Photoshop|Applicant tracking software|Microsoft Excel|Microsoft Office software|Monitoring|Reading Comprehension|Speaking,Executive Communication & Stakeholder Alignment (C-SOFT-02)
567,Sales,Sales Executive,8412,9,0.1939,LOW,62.5,9,10,47.37,Adobe Creative Cloud software|Adobe InDesign|Adobe Photoshop|Apple macOS|Critical Thinking|Microsoft Excel|Microsoft Office software|Monitoring|Reading Comprehension|Salesforce software,Critical Thinking & Complex Decision Making (C-SOFT-01)
568,Sales,Manager,14118,1,0.1162,LOW,62.5,15,5,75.0,Adobe Creative Cloud software|Atlassian JIRA|Critical Thinking|Microsoft Excel|Monitoring,Critical Thinking & Complex Decision Making (C-SOFT-01)
569,Research & Development,Manager,17046,27,0.084,LOW,56.25,14,6,70.0,Active Learning|Amazon Web Services AWS software|Apache Hadoop|Atlassian JIRA|Autodesk AutoCAD|Reading Comprehension,Critical Thinking & Complex Decision Making (C-SOFT-01)
571,Research & Development,Laboratory Technician,2564,11,0.0848,LOW,81.25,10,10,50.0,Active Learning|Commercial plate reader software|Critical Thinking|Data entry software|Database software|Google Docs|MEDITECH software|Microsoft Outlook|Microsoft PowerPoint|Writing,Critical Thinking & Complex Decision Making (C-SOFT-01)
573,Sales,Sales Executive,10266,18,0.16,LOW,62.5,12,7,63.16,Adobe Creative Cloud software|Adobe Illustrator|Autodesk AutoCAD|Microsoft Office software|Microsoft Outlook|Microsoft PowerPoint|Speaking,Critical Thinking & Complex Decision Making (C-SOFT-01)
574,Research & Development,Manufacturing Director,5070,5,0.1064,LOW,68.75,12,8,60.0,Active Listening|Adobe Photoshop|Apache Hadoop|Atlassian Confluence|Autodesk AutoCAD|Learning Strategies|Microsoft Office software|Monitoring,Executive Communication & Stakeholder Alignment (C-SOFT-02)
575,Research & Development,Research Director,17861,3,0.1007,LOW,62.5,15,7,68.18,Active Listening|Mathematics|Microsoft PowerPoint|Microsoft Project|Microsoft SharePoint|Microsoft Visio|Science,Executive Communication & Stakeholder Alignment (C-SOFT-02)
577,Research & Development,Laboratory Technician,4230,5,0.1759,LOW,68.75,9,11,45.0,Active Learning|Active Listening|Commercial plate reader software|Database software|Google Docs|MEDITECH software|Microsoft Outlook|Microsoft PowerPoint|Monitoring|Speaking|Writing,Executive Communication & Stakeholder Alignment (C-SOFT-02)
578,Research & Development,Laboratory Technician,3780,1,0.1259,LOW,75.0,12,8,60.0,Active Learning|Active Listening|Commercial plate reader software|Critical Thinking|Data entry software|Google Docs|Microsoft Excel|Microsoft Office software,Executive Communication & Stakeholder Alignment (C-SOFT-02)
579,Research & Development,Research Scientist,2768,7,0.0614,LOW,75.0,12,10,54.55,Active Learning|Active Listening|Apache Spark|Critical Thinking|Docker|Go|Reading Comprehension|Science|Speaking|Writing,Executive Communication & Stakeholder Alignment (C-SOFT-02)
580,Sales,Sales Executive,9071,3,0.1694,LOW,75.0,10,9,52.63,Adobe Creative Cloud software|Apple macOS|Critical Thinking|Microsoft Excel|Microsoft Office software|Microsoft PowerPoint|Salesforce software|Speaking|Writing,Critical Thinking & Complex Decision Making (C-SOFT-01)
581,Research & Development,Manufacturing Director,10648,13,0.1082,LOW,75.0,10,10,50.0,Adobe Acrobat|Amazon Web Services AWS software|Apache Hadoop|Apple macOS|Atlassian Confluence|Critical Thinking|Learning Strategies|Microsoft Excel|Monitoring|Speaking,Critical Thinking & Complex Decision Making (C-SOFT-01)
582,Research & Development,Manager,13610,7,0.6398,MEDIUM,75.0,11,9,55.0,Adobe Acrobat|Amazon Web Services AWS software|Apple macOS|Atlassian Confluence|Atlassian JIRA|Microsoft PowerPoint|Reading Comprehension|Speaking|Writing,Critical Thinking & Complex Decision Making (C-SOFT-01)
584,Research & Development,Laboratory Technician,3408,4,0.6062,MEDIUM,43.75,9,11,45.0,Active Learning|Active Listening|Billing software|Commercial plate reader software|Data entry software|Database software|Microsoft Office software|Microsoft PowerPoint|Microsoft Word|SAP software|Writing,Executive Communication & Stakeholder Alignment (C-SOFT-02)
585,Sales,Sales Representative,2983,3,0.2225,LOW,62.5,8,11,42.11,Active Learning|Adobe Acrobat|Adobe Creative Cloud software|Adobe Illustrator|Adobe InDesign|Adobe Photoshop|Autodesk AutoCAD|Microsoft Outlook|Microsoft PowerPoint|Salesforce software|Writing,Critical Thinking & Complex Decision Making (C-SOFT-01)
586,Research & Development,Healthcare Representative,7632,8,0.1836,LOW,81.25,9,10,47.37,Active Learning|Active Listening|Amazon Web Services AWS software|Critical Thinking|IBM SPSS Statistics|Linux|Microsoft Excel|Microsoft Outlook|Monitoring|Reading Comprehension,Executive Communication & Stakeholder Alignment (C-SOFT-02)
587,Research & Development,Healthcare Representative,9824,1,0.7056,HIGH,50.0,10,9,52.63,Active Learning|Apache Hadoop|Google Analytics|Google Workspace software|Intuit QuickBooks|Linux|Monitoring|Speaking|Writing,Critical Thinking & Complex Decision Making (C-SOFT-01)
590,Human Resources,Human Resources,9950,3,0.6871,HIGH,56.25,10,10,50.0,Active Learning|Adobe Acrobat|Adobe InDesign|Adobe Photoshop|Applicant tracking software|Learning Strategies|Microsoft Excel|Microsoft Outlook|Workday software|Writing,Critical Thinking & Complex Decision Making (C-SOFT-01)
591,Research & Development,Laboratory Technician,2093,2,0.1734,LOW,75.0,9,11,45.0,Active Learning|Billing software|Google Docs|Microsoft Excel|Microsoft Office software|Microsoft Outlook|Microsoft PowerPoint|Microsoft Word|Monitoring|Science|Writing,Critical Thinking & Complex Decision Making (C-SOFT-01)
592,Sales,Sales Executive,9980,10,0.2177,LOW,81.25,9,10,47.37,Active Learning|Active Listening|Adobe Photoshop|Apple macOS|Autodesk AutoCAD|Microsoft Outlook|Microsoft PowerPoint|Monitoring|Salesforce software|Writing,Executive Communication & Stakeholder Alignment (C-SOFT-02)
593,Research & Development,Laboratory Technician,3894,2,0.6097,MEDIUM,68.75,8,12,40.0,Active Learning|Billing software|Critical Thinking|Google Docs|Microsoft Office software|Microsoft Outlook|Microsoft PowerPoint|Monitoring|Reading Comprehension|SAP software|Science|Speaking,Critical Thinking & Complex Decision Making (C-SOFT-01)
595,Sales,Sales Executive,4051,9,0.1439,LOW,62.5,10,9,52.63,Active Learning|Adobe Acrobat|Adobe Creative Cloud software|Adobe Illustrator|Adobe Photoshop|Autodesk AutoCAD|Microsoft Outlook|Salesforce software|Speaking,Critical Thinking & Complex Decision Making (C-SOFT-01)
597,Sales,Manager,16835,10,0.1231,LOW,62.5,16,4,80.0,Adobe Photoshop|Atlassian Confluence|Microsoft Office software|Monitoring,Critical Thinking & Complex Decision Making (C-SOFT-01)
599,Sales,Sales Executive,6230,14,0.1531,LOW,93.75,11,8,57.89,Active Listening|Adobe Photoshop|Apple macOS|Critical Thinking|Microsoft Excel|Microsoft PowerPoint|Salesforce software|Speaking,Executive Communication & Stakeholder Alignment (C-SOFT-02)
600,Sales,Sales Executive,4717,11,0.126,LOW,68.75,10,9,52.63,Apple macOS|Autodesk AutoCAD|Critical Thinking|Microsoft Excel|Microsoft Outlook|Microsoft PowerPoint|Reading Comprehension|Speaking|Writing,Critical Thinking & Complex Decision Making (C-SOFT-01)
601,Research & Development,Manufacturing Director,13237,20,0.0895,LOW,68.75,12,8,60.0,Adobe Acrobat|Adobe Photoshop|Atlassian JIRA|Autodesk AutoCAD|Microsoft Excel|Microsoft Office software|Monitoring|Writing,Critical Thinking & Complex Decision Making (C-SOFT-01)
602,Research & Development,Laboratory Technician,3755,8,0.159,LOW,62.5,9,11,45.0,Active Learning|Active Listening|Billing software|Critical Thinking|Data entry software|Database software|MEDITECH software|Microsoft Outlook|Monitoring|Reading Comprehension|Science,Executive Communication & Stakeholder Alignment (C-SOFT-02)
604,Sales,Sales Executive,6582,6,0.3204,LOW,75.0,9,10,47.37,Active Learning|Active Listening|Adobe Creative Cloud software|Apple macOS|Critical Thinking|Microsoft Excel|Microsoft Outlook|Reading Comprehension|Speaking|Writing,Executive Communication & Stakeholder Alignment (C-SOFT-02)
605,Research & Development,Manufacturing Director,7406,10,0.1683,LOW,75.0,10,10,50.0,Amazon Web Services AWS software|Apache Hadoop|Autodesk AutoCAD|Critical Thinking|Learning Strategies|Microsoft Excel|Microsoft Office software|Microsoft PowerPoint|Reading Comprehension|Speaking,Critical Thinking & Complex Decision Making (C-SOFT-01)
606,Sales,Sales Executive,4805,8,0.1283,LOW,68.75,9,10,47.37,Active Listening|Adobe Acrobat|Adobe Creative Cloud software|Adobe Illustrator|Adobe InDesign|Apple macOS|Critical Thinking|Microsoft Office software|Reading Comprehension|Writing,Executive Communication & Stakeholder Alignment (C-SOFT-02)
608,Human Resources,Human Resources,2741,7,0.7223,HIGH,62.5,9,11,45.0,Active Listening|Adobe Acrobat|Adobe Illustrator|Adobe InDesign|Applicant tracking software|Critical Thinking|Learning Strategies|Microsoft Excel|Microsoft Office software|Microsoft PowerPoint|Reading Comprehension,Executive Communication & Stakeholder Alignment (C-SOFT-02)
611,Research & Development,Manufacturing Director,4262,3,0.1269,LOW,81.25,9,11,45.0,Active Listening|Adobe Photoshop|Amazon Web Services AWS software|Apple macOS|Atlassian Confluence|Critical Thinking|Learning Strategies|Microsoft Office software|Reading Comprehension|Speaking|Writing,Executive Communication & Stakeholder Alignment (C-SOFT-02)
612,Research & Development,Research Director,16184,6,0.1272,LOW,68.75,11,11,50.0,Active Learning|Active Listening|Adobe Acrobat|Critical Thinking|Learning Strategies|Microsoft Access|Microsoft Office software|Microsoft Project|Monitoring|Reading Comprehension|Science,Executive Communication & Stakeholder Alignment (C-SOFT-02)
613,Sales,Manager,11557,5,0.1378,LOW,75.0,10,10,50.0,Active Learning|Adobe Acrobat|Adobe Creative Cloud software|Adobe Photoshop|Atlassian Confluence|Atlassian JIRA|Autodesk AutoCAD|Critical Thinking|Microsoft Excel|Writing,Critical Thinking & Complex Decision Making (C-SOFT-01)
614,Sales,Sales Representative,1878,0,0.9158,HIGH,68.75,7,12,36.84,Active Learning|Adobe Acrobat|Adobe Creative Cloud software|Apple macOS|Autodesk AutoCAD|Critical Thinking|Microsoft Excel|Microsoft PowerPoint|Monitoring|Reading Comprehension|Salesforce software|Writing,Critical Thinking & Complex Decision Making (C-SOFT-01)
615,Sales,Sales Executive,10932,1,0.1841,LOW,50.0,11,8,57.89,Active Learning|Active Listening|Adobe Acrobat|Adobe Creative Cloud software|Adobe InDesign|Salesforce software|Speaking|Writing,Executive Communication & Stakeholder Alignment (C-SOFT-02)
616,Research & Development,Healthcare Representative,6811,8,0.3035,LOW,43.75,9,10,47.37,Active Learning|Active Listening|Amazon Web Services AWS software|Apache Hadoop|Google Workspace software|IBM SPSS Statistics|Intuit QuickBooks|Linux|Microsoft Office software|Speaking,Executive Communication & Stakeholder Alignment (C-SOFT-02)
618,Sales,Sales Executive,4306,0,0.3157,LOW,50.0,9,10,47.37,Active Learning|Adobe Photoshop|Apple macOS|Autodesk AutoCAD|Critical Thinking|Microsoft Excel|Microsoft Outlook|Monitoring|Salesforce software|Speaking,Critical Thinking & Complex Decision Making (C-SOFT-01)
620,Sales,Sales Executive,4859,5,0.1641,LOW,68.75,8,11,42.11,Active Learning|Active Listening|Adobe Creative Cloud software|Adobe InDesign|Apple macOS|Autodesk AutoCAD|Microsoft Office software|Microsoft PowerPoint|Monitoring|Salesforce software|Writing,Executive Communication & Stakeholder Alignment (C-SOFT-02)
621,Sales,Sales Executive,5337,10,0.1703,LOW,100.0,9,10,47.37,Active Learning|Adobe Acrobat|Adobe Creative Cloud software|Adobe Photoshop|Apple macOS|Critical Thinking|Microsoft Excel|Microsoft Outlook|Reading Comprehension|Writing,Critical Thinking & Complex Decision Making (C-SOFT-01)
622,Research & Development,Laboratory Technician,2340,1,0.9636,HIGH,62.5,8,12,40.0,Active Listening|Commercial plate reader software|Critical Thinking|Data entry software|Google Docs|MEDITECH software|Microsoft Excel|Microsoft Office software|Microsoft Word|Monitoring|Reading Comprehension|Speaking,Executive Communication & Stakeholder Alignment (C-SOFT-02) + Critical Thinking & Complex Decision Making (C-SOFT-01)
623,Research & Development,Manufacturing Director,7491,6,0.094,LOW,81.25,10,10,50.0,Active Learning|Adobe Creative Cloud software|Adobe Photoshop|Apache Hadoop|Atlassian Confluence|Microsoft Excel|Microsoft Office software|Microsoft PowerPoint|Reading Comprehension|Writing,Critical Thinking & Complex Decision Making (C-SOFT-01)
624,Research & Development,Healthcare Representative,10527,2,0.155,LOW,68.75,13,6,68.42,Critical Thinking|HubSpot software|Microsoft Excel|Salesforce software|Speaking|Writing,Critical Thinking & Complex Decision Making (C-SOFT-01)
625,Sales,Manager,16595,18,0.0671,LOW,50.0,12,8,60.0,Adobe Creative Cloud software|Amazon Web Services AWS software|Apache Hadoop|Autodesk AutoCAD|Learning Strategies|Microsoft Excel|Microsoft Office software|Reading Comprehension,Critical Thinking & Complex Decision Making (C-SOFT-01)
626,Sales,Sales Executive,8834,9,0.1741,LOW,62.5,9,10,47.37,Active Learning|Active Listening|Adobe Acrobat|Apple macOS|Critical Thinking|Microsoft Excel|Microsoft Outlook|Microsoft PowerPoint|Monitoring|Salesforce software,Executive Communication & Stakeholder Alignment (C-SOFT-02)
630,Research & Development,Research Scientist,5577,10,0.0945,LOW,62.5,13,9,59.09,Active Learning|Active Listening|Amazon Web Services AWS software|Apache Hadoop|Apache Spark|C|Docker|Git|Monitoring,Executive Communication & Stakeholder Alignment (C-SOFT-02)
631,Sales,Sales Executive,4707,4,0.5577,MEDIUM,93.75,8,11,42.11,Active Listening|Adobe Creative Cloud software|Apple macOS|Autodesk AutoCAD|Critical Thinking|Microsoft Excel|Microsoft Office software|Microsoft Outlook|Microsoft PowerPoint|Monitoring|Speaking,Executive Communication & Stakeholder Alignment (C-SOFT-02)
632,Sales,Sales Representative,2400,2,0.1517,LOW,87.5,8,11,42.11,Active Learning|Active Listening|Adobe Illustrator|Autodesk AutoCAD|Microsoft Excel|Microsoft Office software|Microsoft Outlook|Monitoring|Reading Comprehension|Salesforce software|Speaking,Executive Communication & Stakeholder Alignment (C-SOFT-02)
634,Research & Development,Healthcare Representative,9824,1,0.1102,LOW,75.0,11,8,57.89,Active Listening|Google Workspace software|IBM SPSS Statistics|Intuit QuickBooks|Linux|Microsoft Office software|Speaking|Writing,Executive Communication & Stakeholder Alignment (C-SOFT-02)
635,Research & Development,Manufacturing Director,6447,6,0.149,LOW,56.25,9,11,45.0,Active Learning|Adobe Acrobat|Adobe Creative Cloud software|Adobe Photoshop|Apple macOS|Atlassian Confluence|Atlassian JIRA|Learning Strategies|Microsoft Excel|Microsoft PowerPoint|Reading Comprehension,Critical Thinking & Complex Decision Making (C-SOFT-01)
638,Research & Development,Research Director,19502,31,0.0588,LOW,75.0,16,6,72.73,Active Listening|Adobe Photoshop|Microsoft Visio|Monitoring|Reading Comprehension|Speaking,Executive Communication & Stakeholder Alignment (C-SOFT-02)
639,Research & Development,Research Scientist,2725,6,0.4445,MEDIUM,75.0,10,12,45.45,Active Learning|Ansible software|C++|Critical Thinking|Docker|Git|GitHub|Go|Learning Strategies|Mathematics|Monitoring|Writing,Critical Thinking & Complex Decision Making (C-SOFT-01)
641,Sales,Sales Executive,6272,5,0.2053,LOW,62.5,8,11,42.11,Active Learning|Adobe Illustrator|Adobe InDesign|Autodesk AutoCAD|Critical Thinking|Microsoft Excel|Microsoft Outlook|Microsoft PowerPoint|Reading Comprehension|Salesforce software|Speaking,Critical Thinking & Complex Decision Making (C-SOFT-01)
643,Research & Development,Laboratory Technician,2127,1,0.5561,MEDIUM,75.0,8,12,40.0,Active Learning|Active Listening|Commercial plate reader software|Critical Thinking|Google Docs|MEDITECH software|Microsoft Excel|Microsoft Outlook|Microsoft PowerPoint|Microsoft Word|Science|Speaking,Executive Communication & Stakeholder Alignment (C-SOFT-02)
644,Human Resources,Manager,18200,32,0.1694,LOW,56.25,15,5,75.0,Active Learning|Adobe Photoshop|Apache Hadoop|Autodesk AutoCAD|Speaking,Critical Thinking & Complex Decision Making (C-SOFT-01)
645,Sales,Sales Representative,2096,7,0.127,LOW,68.75,9,10,47.37,Active Learning|Adobe Creative Cloud software|Adobe Illustrator|Apple macOS|Microsoft Excel|Microsoft Outlook|Microsoft PowerPoint|Monitoring|Salesforce software|Writing,Critical Thinking & Complex Decision Making (C-SOFT-01)
647,Research & Development,Laboratory Technician,2886,6,0.7251,HIGH,68.75,9,11,45.0,Active Learning|Active Listening|Billing software|Commercial plate reader software|Data entry software|MEDITECH software|Microsoft PowerPoint|Monitoring|Science|Speaking|Writing,Executive Communication & Stakeholder Alignment (C-SOFT-02)
648,Sales,Sales Representative,2033,1,0.8607,HIGH,50.0,7,12,36.84,Adobe Creative Cloud software|Adobe Photoshop|Apple macOS|Autodesk AutoCAD|Critical Thinking|Microsoft Excel|Microsoft Office software|Microsoft Outlook|Monitoring|Reading Comprehension|Speaking|Writing,Critical Thinking & Complex Decision Making (C-SOFT-01)
649,Research & Development,Research Scientist,3622,6,0.33,LOW,75.0,10,12,45.45,Active Learning|Active Listening|Ansible software|Apache Hadoop|Apache Kafka|Bash|C++|Docker|Git|Learning Strategies|Reading Comprehension|Writing,Executive Communication & Stakeholder Alignment (C-SOFT-02)
650,Sales,Sales Executive,4233,3,0.6507,HIGH,56.25,9,10,47.37,Active Listening|Adobe InDesign|Adobe Photoshop|Apple macOS|Microsoft Office software|Microsoft Outlook|Microsoft PowerPoint|Monitoring|Speaking|Writing,Executive Communication & Stakeholder Alignment (C-SOFT-02)
652,Research & Development,Laboratory Technician,3681,3,0.2418,LOW,68.75,10,10,50.0,Active Learning|Active Listening|Commercial plate reader software|Critical Thinking|Data entry software|Database software|Google Docs|Microsoft Office software|Monitoring|Writing,Executive Communication & Stakeholder Alignment (C-SOFT-02)
653,Sales,Sales Executive,5460,7,0.1484,LOW,81.25,10,9,52.63,Active Listening|Adobe Acrobat|Adobe Illustrator|Apple macOS|Autodesk AutoCAD|Microsoft Office software|Microsoft Outlook|Monitoring|Speaking,Executive Communication & Stakeholder Alignment (C-SOFT-02)
655,Research & Development,Research Scientist,2187,5,0.1476,LOW,56.25,10,12,45.45,Active Learning|Ansible software|Apache Hadoop|Apache Kafka|Bash|Critical Thinking|Docker|Git|Monitoring|Reading Comprehension|Science|Speaking,Critical Thinking & Complex Decision Making (C-SOFT-01)
656,Sales,Sales Executive,9602,3,0.2472,LOW,81.25,11,8,57.89,Active Learning|Active Listening|Adobe Acrobat|Microsoft Outlook|Microsoft PowerPoint|Monitoring|Reading Comprehension|Speaking,Executive Communication & Stakeholder Alignment (C-SOFT-02)
657,Research & Development,Research Scientist,2836,1,0.3294,LOW,75.0,9,13,40.91,Amazon Web Services AWS software|Apache Hadoop|Apache Spark|C|Critical Thinking|Docker|Git|GitHub|Go|Learning Strategies|Monitoring|Science|Speaking,Critical Thinking & Complex Decision Making (C-SOFT-01)
659,Research & Development,Healthcare Representative,4089,10,0.1001,LOW,75.0,9,10,47.37,Active Learning|Active Listening|Amazon Web Services AWS software|Critical Thinking|Google Workspace software|Microsoft Excel|Monitoring|Reading Comprehension|Salesforce software|Writing,Executive Communication & Stakeholder Alignment (C-SOFT-02)
661,Research & Development,Research Director,16627,1,0.1132,LOW,68.75,13,9,59.09,Adobe Photoshop|IBM SPSS Statistics|Microsoft Access|Microsoft Office software|Microsoft Outlook|Microsoft PowerPoint|Microsoft Project|Microsoft SharePoint|Monitoring,Critical Thinking & Complex Decision Making (C-SOFT-01)
662,Research & Development,Research Scientist,2619,0,0.1612,LOW,68.75,10,12,45.45,Active Listening|Amazon Web Services AWS software|C|C++|Critical Thinking|GitHub|Go|Learning Strategies|Mathematics|Reading Comprehension|Speaking|Writing,Executive Communication & Stakeholder Alignment (C-SOFT-02) + Applied Machine Learning & Deep Learning (C-TECH-03)
663,Research & Development,Laboratory Technician,5679,8,0.1279,LOW,75.0,10,10,50.0,Active Learning|Active Listening|Billing software|Critical Thinking|Google Docs|MEDITECH software|Microsoft Outlook|Microsoft Word|SAP software|Writing,Executive Communication & Stakeholder Alignment (C-SOFT-02)
664,Research & Development,Manager,15402,3,0.086,LOW,50.0,12,8,60.0,Active Listening|Adobe Acrobat|Adobe Creative Cloud software|Adobe Photoshop|Atlassian Confluence|Microsoft PowerPoint|Monitoring|Writing,Executive Communication & Stakeholder Alignment (C-SOFT-02)
665,Human Resources,Human Resources,5985,2,0.1629,LOW,50.0,10,10,50.0,Active Learning|Active Listening|Adobe Acrobat|Learning Strategies|Microsoft Office software|Microsoft PowerPoint|Monitoring|Speaking|Workday software|Writing,Executive Communication & Stakeholder Alignment (C-SOFT-02)
666,Sales,Sales Representative,2579,8,0.2506,LOW,81.25,9,10,47.37,Active Listening|Adobe Creative Cloud software|Adobe Illustrator|Adobe InDesign|Autodesk AutoCAD|Microsoft Excel|Microsoft Office software|Microsoft PowerPoint|Reading Comprehension|Writing,Executive Communication & Stakeholder Alignment (C-SOFT-02)
667,Sales,Sales Representative,3041,4,0.5245,MEDIUM,56.25,8,11,42.11,Active Learning|Adobe Acrobat|Adobe Creative Cloud software|Autodesk AutoCAD|Critical Thinking|Microsoft Outlook|Microsoft PowerPoint|Monitoring|Reading Comprehension|Salesforce software|Speaking,Critical Thinking & Complex Decision Making (C-SOFT-01)
669,Sales,Sales Representative,3447,3,0.273,LOW,75.0,8,11,42.11,Active Learning|Active Listening|Adobe Photoshop|Autodesk AutoCAD|Critical Thinking|Microsoft Excel|Microsoft Office software|Microsoft Outlook|Microsoft PowerPoint|Reading Comprehension|Writing,Executive Communication & Stakeholder Alignment (C-SOFT-02)
671,Research & Development,Manager,19513,2,0.0926,LOW,75.0,13,7,65.0,Amazon Web Services AWS software|Apple macOS|Atlassian Confluence|Learning Strategies|Microsoft Excel|Reading Comprehension|Writing,Critical Thinking & Complex Decision Making (C-SOFT-01)
675,Research & Development,Research Scientist,2773,2,0.1596,LOW,68.75,9,13,40.91,Active Listening|Amazon Web Services AWS software|Ansible software|Apache Hadoop|Apache Kafka|Apache Spark|C|C++|Critical Thinking|GitHub|Learning Strategies|Science|Speaking,Executive Communication & Stakeholder Alignment (C-SOFT-02)
677,Sales,Sales Executive,7104,5,0.136,LOW,81.25,8,11,42.11,Active Listening|Adobe Illustrator|Adobe InDesign|Adobe Photoshop|Apple macOS|Critical Thinking|Microsoft Excel|Microsoft PowerPoint|Reading Comprehension|Salesforce software|Writing,Executive Communication & Stakeholder Alignment (C-SOFT-02)
679,Research & Development,Research Scientist,6322,6,0.2308,LOW,75.0,10,12,45.45,Active Learning|Active Listening|Amazon Web Services AWS software|Apache Hadoop|C|C++|Critical Thinking|Docker|Go|Learning Strategies|Monitoring|Reading Comprehension,Executive Communication & Stakeholder Alignment (C-SOFT-02)
680,Research & Development,Research Scientist,2083,1,0.3246,LOW,75.0,9,13,40.91,Active Learning|Active Listening|Amazon Web Services AWS software|Ansible software|Apache Hadoop|Apache Spark|Bash|C|Critical Thinking|Docker|Go|Reading Comprehension|Speaking,Executive Communication & Stakeholder Alignment (C-SOFT-02)
682,Sales,Sales Executive,8381,14,0.181,LOW,75.0,11,8,57.89,Adobe InDesign|Critical Thinking|Microsoft Excel|Microsoft Office software|Microsoft PowerPoint|Reading Comprehension|Salesforce software|Writing,Critical Thinking & Complex Decision Making (C-SOFT-01)
683,Research & Development,Research Scientist,2691,10,0.0606,LOW,81.25,11,11,50.0,Active Learning|Ansible software|Apache Hadoop|Apache Kafka|Critical Thinking|Docker|Git|GitHub|Go|Learning Strategies|Monitoring,Critical Thinking & Complex Decision Making (C-SOFT-01)
684,Sales,Sales Executive,4286,1,0.6113,MEDIUM,56.25,8,11,42.11,Active Learning|Active Listening|Adobe Acrobat|Adobe Photoshop|Apple macOS|Autodesk AutoCAD|Critical Thinking|Microsoft Excel|Microsoft Outlook|Reading Comprehension|Speaking,Executive Communication & Stakeholder Alignment (C-SOFT-02)
686,Research & Development,Laboratory Technician,2659,3,0.4627,MEDIUM,81.25,8,12,40.0,Active Learning|Billing software|Database software|Google Docs|Microsoft Excel|Microsoft Office software|Microsoft Outlook|Microsoft PowerPoint|Monitoring|SAP software|Science|Writing,Critical Thinking & Complex Decision Making (C-SOFT-01)
689,Research & Development,Manufacturing Director,9434,10,0.1156,LOW,75.0,10,10,50.0,Active Learning|Adobe Acrobat|Adobe Photoshop|Amazon Web Services AWS software|Apache Hadoop|Apple macOS|Atlassian JIRA|Autodesk AutoCAD|Critical Thinking|Microsoft Office software,Critical Thinking & Complex Decision Making (C-SOFT-01)
690,Sales,Sales Executive,5561,6,0.1432,LOW,56.25,8,11,42.11,Active Learning|Adobe Creative Cloud software|Adobe InDesign|Adobe Photoshop|Apple macOS|Autodesk AutoCAD|Critical Thinking|Microsoft Outlook|Microsoft PowerPoint|Monitoring|Reading Comprehension,Critical Thinking & Complex Decision Making (C-SOFT-01)
691,Research & Development,Research Scientist,6646,17,0.0869,LOW,56.25,13,9,59.09,Active Learning|Amazon Web Services AWS software|Bash|Critical Thinking|Learning Strategies|Monitoring|Reading Comprehension|Science|Writing,Critical Thinking & Complex Decision Making (C-SOFT-01)
692,Research & Development,Healthcare Representative,7725,13,0.0753,LOW,81.25,10,9,52.63,Apache Hadoop|Critical Thinking|Google Analytics|Linux|Microsoft Excel|Microsoft Outlook|Monitoring|Speaking|Writing,Critical Thinking & Complex Decision Making (C-SOFT-01)
698,Human Resources,Human Resources,10725,9,0.159,LOW,68.75,11,9,55.0,Adobe Acrobat|Adobe Creative Cloud software|Adobe Illustrator|Learning Strategies|Microsoft Excel|Microsoft Outlook|Reading Comprehension|Workday software|Writing,Critical Thinking & Complex Decision Making (C-SOFT-01)
699,Research & Development,Manufacturing Director,8847,3,0.2776,LOW,56.25,10,10,50.0,Adobe Acrobat|Apache Hadoop|Atlassian Confluence|Autodesk AutoCAD|Critical Thinking|Learning Strategies|Microsoft Excel|Microsoft Office software|Microsoft PowerPoint|Writing,Critical Thinking & Complex Decision Making (C-SOFT-01)
700,Research & Development,Research Scientist,2045,4,0.1577,LOW,68.75,10,12,45.45,Active Learning|Amazon Web Services AWS software|Ansible software|Apache Hadoop|Apache Spark|Bash|C|C++|GitHub|Learning Strategies|Reading Comprehension|Science,Critical Thinking & Complex Decision Making (C-SOFT-01)
701,Research & Development,Research Scientist,1009,1,0.7561,HIGH,87.5,9,13,40.91,Active Learning|Ansible software|Apache Spark|Bash|C|Critical Thinking|Git|GitHub|Go|Learning Strategies|Mathematics|Science|Writing,Critical Thinking & Complex Decision Making (C-SOFT-01)
702,Research & Development,Research Scientist,3348,10,0.5344,MEDIUM,37.5,11,11,50.0,Active Learning|Active Listening|Apache Kafka|Bash|Critical Thinking|Docker|Git|GitHub|Go|Learning Strategies|Writing,Executive Communication & Stakeholder Alignment (C-SOFT-02)
704,Research & Development,Laboratory Technician,1281,1,0.2304,LOW,68.75,8,12,40.0,Active Learning|Active Listening|Commercial plate reader software|Data entry software|Database software|Google Docs|Monitoring|Reading Comprehension|SAP software|Science|Speaking|Writing,Executive Communication & Stakeholder Alignment (C-SOFT-02)
705,Research & Development,Research Scientist,2819,3,0.222,LOW,43.75,10,12,45.45,Active Learning|Active Listening|Amazon Web Services AWS software|Bash|C|C++|Critical Thinking|Docker|Mathematics|Reading Comprehension|Science|Writing,Executive Communication & Stakeholder Alignment (C-SOFT-02)
707,Sales,Sales Executive,4851,3,0.1129,LOW,81.25,8,11,42.11,Active Listening|Adobe Acrobat|Apple macOS|Critical Thinking|Microsoft Excel|Microsoft Office software|Microsoft Outlook|Monitoring|Salesforce software|Speaking|Writing,Executive Communication & Stakeholder Alignment (C-SOFT-02)
709,Sales,Sales Executive,4028,7,0.1286,LOW,68.75,9,10,47.37,Active Listening|Adobe InDesign|Autodesk AutoCAD|Critical Thinking|Microsoft Excel|Microsoft Outlook|Monitoring|Reading Comprehension|Salesforce software|Writing,Executive Communication & Stakeholder Alignment (C-SOFT-02)
710,Research & Development,Research Scientist,2720,10,0.0918,LOW,68.75,11,11,50.0,Active Learning|Ansible software|Apache Kafka|Apache Spark|C++|Docker|Git|Go|Monitoring|Reading Comprehension|Speaking,Critical Thinking & Complex Decision Making (C-SOFT-01)
712,Sales,Sales Executive,8120,2,0.1927,LOW,75.0,10,9,52.63,Adobe Acrobat|Adobe Creative Cloud software|Adobe Photoshop|Apple macOS|Microsoft Excel|Microsoft Office software|Microsoft Outlook|Monitoring|Salesforce software,Critical Thinking & Complex Decision Making (C-SOFT-01)
714,Sales,Sales Executive,4647,6,0.1134,LOW,87.5,8,11,42.11,Active Learning|Adobe Acrobat|Adobe Creative Cloud software|Adobe Photoshop|Autodesk AutoCAD|Critical Thinking|Microsoft Excel|Microsoft PowerPoint|Monitoring|Reading Comprehension|Writing,Critical Thinking & Complex Decision Making (C-SOFT-01)
715,Research & Development,Research Scientist,4680,1,0.1499,LOW,81.25,9,13,40.91,Active Learning|Active Listening|Amazon Web Services AWS software|Ansible software|Bash|C|Git|Go|Learning Strategies|Mathematics|Reading Comprehension|Speaking|Writing,Executive Communication & Stakeholder Alignment (C-SOFT-02)
716,Research & Development,Laboratory Technician,3221,20,0.1033,LOW,87.5,12,8,60.0,Active Listening|Critical Thinking|Data entry software|Microsoft Office software|Microsoft PowerPoint|Microsoft Word|Science|Speaking,Executive Communication & Stakeholder Alignment (C-SOFT-02) + Critical Thinking & Complex Decision Making (C-SOFT-01)
717,Research & Development,Healthcare Representative,8621,8,0.1572,LOW,62.5,9,10,47.37,Active Learning|Amazon Web Services AWS software|Critical Thinking|Google Analytics|HubSpot software|IBM SPSS Statistics|Microsoft Office software|Microsoft Outlook|Monitoring|Reading Comprehension,Critical Thinking & Complex Decision Making (C-SOFT-01)
720,Sales,Sales Executive,4577,2,0.4202,MEDIUM,50.0,8,11,42.11,Adobe Creative Cloud software|Adobe Illustrator|Adobe InDesign|Autodesk AutoCAD|Critical Thinking|Microsoft Office software|Microsoft Outlook|Microsoft PowerPoint|Monitoring|Reading Comprehension|Writing,Critical Thinking & Complex Decision Making (C-SOFT-01)
721,Research & Development,Healthcare Representative,4553,20,0.0916,LOW,62.5,11,8,57.89,Apache Hadoop|Critical Thinking|IBM SPSS Statistics|Linux|Microsoft Excel|Microsoft Outlook|Monitoring|Salesforce software,Critical Thinking & Complex Decision Making (C-SOFT-01)
722,Sales,Sales Executive,5396,10,0.1319,LOW,93.75,9,10,47.37,Active Listening|Adobe Illustrator|Adobe InDesign|Adobe Photoshop|Autodesk AutoCAD|Microsoft Excel|Microsoft Outlook|Microsoft PowerPoint|Monitoring|Salesforce software,Executive Communication & Stakeholder Alignment (C-SOFT-02)
723,Sales,Sales Executive,6796,4,0.5997,MEDIUM,56.25,11,8,57.89,Active Learning|Adobe Acrobat|Adobe Illustrator|Adobe Photoshop|Microsoft PowerPoint|Monitoring|Salesforce software|Speaking,Critical Thinking & Complex Decision Making (C-SOFT-01)
724,Research & Development,Healthcare Representative,7625,9,0.0663,LOW,81.25,9,10,47.37,Active Listening|Apache Hadoop|Google Workspace software|HubSpot software|Intuit QuickBooks|Microsoft Outlook|Monitoring|Reading Comprehension|Salesforce software|Speaking,Executive Communication & Stakeholder Alignment (C-SOFT-02)
725,Research & Development,Manufacturing Director,7412,9,0.146,LOW,68.75,10,10,50.0,Active Listening|Adobe Acrobat|Adobe Creative Cloud software|Apple macOS|Atlassian Confluence|Atlassian JIRA|Microsoft Excel|Microsoft PowerPoint|Monitoring|Reading Comprehension,Executive Communication & Stakeholder Alignment (C-SOFT-02)
727,Research & Development,Research Director,11159,7,0.1011,LOW,87.5,11,11,50.0,Active Learning|Active Listening|Critical Thinking|ESRI ArcGIS software|IBM SPSS Statistics|Mathematics|Microsoft Excel|Microsoft Outlook|Microsoft PowerPoint|Microsoft SharePoint|Monitoring,Executive Communication & Stakeholder Alignment (C-SOFT-02) + Critical Thinking & Complex Decision Making (C-SOFT-01)
728,Sales,Sales Executive,4960,7,0.1403,LOW,75.0,11,8,57.89,Active Listening|Adobe InDesign|Adobe Photoshop|Autodesk AutoCAD|Microsoft Excel|Microsoft PowerPoint|Monitoring|Writing,Executive Communication & Stakeholder Alignment (C-SOFT-02)
729,Sales,Sales Executive,10475,18,0.1598,LOW,62.5,11,8,57.89,Adobe Creative Cloud software|Adobe InDesign|Adobe Photoshop|Microsoft Excel|Microsoft PowerPoint|Reading Comprehension|Salesforce software|Speaking,Critical Thinking & Complex Decision Making (C-SOFT-01)
730,Research & Development,Research Director,14814,5,0.0462,LOW,81.25,16,6,72.73,Adobe Acrobat|Adobe Photoshop|Learning Strategies|Microsoft PowerPoint|Microsoft SharePoint|Microsoft Visio,Critical Thinking & Complex Decision Making (C-SOFT-01)
731,Human Resources,Manager,19141,21,0.1325,LOW,62.5,13,7,65.0,Adobe Photoshop|Amazon Web Services AWS software|Autodesk AutoCAD|Learning Strategies|Microsoft Excel|Reading Comprehension|Speaking,Critical Thinking & Complex Decision Making (C-SOFT-01)
732,Sales,Sales Executive,5405,2,0.3041,LOW,56.25,9,10,47.37,Active Learning|Active Listening|Adobe Acrobat|Adobe Illustrator|Apple macOS|Autodesk AutoCAD|Critical Thinking|Microsoft Office software|Microsoft PowerPoint|Monitoring,Executive Communication & Stakeholder Alignment (C-SOFT-02)
733,Research & Development,Manufacturing Director,8793,9,0.1511,LOW,68.75,10,10,50.0,Active Listening|Adobe Creative Cloud software|Autodesk AutoCAD|Critical Thinking|Learning Strategies|Microsoft Excel|Microsoft Office software|Microsoft PowerPoint|Monitoring|Speaking,Executive Communication & Stakeholder Alignment (C-SOFT-02)
734,Human Resources,Manager,19189,22,0.0837,LOW,68.75,12,8,60.0,Active Learning|Active Listening|Adobe Creative Cloud software|Apple macOS|Atlassian Confluence|Critical Thinking|Microsoft PowerPoint|Writing,Executive Communication & Stakeholder Alignment (C-SOFT-02)
738,Sales,Sales Representative,3875,2,0.1966,LOW,81.25,8,11,42.11,Active Listening|Adobe InDesign|Adobe Photoshop|Apple macOS|Critical Thinking|Microsoft Excel|Microsoft Office software|Microsoft Outlook|Reading Comprehension|Salesforce software|Writing,Executive Communication & Stakeholder Alignment (C-SOFT-02)
741,Research & Development,Research Scientist,2216,7,0.7608,HIGH,50.0,11,11,50.0,Active Learning|Amazon Web Services AWS software|Apache Kafka|Bash|C|Docker|Go|Mathematics|Reading Comprehension|Science|Writing,Critical Thinking & Complex Decision Making (C-SOFT-01)
742,Research & Development,Research Director,11713,8,0.1395,LOW,43.75,11,11,50.0,Critical Thinking|ESRI ArcGIS software|Learning Strategies|Mathematics|Microsoft Excel|Microsoft Office software|Microsoft PowerPoint|Microsoft SharePoint|Reading Comprehension|Speaking|Writing,Critical Thinking & Complex Decision Making (C-SOFT-01)
743,Research & Development,Manufacturing Director,7861,1,0.1993,LOW,81.25,10,10,50.0,Active Listening|Amazon Web Services AWS software|Apache Hadoop|Atlassian Confluence|Atlassian JIRA|Critical Thinking|Learning Strategies|Microsoft Excel|Microsoft PowerPoint|Monitoring,Executive Communication & Stakeholder Alignment (C-SOFT-02)
744,Research & Development,Laboratory Technician,3708,5,0.3329,LOW,50.0,10,10,50.0,Billing software|Commercial plate reader software|Microsoft Outlook|Microsoft Word|Monitoring|Reading Comprehension|SAP software|Science|Speaking|Writing,Critical Thinking & Complex Decision Making (C-SOFT-01)
746,Sales,Sales Executive,13770,22,0.1738,LOW,87.5,13,6,68.42,Active Listening|Adobe Creative Cloud software|Adobe Photoshop|Critical Thinking|Microsoft Excel|Microsoft Outlook,Executive Communication & Stakeholder Alignment (C-SOFT-02)
747,Sales,Sales Executive,5304,8,0.1817,LOW,87.5,9,10,47.37,Active Learning|Adobe Illustrator|Apple macOS|Microsoft Excel|Microsoft Outlook|Microsoft PowerPoint|Reading Comprehension|Salesforce software|Speaking|Writing,Critical Thinking & Complex Decision Making (C-SOFT-01)
749,Sales,Sales Representative,2642,1,0.38,MEDIUM,75.0,7,12,36.84,Active Listening|Adobe Creative Cloud software|Adobe Illustrator|Adobe InDesign|Apple macOS|Critical Thinking|Microsoft Excel|Microsoft Office software|Microsoft Outlook|Microsoft PowerPoint|Salesforce software|Speaking,Executive Communication & Stakeholder Alignment (C-SOFT-02)
752,Research & Development,Research Scientist,2759,2,0.4187,MEDIUM,87.5,10,12,45.45,Active Learning|Amazon Web Services AWS software|Ansible software|Apache Hadoop|Apache Spark|C++|Critical Thinking|Docker|GitHub|Learning Strategies|Mathematics|Speaking,Critical Thinking & Complex Decision Making (C-SOFT-01)
754,Sales,Sales Executive,6804,2,0.1513,LOW,81.25,9,10,47.37,Active Learning|Active Listening|Adobe Photoshop|Critical Thinking|Microsoft Outlook|Microsoft PowerPoint|Reading Comprehension|Salesforce software|Speaking|Writing,Executive Communication & Stakeholder Alignment (C-SOFT-02)
757,Research & Development,Healthcare Representative,6142,5,0.1434,LOW,75.0,9,10,47.37,Active Learning|Active Listening|Amazon Web Services AWS software|Critical Thinking|Google Workspace software|Intuit QuickBooks|Microsoft Excel|Microsoft Office software|Microsoft Outlook|Speaking,Executive Communication & Stakeholder Alignment (C-SOFT-02)
758,Research & Development,Laboratory Technician,2500,4,0.193,LOW,62.5,9,11,45.0,Active Learning|Billing software|Commercial plate reader software|Google Docs|Microsoft Office software|Microsoft PowerPoint|Monitoring|Reading Comprehension|Science|Speaking|Writing,Critical Thinking & Complex Decision Making (C-SOFT-01)
760,Human Resources,Human Resources,6389,8,0.1786,LOW,75.0,10,10,50.0,Active Listening|Adobe Creative Cloud software|Learning Strategies|Microsoft Excel|Microsoft Office software|Monitoring|Oracle HRIS|Reading Comprehension|Speaking|Workday software,Executive Communication & Stakeholder Alignment (C-SOFT-02)
762,Research & Development,Healthcare Representative,11103,10,0.1006,LOW,81.25,14,5,73.68,Amazon Web Services AWS software|Apache Hadoop|Critical Thinking|Microsoft Excel|Monitoring,Critical Thinking & Complex Decision Making (C-SOFT-01)
763,Research & Development,Research Scientist,2342,4,0.2185,LOW,87.5,10,12,45.45,Amazon Web Services AWS software|Apache Hadoop|Apache Kafka|C++|Critical Thinking|Docker|Git|GitHub|Mathematics|Reading Comprehension|Science|Speaking,Critical Thinking & Complex Decision Making (C-SOFT-01)
764,Research & Development,Healthcare Representative,6811,7,0.1583,LOW,50.0,9,10,47.37,Active Learning|Active Listening|Amazon Web Services AWS software|Google Analytics|HubSpot software|Intuit QuickBooks|Linux|Microsoft Office software|Monitoring|Writing,Executive Communication & Stakeholder Alignment (C-SOFT-02)
766,Sales,Sales Representative,2297,2,0.2022,LOW,81.25,8,11,42.11,Active Learning|Active Listening|Adobe InDesign|Adobe Photoshop|Apple macOS|Autodesk AutoCAD|Microsoft Office software|Microsoft PowerPoint|Monitoring|Reading Comprehension|Writing,Executive Communication & Stakeholder Alignment (C-SOFT-02)
769,Research & Development,Laboratory Technician,2450,2,0.1197,LOW,93.75,12,8,60.0,Active Learning|Database software|Google Docs|MEDITECH software|Microsoft Office software|Microsoft Outlook|Monitoring|SAP software,Critical Thinking & Complex Decision Making (C-SOFT-01)
771,Research & Development,Healthcare Representative,5093,1,0.1964,LOW,56.25,11,8,57.89,Active Listening|Amazon Web Services AWS software|Google Analytics|Google Workspace software|Microsoft Excel|Microsoft Outlook|Salesforce software|Speaking,Executive Communication & Stakeholder Alignment (C-SOFT-02)
772,Research & Development,Laboratory Technician,5309,10,0.1526,LOW,75.0,10,10,50.0,Active Listening|Billing software|Commercial plate reader software|Google Docs|MEDITECH software|Microsoft Office software|Microsoft Outlook|Microsoft Word|SAP software|Speaking,Executive Communication & Stakeholder Alignment (C-SOFT-02)
773,Research & Development,Research Scientist,3057,1,0.4044,MEDIUM,75.0,10,12,45.45,Active Learning|Ansible software|Apache Hadoop|Apache Kafka|Apache Spark|C|C++|Critical Thinking|Go|Mathematics|Science|Writing,Critical Thinking & Complex Decision Making (C-SOFT-01)
775,Research & Development,Manufacturing Director,5121,0,0.2022,LOW,56.25,9,11,45.0,Active Learning|Active Listening|Adobe Creative Cloud software|Amazon Web Services AWS software|Apache Hadoop|Apple macOS|Atlassian Confluence|Monitoring|Reading Comprehension|Speaking|Writing,Executive Communication & Stakeholder Alignment (C-SOFT-02)
776,Sales,Manager,16856,34,0.0986,LOW,43.75,15,5,75.0,Active Learning|Active Listening|Adobe Photoshop|Critical Thinking|Speaking,Executive Communication & Stakeholder Alignment (C-SOFT-02)
780,Research & Development,Research Scientist,2686,10,0.3065,LOW,87.5,11,11,50.0,Active Learning|Bash|C|C++|Critical Thinking|Docker|Go|Learning Strategies|Mathematics|Reading Comprehension|Writing,Applied Machine Learning & Deep Learning (C-TECH-03)
781,Sales,Sales Executive,6180,6,0.1211,LOW,75.0,8,11,42.11,Active Listening|Adobe Creative Cloud software|Adobe InDesign|Apple macOS|Autodesk AutoCAD|Critical Thinking|Microsoft Outlook|Monitoring|Reading Comprehension|Salesforce software|Speaking,Executive Communication & Stakeholder Alignment (C-SOFT-02)
783,Sales,Sales Representative,6632,8,0.1955,LOW,43.75,9,10,47.37,Active Learning|Adobe Creative Cloud software|Adobe Illustrator|Adobe InDesign|Autodesk AutoCAD|Critical Thinking|Microsoft Excel|Microsoft PowerPoint|Salesforce software|Writing,Critical Thinking & Complex Decision Making (C-SOFT-01)
784,Research & Development,Research Scientist,3505,2,0.1801,LOW,75.0,9,13,40.91,Active Learning|Active Listening|Amazon Web Services AWS software|Apache Hadoop|Apache Kafka|Apache Spark|C|Docker|Git|Go|Science|Speaking|Writing,Executive Communication & Stakeholder Alignment (C-SOFT-02)
785,Sales,Sales Executive,6397,5,0.653,HIGH,81.25,9,10,47.37,Active Learning|Adobe Acrobat|Adobe Illustrator|Autodesk AutoCAD|Critical Thinking|Microsoft Outlook|Microsoft PowerPoint|Reading Comprehension|Speaking|Writing,Critical Thinking & Complex Decision Making (C-SOFT-01)
786,Sales,Sales Executive,6274,6,0.1026,LOW,87.5,8,11,42.11,Active Listening|Adobe Acrobat|Adobe Creative Cloud software|Adobe Illustrator|Adobe InDesign|Apple macOS|Autodesk AutoCAD|Microsoft Office software|Microsoft PowerPoint|Reading Comprehension|Speaking,Executive Communication & Stakeholder Alignment (C-SOFT-02)
787,Research & Development,Manager,19859,5,0.525,MEDIUM,75.0,13,7,65.0,Active Learning|Adobe Acrobat|Adobe Photoshop|Amazon Web Services AWS software|Monitoring|Speaking|Writing,Critical Thinking & Complex Decision Making (C-SOFT-01)
789,Sales,Sales Executive,7587,10,0.1569,LOW,37.5,9,10,47.37,Active Listening|Adobe Illustrator|Adobe InDesign|Adobe Photoshop|Apple macOS|Autodesk AutoCAD|Microsoft Excel|Microsoft Outlook|Microsoft PowerPoint|Monitoring,Executive Communication & Stakeholder Alignment (C-SOFT-02)
791,Research & Development,Research Scientist,4258,4,0.1072,LOW,75.0,10,12,45.45,Active Listening|Apache Hadoop|Apache Kafka|Apache Spark|C|C++|GitHub|Go|Learning Strategies|Mathematics|Reading Comprehension|Writing,Executive Communication & Stakeholder Alignment (C-SOFT-02)
792,Research & Development,Laboratory Technician,4364,2,0.2762,LOW,43.75,9,11,45.0,Active Listening|Billing software|Commercial plate reader software|Data entry software|Database software|Google Docs|Microsoft Excel|Microsoft PowerPoint|Reading Comprehension|SAP software|Writing,Executive Communication & Stakeholder Alignment (C-SOFT-02)
793,Research & Development,Healthcare Representative,4335,8,0.2329,LOW,56.25,9,10,47.37,Active Learning|Active Listening|Google Workspace software|IBM SPSS Statistics|Intuit QuickBooks|Linux|Microsoft Excel|Microsoft Office software|Reading Comprehension|Writing,Executive Communication & Stakeholder Alignment (C-SOFT-02)
796,Sales,Sales Executive,5326,4,0.5934,MEDIUM,62.5,8,11,42.11,Active Learning|Active Listening|Adobe Acrobat|Adobe Creative Cloud software|Adobe Illustrator|Adobe InDesign|Apple macOS|Critical Thinking|Monitoring|Reading Comprehension|Speaking,Executive Communication & Stakeholder Alignment (C-SOFT-02)
797,Research & Development,Research Scientist,3280,4,0.1019,LOW,81.25,11,11,50.0,Active Listening|Amazon Web Services AWS software|Ansible software|Apache Kafka|Apache Spark|C|Docker|GitHub|Go|Science|Writing,Executive Communication & Stakeholder Alignment (C-SOFT-02)
799,Research & Development,Manufacturing Director,5485,5,0.1935,LOW,62.5,10,10,50.0,Active Learning|Active Listening|Adobe Acrobat|Apple macOS|Critical Thinking|Microsoft Excel|Microsoft Office software|Reading Comprehension|Speaking|Writing,Executive Communication & Stakeholder Alignment (C-SOFT-02)
800,Sales,Sales Executive,4342,4,0.1618,LOW,75.0,8,11,42.11,Active Listening|Adobe Creative Cloud software|Adobe Illustrator|Apple macOS|Critical Thinking|Microsoft Excel|Microsoft Office software|Monitoring|Reading Comprehension|Salesforce software|Speaking,Executive Communication & Stakeholder Alignment (C-SOFT-02)
802,Research & Development,Research Scientist,2782,5,0.3392,LOW,62.5,10,12,45.45,Active Listening|Amazon Web Services AWS software|Ansible software|Apache Hadoop|Apache Spark|Critical Thinking|Docker|Git|Go|Mathematics|Reading Comprehension|Writing,Executive Communication & Stakeholder Alignment (C-SOFT-02)
803,Research & Development,Manufacturing Director,5980,15,0.2158,LOW,62.5,11,9,55.0,Active Learning|Adobe Creative Cloud software|Amazon Web Services AWS software|Apple macOS|Atlassian JIRA|Autodesk AutoCAD|Learning Strategies|Microsoft Excel|Speaking,Critical Thinking & Complex Decision Making (C-SOFT-01)
804,Research & Development,Research Scientist,4381,6,0.1727,LOW,56.25,10,12,45.45,Active Listening|Amazon Web Services AWS software|Ansible software|Apache Hadoop|Apache Kafka|Apache Spark|C|Git|GitHub|Mathematics|Monitoring|Reading Comprehension,Executive Communication & Stakeholder Alignment (C-SOFT-02)
805,Sales,Sales Representative,2572,3,0.1513,LOW,62.5,8,11,42.11,Adobe Creative Cloud software|Adobe Photoshop|Apple macOS|Microsoft Excel|Microsoft Office software|Microsoft PowerPoint|Monitoring|Reading Comprehension|Salesforce software|Speaking|Writing,Critical Thinking & Complex Decision Making (C-SOFT-01)
806,Research & Development,Laboratory Technician,3833,2,0.2055,LOW,68.75,9,11,45.0,Active Learning|Active Listening|Commercial plate reader software|Data entry software|Google Docs|MEDITECH software|Microsoft Outlook|Monitoring|SAP software|Science|Writing,Executive Communication & Stakeholder Alignment (C-SOFT-02)
807,Research & Development,Healthcare Representative,4244,8,0.1023,LOW,81.25,9,10,47.37,Active Learning|Amazon Web Services AWS software|Apache Hadoop|HubSpot software|IBM SPSS Statistics|Intuit QuickBooks|Microsoft Excel|Microsoft Office software|Monitoring|Speaking,Critical Thinking & Complex Decision Making (C-SOFT-01)
808,Sales,Sales Executive,6500,3,0.1905,LOW,56.25,8,11,42.11,Active Learning|Adobe Acrobat|Adobe Creative Cloud software|Adobe Photoshop|Microsoft Excel|Microsoft Office software|Microsoft Outlook|Microsoft PowerPoint|Monitoring|Salesforce software|Speaking,Critical Thinking & Complex Decision Making (C-SOFT-01)
809,Research & Development,Manager,18430,24,0.0919,LOW,68.75,13,7,65.0,Active Learning|Active Listening|Apache Hadoop|Apple macOS|Atlassian Confluence|Critical Thinking|Microsoft Excel,Executive Communication & Stakeholder Alignment (C-SOFT-02)
811,Research & Development,Laboratory Technician,1601,0,0.8414,HIGH,68.75,8,12,40.0,Active Learning|Billing software|Commercial plate reader software|Critical Thinking|Microsoft Excel|Microsoft PowerPoint|Monitoring|Reading Comprehension|SAP software|Science|Speaking|Writing,Critical Thinking & Complex Decision Making (C-SOFT-01)
812,Research & Development,Laboratory Technician,2694,1,0.3225,LOW,62.5,8,12,40.0,Active Learning|Commercial plate reader software|Critical Thinking|Data entry software|Microsoft Office software|Microsoft PowerPoint|Microsoft Word|Monitoring|Reading Comprehension|Science|Speaking|Writing,Critical Thinking & Complex Decision Making (C-SOFT-01)
813,Research & Development,Laboratory Technician,3149,5,0.1077,LOW,75.0,10,10,50.0,Active Learning|Active Listening|Commercial plate reader software|MEDITECH software|Microsoft Outlook|Microsoft PowerPoint|Microsoft Word|Reading Comprehension|SAP software|Writing,Executive Communication & Stakeholder Alignment (C-SOFT-02)
815,Research & Development,Research Director,17639,4,0.0757,LOW,81.25,16,6,72.73,Active Listening|IBM SPSS Statistics|Microsoft Project|Microsoft SharePoint|Reading Comprehension|Writing,Executive Communication & Stakeholder Alignment (C-SOFT-02)
816,Research & Development,Laboratory Technician,2319,1,0.8669,HIGH,56.25,8,12,40.0,Active Listening|Commercial plate reader software|Data entry software|Microsoft Excel|Microsoft Office software|Microsoft Outlook|Microsoft Word|Monitoring|Reading Comprehension|SAP software|Science|Speaking,Executive Communication & Stakeholder Alignment (C-SOFT-02)
817,Research & Development,Research Director,11691,13,0.0946,LOW,81.25,12,10,54.55,Adobe Acrobat|Adobe Photoshop|Critical Thinking|Learning Strategies|Microsoft Excel|Microsoft Office software|Microsoft Project|Microsoft Visio|Reading Comprehension|Science,Critical Thinking & Complex Decision Making (C-SOFT-01)
819,Sales,Sales Executive,5324,3,0.7227,HIGH,50.0,8,11,42.11,Active Learning|Adobe Creative Cloud software|Adobe InDesign|Adobe Photoshop|Critical Thinking|Microsoft Excel|Microsoft Office software|Microsoft Outlook|Microsoft PowerPoint|Monitoring|Speaking,Critical Thinking & Complex Decision Making (C-SOFT-01)
820,Research & Development,Manager,16752,26,0.0772,LOW,81.25,13,7,65.0,Adobe Acrobat|Adobe Creative Cloud software|Adobe Photoshop|Amazon Web Services AWS software|Autodesk AutoCAD|Microsoft Office software|Reading Comprehension,Critical Thinking & Complex Decision Making (C-SOFT-01)
823,Research & Development,Manufacturing Director,5228,9,0.0942,LOW,56.25,10,10,50.0,Active Learning|Active Listening|Adobe Acrobat|Apache Hadoop|Learning Strategies|Microsoft Excel|Microsoft Office software|Monitoring|Speaking|Writing,Executive Communication & Stakeholder Alignment (C-SOFT-02)
824,Research & Development,Research Scientist,2700,10,0.0932,LOW,81.25,11,11,50.0,Active Learning|Amazon Web Services AWS software|Apache Kafka|Bash|C|C++|Docker|GitHub|Learning Strategies|Monitoring|Writing,Critical Thinking & Complex Decision Making (C-SOFT-01)
825,Research & Development,Research Director,19246,31,0.6565,HIGH,81.25,18,4,81.82,Microsoft Access|Microsoft Excel|Monitoring|Science,Agile Project Leadership & Team Dynamics (C-SOFT-03)
826,Research & Development,Research Scientist,2506,2,0.1442,LOW,87.5,10,12,45.45,Active Listening|Ansible software|Apache Kafka|Bash|Critical Thinking|Docker|Git|GitHub|Go|Learning Strategies|Monitoring|Science,Executive Communication & Stakeholder Alignment (C-SOFT-02)
827,Research & Development,Manufacturing Director,6062,4,0.1355,LOW,87.5,9,11,45.0,Active Learning|Active Listening|Adobe Acrobat|Apache Hadoop|Apple macOS|Atlassian JIRA|Critical Thinking|Learning Strategies|Microsoft Office software|Microsoft PowerPoint|Speaking,Executive Communication & Stakeholder Alignment (C-SOFT-02)
828,Research & Development,Research Scientist,4382,2,0.5372,MEDIUM,81.25,10,12,45.45,Apache Hadoop|Apache Kafka|Bash|C++|Docker|Git|Go|Learning Strategies|Mathematics|Reading Comprehension|Science|Writing,Critical Thinking & Complex Decision Making (C-SOFT-01)
829,Human Resources,Human Resources,2143,5,0.1383,LOW,62.5,9,11,45.0,Active Listening|Adobe Acrobat|Adobe Creative Cloud software|Learning Strategies|Microsoft Excel|Microsoft Office software|Microsoft Outlook|Monitoring|Reading Comprehension|Workday software|Writing,Executive Communication & Stakeholder Alignment (C-SOFT-02)
830,Research & Development,Manufacturing Director,6162,14,0.068,LOW,68.75,11,9,55.0,Active Learning|Active Listening|Adobe Acrobat|Amazon Web Services AWS software|Apple macOS|Autodesk AutoCAD|Learning Strategies|Microsoft Excel|Writing,Executive Communication & Stakeholder Alignment (C-SOFT-02)
832,Research & Development,Laboratory Technician,5094,1,0.2343,LOW,62.5,10,10,50.0,Data entry software|Database software|Google Docs|Microsoft Excel|Microsoft Outlook|Microsoft PowerPoint|Monitoring|SAP software|Science|Speaking,Critical Thinking & Complex Decision Making (C-SOFT-01)
833,Research & Development,Manufacturing Director,6877,0,0.3662,MEDIUM,68.75,10,10,50.0,Adobe Acrobat|Adobe Creative Cloud software|Amazon Web Services AWS software|Atlassian Confluence|Atlassian JIRA|Critical Thinking|Learning Strategies|Reading Comprehension|Speaking|Writing,Critical Thinking & Complex Decision Making (C-SOFT-01)
834,Research & Development,Research Scientist,2274,1,0.2249,LOW,68.75,9,13,40.91,Active Learning|Amazon Web Services AWS software|Ansible software|Apache Hadoop|Bash|C++|Critical Thinking|Docker|Git|Mathematics|Monitoring|Science|Speaking,Critical Thinking & Complex Decision Making (C-SOFT-01)
836,Research & Development,Manufacturing Director,4434,9,0.1321,LOW,68.75,10,10,50.0,Active Learning|Adobe Acrobat|Amazon Web Services AWS software|Apache Hadoop|Apple macOS|Autodesk AutoCAD|Critical Thinking|Monitoring|Reading Comprehension|Speaking,Critical Thinking & Complex Decision Making (C-SOFT-01)
837,Research & Development,Healthcare Representative,6288,4,0.2107,LOW,43.75,10,9,52.63,Apache Hadoop|Google Analytics|HubSpot software|IBM SPSS Statistics|Microsoft Excel|Microsoft Office software|Microsoft Outlook|Monitoring|Salesforce software,Critical Thinking & Complex Decision Making (C-SOFT-01)
838,Research & Development,Research Scientist,2553,5,0.1625,LOW,75.0,10,12,45.45,Active Learning|Amazon Web Services AWS software|Ansible software|Apache Kafka|Apache Spark|Bash|C|C++|Docker|GitHub|Go|Science,Critical Thinking & Complex Decision Making (C-SOFT-01)
840,Sales,Sales Executive,7654,9,0.4795,MEDIUM,68.75,9,10,47.37,Active Learning|Active Listening|Adobe Creative Cloud software|Adobe Illustrator|Adobe Photoshop|Apple macOS|Autodesk AutoCAD|Microsoft Excel|Speaking|Writing,Executive Communication & Stakeholder Alignment (C-SOFT-02)
842,Sales,Sales Executive,5160,9,0.4529,MEDIUM,81.25,10,9,52.63,Active Listening|Adobe Acrobat|Adobe Illustrator|Adobe Photoshop|Apple macOS|Autodesk AutoCAD|Microsoft Excel|Microsoft Office software|Speaking,Executive Communication & Stakeholder Alignment (C-SOFT-02)
843,Research & Development,Research Director,17159,4,0.0641,LOW,56.25,14,8,63.64,Active Learning|Critical Thinking|ESRI ArcGIS software|Microsoft Access|Microsoft PowerPoint|Reading Comprehension|Science|Speaking,Critical Thinking & Complex Decision Making (C-SOFT-01)
844,Research & Development,Research Director,12808,9,0.105,LOW,68.75,11,11,50.0,Active Listening|Adobe Photoshop|ESRI ArcGIS software|Learning Strategies|Mathematics|Microsoft Office software|Microsoft PowerPoint|Microsoft Project|Microsoft Visio|Reading Comprehension|Science,Executive Communication & Stakeholder Alignment (C-SOFT-02)
845,Research & Development,Manufacturing Director,10221,8,0.0775,LOW,68.75,11,9,55.0,Adobe Acrobat|Adobe Photoshop|Atlassian Confluence|Critical Thinking|Microsoft PowerPoint|Monitoring|Reading Comprehension|Speaking|Writing,Critical Thinking & Complex Decision Making (C-SOFT-01)
846,Sales,Sales Executive,4779,8,0.4392,MEDIUM,50.0,9,10,47.37,Active Listening|Adobe Acrobat|Apple macOS|Autodesk AutoCAD|Critical Thinking|Microsoft Excel|Microsoft Outlook|Reading Comprehension|Salesforce software|Speaking,Executive Communication & Stakeholder Alignment (C-SOFT-02)
847,Human Resources,Human Resources,3737,3,0.1153,LOW,81.25,8,12,40.0,Adobe Acrobat|Adobe Illustrator|Adobe InDesign|Applicant tracking software|Critical Thinking|Learning Strategies|Microsoft Excel|Microsoft Outlook|Microsoft PowerPoint|Oracle HRIS|Reading Comprehension|Workday software,Critical Thinking & Complex Decision Making (C-SOFT-01)
848,Research & Development,Research Scientist,2366,8,0.7229,HIGH,56.25,10,12,45.45,Active Learning|Amazon Web Services AWS software|Ansible software|Apache Hadoop|Apache Spark|C++|Critical Thinking|Docker|Git|Mathematics|Speaking|Writing,Critical Thinking & Complex Decision Making (C-SOFT-01)
850,Research & Development,Research Scientist,1706,0,0.1365,LOW,87.5,8,14,36.36,Active Listening|Ansible software|Apache Hadoop|Bash|C++|Docker|Git|GitHub|Learning Strategies|Mathematics|Reading Comprehension|Science|Speaking|Writing,Executive Communication & Stakeholder Alignment (C-SOFT-02)
851,Sales,Manager,16307,20,0.0968,LOW,62.5,14,6,70.0,Active Learning|Atlassian Confluence|Atlassian JIRA|Critical Thinking|Reading Comprehension|Speaking,Critical Thinking & Complex Decision Making (C-SOFT-01)
852,Research & Development,Healthcare Representative,5933,5,0.1327,LOW,81.25,9,10,47.37,Active Listening|Apache Hadoop|Critical Thinking|Google Analytics|Intuit QuickBooks|Linux|Microsoft Excel|Monitoring|Salesforce software|Writing,Executive Communication & Stakeholder Alignment (C-SOFT-02) + Critical Thinking & Complex Decision Making (C-SOFT-01)
854,Research & Development,Research Scientist,3424,4,0.3294,LOW,56.25,10,12,45.45,Active Learning|Active Listening|Ansible software|Apache Kafka|Bash|C++|GitHub|Go|Learning Strategies|Monitoring|Reading Comprehension|Writing,Executive Communication & Stakeholder Alignment (C-SOFT-02)
855,Sales,Sales Executive,4037,9,0.1605,LOW,43.75,9,10,47.37,Adobe Creative Cloud software|Adobe Illustrator|Adobe Photoshop|Microsoft Excel|Microsoft Outlook|Microsoft PowerPoint|Reading Comprehension|Salesforce software|Speaking|Writing,Critical Thinking & Complex Decision Making (C-SOFT-01)
856,Research & Development,Research Scientist,2559,6,0.1567,LOW,62.5,10,12,45.45,Active Listening|Ansible software|Apache Hadoop|Apache Spark|C|Critical Thinking|Docker|GitHub|Go|Monitoring|Science|Speaking,Executive Communication & Stakeholder Alignment (C-SOFT-02)
857,Sales,Sales Executive,6201,18,0.1908,LOW,81.25,11,8,57.89,Active Learning|Adobe Illustrator|Adobe InDesign|Apple macOS|Microsoft Outlook|Reading Comprehension|Salesforce software|Speaking,Critical Thinking & Complex Decision Making (C-SOFT-01)
859,Sales,Sales Executive,4403,5,0.1729,LOW,75.0,9,10,47.37,Active Learning|Active Listening|Adobe Illustrator|Adobe Photoshop|Apple macOS|Autodesk AutoCAD|Microsoft Office software|Reading Comprehension|Salesforce software|Writing,Executive Communication & Stakeholder Alignment (C-SOFT-02)
861,Research & Development,Research Scientist,3761,5,0.1295,LOW,62.5,11,11,50.0,Active Learning|Amazon Web Services AWS software|Ansible software|Apache Hadoop|C|C++|Docker|Git|Learning Strategies|Mathematics|Reading Comprehension,Critical Thinking & Complex Decision Making (C-SOFT-01)
862,Sales,Sales Executive,10934,5,0.2393,LOW,68.75,15,4,78.95,Active Learning|Autodesk AutoCAD|Critical Thinking|Writing,Critical Thinking & Complex Decision Making (C-SOFT-01)
864,Sales,Sales Executive,10761,5,0.2299,LOW,68.75,11,8,57.89,Active Listening|Adobe Creative Cloud software|Adobe InDesign|Apple macOS|Autodesk AutoCAD|Microsoft Outlook|Microsoft PowerPoint|Speaking,Executive Communication & Stakeholder Alignment (C-SOFT-02)
865,Research & Development,Research Scientist,5175,5,0.1323,LOW,81.25,11,11,50.0,Active Learning|Amazon Web Services AWS software|Apache Spark|C|C++|Critical Thinking|Git|GitHub|Go|Learning Strategies|Reading Comprehension,Critical Thinking & Complex Decision Making (C-SOFT-01)
867,Research & Development,Manufacturing Director,13826,9,0.0879,LOW,75.0,14,6,70.0,Active Learning|Adobe Photoshop|Amazon Web Services AWS software|Apache Hadoop|Speaking|Writing,Critical Thinking & Complex Decision Making (C-SOFT-01)
868,Sales,Sales Executive,6334,1,0.1956,LOW,81.25,9,10,47.37,Active Learning|Adobe Acrobat|Adobe Creative Cloud software|Adobe InDesign|Autodesk AutoCAD|Critical Thinking|Monitoring|Reading Comprehension|Salesforce software|Speaking,Critical Thinking & Complex Decision Making (C-SOFT-01)
869,Human Resources,Human Resources,4936,5,0.1265,LOW,75.0,9,11,45.0,Active Listening|Adobe Acrobat|Adobe Creative Cloud software|Applicant tracking software|Learning Strategies|Microsoft Office software|Microsoft Outlook|Microsoft PowerPoint|Monitoring|Reading Comprehension|Writing,Executive Communication & Stakeholder Alignment (C-SOFT-02)
872,Research & Development,Manufacturing Director,4775,2,0.1354,LOW,68.75,8,12,40.0,Adobe Acrobat|Adobe Creative Cloud software|Adobe Photoshop|Amazon Web Services AWS software|Apple macOS|Atlassian JIRA|Critical Thinking|Learning Strategies|Microsoft Excel|Monitoring|Reading Comprehension|Speaking,Critical Thinking & Complex Decision Making (C-SOFT-01)
874,Research & Development,Laboratory Technician,2818,3,0.3288,LOW,75.0,10,10,50.0,Active Listening|Commercial plate reader software|Database software|Google Docs|MEDITECH software|Microsoft PowerPoint|Microsoft Word|Reading Comprehension|SAP software|Science,Executive Communication & Stakeholder Alignment (C-SOFT-02)
875,Research & Development,Research Scientist,2515,2,0.2536,LOW,81.25,10,12,45.45,Active Learning|Amazon Web Services AWS software|Ansible software|Bash|C++|Critical Thinking|Docker|GitHub|Learning Strategies|Reading Comprehension|Science|Speaking,Critical Thinking & Complex Decision Making (C-SOFT-01)
878,Human Resources,Human Resources,2342,5,0.2194,LOW,43.75,9,11,45.0,Active Learning|Active Listening|Adobe Creative Cloud software|Adobe Illustrator|Learning Strategies|Microsoft Excel|Microsoft PowerPoint|Monitoring|Oracle HRIS|Speaking|Workday software,Executive Communication & Stakeholder Alignment (C-SOFT-02)
879,Sales,Sales Executive,4194,5,0.2649,LOW,68.75,8,11,42.11,Active Learning|Active Listening|Adobe Creative Cloud software|Adobe Illustrator|Adobe Photoshop|Apple macOS|Critical Thinking|Microsoft Excel|Microsoft Office software|Microsoft PowerPoint|Monitoring,Executive Communication & Stakeholder Alignment (C-SOFT-02)
880,Research & Development,Manufacturing Director,10685,17,0.0979,LOW,68.75,11,9,55.0,Adobe Creative Cloud software|Adobe Photoshop|Atlassian Confluence|Microsoft Excel|Microsoft Office software|Microsoft PowerPoint|Monitoring|Reading Comprehension|Writing,Critical Thinking & Complex Decision Making (C-SOFT-01)
881,Research & Development,Research Scientist,2022,10,0.7799,HIGH,62.5,11,11,50.0,Active Learning|Amazon Web Services AWS software|C|Critical Thinking|GitHub|Go|Learning Strategies|Monitoring|Science|Speaking|Writing,Applied Machine Learning & Deep Learning (C-TECH-03)
882,Research & Development,Laboratory Technician,2314,3,0.1125,LOW,81.25,8,12,40.0,Active Learning|Active Listening|Billing software|Critical Thinking|MEDITECH software|Microsoft Excel|Microsoft Office software|Microsoft PowerPoint|Monitoring|Reading Comprehension|SAP software|Speaking,Executive Communication & Stakeholder Alignment (C-SOFT-02)
885,Sales,Sales Executive,4256,5,0.225,LOW,43.75,8,11,42.11,Active Learning|Active Listening|Adobe Acrobat|Adobe Illustrator|Adobe Photoshop|Apple macOS|Microsoft Excel|Microsoft Office software|Microsoft Outlook|Microsoft PowerPoint|Salesforce software,Executive Communication & Stakeholder Alignment (C-SOFT-02)
887,Research & Development,Research Scientist,3580,4,0.1262,LOW,56.25,10,12,45.45,Active Learning|Active Listening|Amazon Web Services AWS software|Apache Hadoop|Apache Kafka|Bash|C++|Docker|Go|Learning Strategies|Science|Speaking,Executive Communication & Stakeholder Alignment (C-SOFT-02)
888,Research & Development,Laboratory Technician,3162,5,0.1132,LOW,68.75,9,11,45.0,Active Learning|Active Listening|Critical Thinking|Data entry software|Google Docs|MEDITECH software|Microsoft Outlook|Microsoft PowerPoint|Microsoft Word|Reading Comprehension|Science,Executive Communication & Stakeholder Alignment (C-SOFT-02) + Critical Thinking & Complex Decision Making (C-SOFT-01)
889,Sales,Sales Executive,6524,10,0.1415,LOW,68.75,9,10,47.37,Active Learning|Active Listening|Adobe InDesign|Adobe Photoshop|Apple macOS|Autodesk AutoCAD|Microsoft Outlook|Microsoft PowerPoint|Reading Comprehension|Speaking,Executive Communication & Stakeholder Alignment (C-SOFT-02)
893,Sales,Sales Representative,2899,2,0.2293,LOW,62.5,8,11,42.11,Active Learning|Adobe Creative Cloud software|Adobe InDesign|Adobe Photoshop|Apple macOS|Autodesk AutoCAD|Microsoft Outlook|Monitoring|Reading Comprehension|Salesforce software|Speaking,Critical Thinking & Complex Decision Making (C-SOFT-01)
894,Research & Development,Laboratory Technician,5231,5,0.0793,LOW,81.25,11,9,55.0,Commercial plate reader software|Data entry software|Database software|Google Docs|Microsoft Excel|Microsoft Outlook|Microsoft Word|Reading Comprehension|Writing,Critical Thinking & Complex Decision Making (C-SOFT-01)
895,Research & Development,Research Scientist,2356,6,0.3183,LOW,81.25,10,12,45.45,Active Listening|Amazon Web Services AWS software|Ansible software|Apache Hadoop|Apache Spark|C|Critical Thinking|Learning Strategies|Monitoring|Reading Comprehension|Science|Speaking,Executive Communication & Stakeholder Alignment (C-SOFT-02)
896,Sales,Sales Representative,2800,3,0.5879,MEDIUM,62.5,8,11,42.11,Active Listening|Adobe Creative Cloud software|Critical Thinking|Microsoft Excel|Microsoft Office software|Microsoft Outlook|Microsoft PowerPoint|Monitoring|Reading Comprehension|Speaking|Writing,Executive Communication & Stakeholder Alignment (C-SOFT-02) + Critical Thinking & Complex Decision Making (C-SOFT-01)
897,Sales,Sales Executive,11836,2,0.123,LOW,68.75,13,6,68.42,Adobe Acrobat|Adobe InDesign|Autodesk AutoCAD|Microsoft Office software|Microsoft Outlook|Writing,Critical Thinking & Complex Decision Making (C-SOFT-01)
899,Research & Development,Manufacturing Director,10903,13,0.1268,LOW,56.25,11,9,55.0,Active Listening|Amazon Web Services AWS software|Critical Thinking|Learning Strategies|Microsoft Excel|Microsoft PowerPoint|Monitoring|Speaking|Writing,Executive Communication & Stakeholder Alignment (C-SOFT-02) + Critical Thinking & Complex Decision Making (C-SOFT-01)
900,Sales,Sales Representative,2973,5,0.2,LOW,75.0,9,10,47.37,Active Learning|Active Listening|Adobe InDesign|Adobe Photoshop|Autodesk AutoCAD|Critical Thinking|Microsoft PowerPoint|Salesforce software|Speaking|Writing,Executive Communication & Stakeholder Alignment (C-SOFT-02)
901,Research & Development,Research Director,14275,12,0.0879,LOW,87.5,16,6,72.73,Active Listening|ESRI ArcGIS software|Microsoft Excel|Microsoft Office software|Microsoft SharePoint|Monitoring,Executive Communication & Stakeholder Alignment (C-SOFT-02)
902,Research & Development,Healthcare Representative,5562,5,0.0913,LOW,81.25,10,9,52.63,Active Listening|Apache Hadoop|Critical Thinking|Google Workspace software|HubSpot software|Intuit QuickBooks|Microsoft Excel|Speaking|Writing,Executive Communication & Stakeholder Alignment (C-SOFT-02) + Critical Thinking & Complex Decision Making (C-SOFT-01)
903,Sales,Sales Executive,4537,7,0.1744,LOW,68.75,9,10,47.37,Active Learning|Active Listening|Adobe Illustrator|Adobe Photoshop|Apple macOS|Autodesk AutoCAD|Critical Thinking|Microsoft Office software|Reading Comprehension|Salesforce software,Executive Communication & Stakeholder Alignment (C-SOFT-02)
904,Sales,Sales Executive,7642,10,0.2434,LOW,62.5,9,10,47.37,Adobe Acrobat|Adobe Illustrator|Adobe Photoshop|Apple macOS|Critical Thinking|Microsoft Excel|Monitoring|Reading Comprehension|Salesforce software|Speaking,Critical Thinking & Complex Decision Making (C-SOFT-01)
905,Research & Development,Manager,17924,31,0.1081,LOW,56.25,14,6,70.0,Adobe Photoshop|Amazon Web Services AWS software|Apache Hadoop|Atlassian JIRA|Autodesk AutoCAD|Microsoft Office software,Critical Thinking & Complex Decision Making (C-SOFT-01)
909,Human Resources,Human Resources,5204,5,0.1196,LOW,81.25,10,10,50.0,Active Listening|Adobe Creative Cloud software|Adobe Illustrator|Applicant tracking software|Critical Thinking|Microsoft Outlook|Microsoft PowerPoint|Monitoring|Workday software|Writing,Executive Communication & Stakeholder Alignment (C-SOFT-02)
910,Human Resources,Human Resources,2277,4,0.5589,MEDIUM,75.0,9,11,45.0,Active Learning|Adobe Acrobat|Adobe Creative Cloud software|Adobe Illustrator|Adobe Photoshop|Critical Thinking|Microsoft Excel|Microsoft Office software|Microsoft Outlook|Monitoring|Workday software,Critical Thinking & Complex Decision Making (C-SOFT-01)
911,Research & Development,Laboratory Technician,2795,1,0.8507,HIGH,68.75,8,12,40.0,Active Learning|Billing software|Commercial plate reader software|Critical Thinking|Data entry software|Google Docs|MEDITECH software|Microsoft Office software|Microsoft Word|SAP software|Science|Writing,Critical Thinking & Complex Decision Making (C-SOFT-01)
912,Research & Development,Laboratory Technician,2532,4,0.2042,LOW,62.5,9,11,45.0,Active Learning|Billing software|Commercial plate reader software|Google Docs|Microsoft Excel|Microsoft Outlook|Microsoft Word|Monitoring|Reading Comprehension|Speaking|Writing,Critical Thinking & Complex Decision Making (C-SOFT-01)
913,Research & Development,Research Scientist,2559,8,0.3947,MEDIUM,62.5,10,12,45.45,Active Learning|Active Listening|Amazon Web Services AWS software|Ansible software|C|C++|Critical Thinking|Git|GitHub|Monitoring|Speaking|Writing,Executive Communication & Stakeholder Alignment (C-SOFT-02)
916,Sales,Sales Executive,4908,4,0.153,LOW,62.5,8,11,42.11,Active Learning|Active Listening|Adobe Acrobat|Adobe Illustrator|Apple macOS|Autodesk AutoCAD|Critical Thinking|Microsoft Office software|Salesforce software|Speaking|Writing,Executive Communication & Stakeholder Alignment (C-SOFT-02)
918,Research & Development,Laboratory Technician,2380,1,0.7473,HIGH,87.5,8,12,40.0,Active Learning|Billing software|Data entry software|Google Docs|MEDITECH software|Microsoft Excel|Monitoring|Reading Comprehension|SAP software|Science|Speaking|Writing,Critical Thinking & Complex Decision Making (C-SOFT-01)
920,Research & Development,Manufacturing Director,4765,1,0.1519,LOW,56.25,8,12,40.0,Active Listening|Adobe Acrobat|Adobe Creative Cloud software|Adobe Photoshop|Apache Hadoop|Apple macOS|Atlassian Confluence|Autodesk AutoCAD|Microsoft Office software|Monitoring|Reading Comprehension|Writing,Executive Communication & Stakeholder Alignment (C-SOFT-02)
922,Sales,Sales Representative,2044,2,0.6545,HIGH,75.0,8,11,42.11,Active Learning|Active Listening|Adobe Acrobat|Adobe Illustrator|Adobe InDesign|Autodesk AutoCAD|Critical Thinking|Microsoft Outlook|Microsoft PowerPoint|Monitoring|Reading Comprehension,Executive Communication & Stakeholder Alignment (C-SOFT-02)
923,Research & Development,Research Scientist,2693,1,0.3856,MEDIUM,75.0,9,13,40.91,Active Listening|Ansible software|Apache Kafka|C|Critical Thinking|Docker|Git|GitHub|Go|Mathematics|Reading Comprehension|Science|Writing,Executive Communication & Stakeholder Alignment (C-SOFT-02)
924,Research & Development,Healthcare Representative,6586,16,0.0776,LOW,68.75,11,8,57.89,Amazon Web Services AWS software|Apache Hadoop|Google Analytics|Google Workspace software|Linux|Microsoft Office software|Speaking|Writing,Critical Thinking & Complex Decision Making (C-SOFT-01)
925,Sales,Sales Representative,3294,3,0.3456,LOW,68.75,8,11,42.11,Active Learning|Adobe Acrobat|Apple macOS|Autodesk AutoCAD|Critical Thinking|Microsoft Excel|Microsoft Outlook|Microsoft PowerPoint|Reading Comprehension|Salesforce software|Writing,Critical Thinking & Complex Decision Making (C-SOFT-01)
926,Research & Development,Manufacturing Director,4171,3,0.685,HIGH,56.25,8,12,40.0,Active Learning|Adobe Acrobat|Adobe Creative Cloud software|Apache Hadoop|Apple macOS|Atlassian Confluence|Autodesk AutoCAD|Microsoft Excel|Microsoft PowerPoint|Monitoring|Reading Comprehension|Writing,Critical Thinking & Complex Decision Making (C-SOFT-01)
927,Research & Development,Laboratory Technician,2778,7,0.6758,HIGH,62.5,10,10,50.0,Active Listening|Billing software|Critical Thinking|Database software|MEDITECH software|Microsoft PowerPoint|Microsoft Word|Monitoring|SAP software|Science,Executive Communication & Stakeholder Alignment (C-SOFT-02) + Critical Thinking & Complex Decision Making (C-SOFT-01)
930,Research & Development,Research Scientist,2377,2,0.2253,LOW,68.75,10,12,45.45,Active Learning|Active Listening|Amazon Web Services AWS software|Ansible software|Apache Spark|Bash|C|Docker|GitHub|Mathematics|Reading Comprehension|Writing,Executive Communication & Stakeholder Alignment (C-SOFT-02)
932,Research & Development,Laboratory Technician,2404,2,0.7298,HIGH,75.0,9,11,45.0,Active Listening|Commercial plate reader software|Critical Thinking|Data entry software|Database software|Microsoft Excel|Microsoft Office software|Microsoft PowerPoint|Microsoft Word|Monitoring|Writing,Executive Communication & Stakeholder Alignment (C-SOFT-02) + Critical Thinking & Complex Decision Making (C-SOFT-01)
933,Research & Development,Research Scientist,2318,1,0.439,MEDIUM,68.75,9,13,40.91,Active Learning|Ansible software|Apache Hadoop|Apache Kafka|Apache Spark|C|Critical Thinking|Git|Go|Learning Strategies|Reading Comprehension|Science|Speaking,Critical Thinking & Complex Decision Making (C-SOFT-01)
934,Research & Development,Laboratory Technician,2008,1,0.5115,MEDIUM,56.25,8,12,40.0,Billing software|Commercial plate reader software|Data entry software|Database software|MEDITECH software|Microsoft Excel|Microsoft PowerPoint|Monitoring|Reading Comprehension|Science|Speaking|Writing,Critical Thinking & Complex Decision Making (C-SOFT-01)
936,Sales,Sales Executive,6244,5,0.3159,LOW,56.25,9,10,47.37,Active Learning|Active Listening|Adobe Illustrator|Adobe Photoshop|Apple macOS|Microsoft Excel|Microsoft Outlook|Microsoft PowerPoint|Reading Comprehension|Salesforce software,Executive Communication & Stakeholder Alignment (C-SOFT-02)
939,Research & Development,Research Scientist,2799,3,0.4428,MEDIUM,50.0,10,12,45.45,Amazon Web Services AWS software|Apache Kafka|Apache Spark|C|C++|Critical Thinking|Git|GitHub|Learning Strategies|Monitoring|Reading Comprehension|Writing,Critical Thinking & Complex Decision Making (C-SOFT-01)
940,Research & Development,Healthcare Representative,10552,6,0.0657,LOW,68.75,12,7,63.16,Active Learning|Google Workspace software|HubSpot software|Intuit QuickBooks|Linux|Monitoring|Reading Comprehension,Critical Thinking & Complex Decision Making (C-SOFT-01)
941,Sales,Sales Representative,2329,7,0.2484,LOW,56.25,10,9,52.63,Active Learning|Adobe Illustrator|Critical Thinking|Microsoft Excel|Microsoft PowerPoint|Monitoring|Salesforce software|Speaking|Writing,Critical Thinking & Complex Decision Making (C-SOFT-01)
942,Research & Development,Healthcare Representative,4014,10,0.1304,LOW,93.75,9,10,47.37,Active Listening|Amazon Web Services AWS software|Apache Hadoop|Google Workspace software|IBM SPSS Statistics|Intuit QuickBooks|Linux|Microsoft Excel|Monitoring|Salesforce software,Executive Communication & Stakeholder Alignment (C-SOFT-02)
944,Research & Development,Laboratory Technician,7403,26,0.1115,LOW,56.25,14,6,70.0,Active Listening|Billing software|Microsoft Excel|Microsoft Word|Reading Comprehension|Science,Executive Communication & Stakeholder Alignment (C-SOFT-02)
945,Research & Development,Research Scientist,2259,0,0.1109,LOW,68.75,12,10,54.55,Active Learning|Ansible software|Apache Hadoop|Apache Spark|Bash|Critical Thinking|Mathematics|Monitoring|Science|Writing,Critical Thinking & Complex Decision Making (C-SOFT-01)
947,Sales,Sales Executive,6932,9,0.1407,LOW,87.5,9,10,47.37,Active Learning|Adobe Acrobat|Adobe Creative Cloud software|Adobe Illustrator|Adobe InDesign|Adobe Photoshop|Apple macOS|Autodesk AutoCAD|Microsoft Excel|Speaking,Critical Thinking & Complex Decision Making (C-SOFT-01)
949,Research & Development,Research Scientist,4678,6,0.0942,LOW,75.0,10,12,45.45,Active Listening|Amazon Web Services AWS software|Ansible software|Apache Kafka|Bash|C|C++|Critical Thinking|GitHub|Reading Comprehension|Speaking|Writing,Executive Communication & Stakeholder Alignment (C-SOFT-02)
950,Research & Development,Research Director,13582,15,0.0742,LOW,62.5,12,10,54.55,Active Learning|Adobe Photoshop|ESRI ArcGIS software|IBM SPSS Statistics|Learning Strategies|Microsoft Access|Microsoft Outlook|Microsoft PowerPoint|Microsoft Project|Writing,Critical Thinking & Complex Decision Making (C-SOFT-01)
951,Research & Development,Laboratory Technician,2332,3,0.1994,LOW,62.5,9,11,45.0,Billing software|Data entry software|Database software|MEDITECH software|Microsoft Excel|Microsoft Office software|Microsoft PowerPoint|Microsoft Word|Reading Comprehension|SAP software|Speaking,Critical Thinking & Complex Decision Making (C-SOFT-01)
952,Sales,Sales Representative,2413,1,0.9206,HIGH,62.5,7,12,36.84,Active Learning|Active Listening|Adobe Creative Cloud software|Adobe Illustrator|Adobe InDesign|Adobe Photoshop|Autodesk AutoCAD|Microsoft Excel|Microsoft Outlook|Microsoft PowerPoint|Monitoring|Speaking,Executive Communication & Stakeholder Alignment (C-SOFT-02)
954,Sales,Sales Executive,9705,1,0.3814,MEDIUM,43.75,9,10,47.37,Adobe Acrobat|Adobe Creative Cloud software|Apple macOS|Autodesk AutoCAD|Critical Thinking|Microsoft Outlook|Microsoft PowerPoint|Monitoring|Salesforce software|Writing,Critical Thinking & Complex Decision Making (C-SOFT-01)
956,Sales,Sales Executive,4294,7,0.1671,LOW,50.0,9,10,47.37,Active Listening|Adobe Acrobat|Adobe Illustrator|Adobe Photoshop|Critical Thinking|Microsoft Excel|Microsoft Outlook|Monitoring|Reading Comprehension|Writing,Executive Communication & Stakeholder Alignment (C-SOFT-02)
957,Research & Development,Laboratory Technician,4721,18,0.1866,LOW,68.75,12,8,60.0,Active Learning|MEDITECH software|Microsoft Excel|Microsoft Office software|Microsoft Word|Monitoring|Reading Comprehension|Science,Critical Thinking & Complex Decision Making (C-SOFT-01)
958,Research & Development,Laboratory Technician,2519,11,0.1366,LOW,75.0,11,9,55.0,Active Listening|Billing software|Commercial plate reader software|Critical Thinking|Google Docs|Microsoft Office software|Microsoft Word|Reading Comprehension|Science,Executive Communication & Stakeholder Alignment (C-SOFT-02)
959,Sales,Sales Representative,2121,1,0.8691,HIGH,62.5,7,12,36.84,Active Learning|Adobe Creative Cloud software|Adobe Illustrator|Autodesk AutoCAD|Critical Thinking|Microsoft Excel|Microsoft Office software|Microsoft Outlook|Microsoft PowerPoint|Reading Comprehension|Salesforce software|Speaking,Critical Thinking & Complex Decision Making (C-SOFT-01)
960,Research & Development,Laboratory Technician,2973,1,0.8033,HIGH,43.75,8,12,40.0,Active Learning|Active Listening|Critical Thinking|Data entry software|Google Docs|MEDITECH software|Microsoft Excel|Microsoft Office software|Microsoft Outlook|Microsoft Word|Reading Comprehension|Speaking,Executive Communication & Stakeholder Alignment (C-SOFT-02) + Critical Thinking & Complex Decision Making (C-SOFT-01)
961,Research & Development,Healthcare Representative,5855,9,0.1595,LOW,87.5,9,10,47.37,Active Learning|Active Listening|Critical Thinking|Google Workspace software|Microsoft Outlook|Monitoring|Reading Comprehension|Salesforce software|Speaking|Writing,Executive Communication & Stakeholder Alignment (C-SOFT-02) + Critical Thinking & Complex Decision Making (C-SOFT-01)
964,Research & Development,Research Scientist,3617,1,0.2043,LOW,81.25,9,13,40.91,Apache Hadoop|Apache Kafka|C|Docker|Git|GitHub|Go|Learning Strategies|Mathematics|Monitoring|Science|Speaking|Writing,Applied Machine Learning & Deep Learning (C-TECH-03)
966,Research & Development,Manufacturing Director,6725,8,0.1172,LOW,62.5,9,11,45.0,Active Learning|Active Listening|Adobe Creative Cloud software|Adobe Photoshop|Apache Hadoop|Atlassian JIRA|Critical Thinking|Learning Strategies|Microsoft Excel|Microsoft Office software|Monitoring,Executive Communication & Stakeholder Alignment (C-SOFT-02)
967,Sales,Sales Executive,10325,16,0.5539,MEDIUM,62.5,11,8,57.89,Active Listening|Adobe Acrobat|Adobe Illustrator|Apple macOS|Autodesk AutoCAD|Critical Thinking|Microsoft PowerPoint|Monitoring,Executive Communication & Stakeholder Alignment (C-SOFT-02)
969,Research & Development,Healthcare Representative,6949,5,0.1167,LOW,56.25,8,11,42.11,Active Learning|Active Listening|Apache Hadoop|Critical Thinking|Google Workspace software|HubSpot software|IBM SPSS Statistics|Intuit QuickBooks|Linux|Microsoft Outlook|Speaking,Executive Communication & Stakeholder Alignment (C-SOFT-02)
970,Sales,Sales Executive,10609,14,0.6263,MEDIUM,56.25,11,8,57.89,Active Listening|Adobe Creative Cloud software|Adobe Illustrator|Adobe InDesign|Autodesk AutoCAD|Microsoft Excel|Salesforce software|Writing,Executive Communication & Stakeholder Alignment (C-SOFT-02)
972,Research & Development,Laboratory Technician,4447,9,0.0932,LOW,62.5,10,10,50.0,Commercial plate reader software|Critical Thinking|Data entry software|Database software|Microsoft Outlook|Microsoft PowerPoint|SAP software|Science|Speaking|Writing,Critical Thinking & Complex Decision Making (C-SOFT-01)
974,Sales,Sales Representative,2157,3,0.243,LOW,75.0,8,11,42.11,Adobe InDesign|Adobe Photoshop|Apple macOS|Critical Thinking|Microsoft Excel|Microsoft Office software|Microsoft Outlook|Monitoring|Reading Comprehension|Speaking|Writing,Critical Thinking & Complex Decision Making (C-SOFT-01)
975,Sales,Sales Executive,4601,5,0.1183,LOW,68.75,8,11,42.11,Adobe Acrobat|Adobe Illustrator|Adobe Photoshop|Autodesk AutoCAD|Microsoft Excel|Microsoft Office software|Microsoft Outlook|Microsoft PowerPoint|Reading Comprehension|Salesforce software|Writing,Critical Thinking & Complex Decision Making (C-SOFT-01)
976,Research & Development,Manager,17099,9,0.0564,LOW,81.25,13,7,65.0,Active Learning|Adobe Photoshop|Apache Hadoop|Apple macOS|Critical Thinking|Microsoft Office software|Reading Comprehension,Critical Thinking & Complex Decision Making (C-SOFT-01)
977,Research & Development,Research Scientist,2479,1,0.1633,LOW,68.75,10,12,45.45,Ansible software|Bash|C|Docker|Git|GitHub|Go|Learning Strategies|Monitoring|Reading Comprehension|Science|Writing,Applied Machine Learning & Deep Learning (C-TECH-03)
981,Sales,Manager,14852,17,0.1155,LOW,75.0,12,8,60.0,Active Listening|Adobe Acrobat|Atlassian Confluence|Atlassian JIRA|Microsoft Excel|Monitoring|Speaking|Writing,Executive Communication & Stakeholder Alignment (C-SOFT-02)
982,Sales,Sales Executive,7264,8,0.2168,LOW,62.5,9,10,47.37,Active Learning|Adobe Illustrator|Apple macOS|Autodesk AutoCAD|Critical Thinking|Microsoft Outlook|Monitoring|Salesforce software|Speaking|Writing,Critical Thinking & Complex Decision Making (C-SOFT-01)
983,Sales,Sales Executive,5666,5,0.25,LOW,75.0,8,11,42.11,Adobe Creative Cloud software|Adobe Illustrator|Adobe InDesign|Adobe Photoshop|Critical Thinking|Microsoft Excel|Microsoft Office software|Microsoft Outlook|Reading Comprehension|Salesforce software|Writing,Critical Thinking & Complex Decision Making (C-SOFT-01)
984,Sales,Sales Executive,7823,10,0.1094,LOW,81.25,10,9,52.63,Active Learning|Active Listening|Adobe Creative Cloud software|Adobe Illustrator|Adobe Photoshop|Apple macOS|Autodesk AutoCAD|Microsoft PowerPoint|Writing,Executive Communication & Stakeholder Alignment (C-SOFT-02)
985,Sales,Sales Executive,7880,8,0.114,LOW,75.0,9,10,47.37,Active Learning|Active Listening|Adobe Acrobat|Adobe Creative Cloud software|Adobe Illustrator|Adobe Photoshop|Critical Thinking|Microsoft Excel|Microsoft Office software|Microsoft PowerPoint,Executive Communication & Stakeholder Alignment (C-SOFT-02)
986,Sales,Sales Executive,13194,1,0.685,HIGH,75.0,12,7,63.16,Adobe Creative Cloud software|Apple macOS|Autodesk AutoCAD|Critical Thinking|Microsoft PowerPoint|Salesforce software|Writing,Critical Thinking & Complex Decision Making (C-SOFT-01)
987,Research & Development,Manufacturing Director,5067,19,0.1082,LOW,81.25,12,8,60.0,Adobe Acrobat|Atlassian JIRA|Microsoft Excel|Microsoft PowerPoint|Monitoring|Reading Comprehension|Speaking|Writing,Critical Thinking & Complex Decision Making (C-SOFT-01)
990,Sales,Sales Executive,5079,7,0.1061,LOW,75.0,10,9,52.63,Active Listening|Adobe Illustrator|Autodesk AutoCAD|Microsoft Office software|Microsoft Outlook|Microsoft PowerPoint|Monitoring|Salesforce software|Writing,Executive Communication & Stakeholder Alignment (C-SOFT-02)
991,Research & Development,Research Scientist,2321,3,0.5564,MEDIUM,43.75,9,13,40.91,Active Listening|Amazon Web Services AWS software|Ansible software|Apache Hadoop|Apache Kafka|Bash|C|Docker|Git|Mathematics|Monitoring|Science|Speaking,Executive Communication & Stakeholder Alignment (C-SOFT-02)
992,Sales,Manager,17444,10,0.1603,LOW,87.5,10,10,50.0,Active Learning|Adobe Acrobat|Amazon Web Services AWS software|Atlassian Confluence|Critical Thinking|Microsoft Excel|Microsoft Office software|Microsoft PowerPoint|Monitoring|Reading Comprehension,Critical Thinking & Complex Decision Making (C-SOFT-01)
994,Research & Development,Research Scientist,2404,0,0.8361,HIGH,62.5,9,13,40.91,Active Learning|Amazon Web Services AWS software|Apache Hadoop|Bash|C|Critical Thinking|Docker|Go|Learning Strategies|Mathematics|Monitoring|Science|Speaking,Critical Thinking & Complex Decision Making (C-SOFT-01)
995,Research & Development,Research Scientist,3452,3,0.1342,LOW,62.5,10,12,45.45,Active Learning|Apache Hadoop|Apache Kafka|C|C++|Critical Thinking|Docker|Git|GitHub|Go|Learning Strategies|Science,Critical Thinking & Complex Decision Making (C-SOFT-01)
996,Research & Development,Laboratory Technician,2270,5,0.0796,LOW,93.75,9,11,45.0,Active Learning|Active Listening|Billing software|Commercial plate reader software|Data entry software|Google Docs|MEDITECH software|Microsoft Office software|Microsoft Outlook|Microsoft Word|SAP software,Executive Communication & Stakeholder Alignment (C-SOFT-02)
997,Research & Development,Research Director,17399,5,0.0603,LOW,87.5,16,6,72.73,IBM SPSS Statistics|Learning Strategies|Mathematics|Microsoft Outlook|Microsoft Project|Microsoft SharePoint,Critical Thinking & Complex Decision Making (C-SOFT-01)
998,Research & Development,Healthcare Representative,5488,6,0.282,LOW,62.5,8,11,42.11,Active Listening|Apache Hadoop|HubSpot software|IBM SPSS Statistics|Intuit QuickBooks|Linux|Microsoft Office software|Monitoring|Salesforce software|Speaking|Writing,Executive Communication & Stakeholder Alignment (C-SOFT-02)
999,Research & Development,Research Director,19419,18,0.0713,LOW,56.25,13,9,59.09,Active Learning|ESRI ArcGIS software|Mathematics|Microsoft Access|Microsoft Excel|Microsoft Outlook|Microsoft Project|Microsoft SharePoint|Monitoring,Critical Thinking & Complex Decision Making (C-SOFT-01)
1001,Research & Development,Laboratory Technician,2811,2,0.2713,LOW,62.5,8,12,40.0,Active Learning|Active Listening|Billing software|Critical Thinking|Database software|Microsoft Excel|Microsoft Office software|Microsoft Outlook|Microsoft PowerPoint|Microsoft Word|Science|Writing,Executive Communication & Stakeholder Alignment (C-SOFT-02)
1002,Research & Development,Laboratory Technician,3633,9,0.119,LOW,68.75,10,10,50.0,Active Learning|Billing software|Critical Thinking|Database software|Google Docs|Microsoft Excel|Microsoft Office software|Reading Comprehension|SAP software|Science,Critical Thinking & Complex Decision Making (C-SOFT-01)
1003,Sales,Sales Executive,4163,9,0.1796,LOW,87.5,9,10,47.37,Adobe Photoshop|Apple macOS|Critical Thinking|Microsoft Office software|Microsoft Outlook|Microsoft PowerPoint|Monitoring|Reading Comprehension|Salesforce software|Speaking,Critical Thinking & Complex Decision Making (C-SOFT-01)
1004,Research & Development,Research Scientist,2132,5,0.8949,HIGH,56.25,10,12,45.45,Active Learning|Active Listening|Amazon Web Services AWS software|Apache Hadoop|C|GitHub|Go|Learning Strategies|Mathematics|Monitoring|Science|Speaking,Executive Communication & Stakeholder Alignment (C-SOFT-02)
1005,Research & Development,Manufacturing Director,13973,12,0.0725,LOW,87.5,12,8,60.0,Active Listening|Adobe Acrobat|Adobe Photoshop|Apache Hadoop|Critical Thinking|Microsoft Office software|Microsoft PowerPoint|Reading Comprehension,Executive Communication & Stakeholder Alignment (C-SOFT-02)
1006,Research & Development,Research Scientist,2684,2,0.1345,LOW,68.75,9,13,40.91,Active Learning|Amazon Web Services AWS software|Ansible software|Apache Hadoop|Apache Kafka|Apache Spark|Bash|C|C++|Git|GitHub|Mathematics|Reading Comprehension,Critical Thinking & Complex Decision Making (C-SOFT-01)
1007,Research & Development,Manufacturing Director,10845,8,0.1314,LOW,75.0,10,10,50.0,Adobe Acrobat|Adobe Creative Cloud software|Adobe Photoshop|Apple macOS|Atlassian Confluence|Autodesk AutoCAD|Learning Strategies|Microsoft PowerPoint|Reading Comprehension|Speaking,Critical Thinking & Complex Decision Making (C-SOFT-01)
1009,Research & Development,Manufacturing Director,4377,4,0.1361,LOW,68.75,9,11,45.0,Active Learning|Adobe Acrobat|Adobe Creative Cloud software|Amazon Web Services AWS software|Atlassian Confluence|Atlassian JIRA|Autodesk AutoCAD|Learning Strategies|Microsoft Office software|Microsoft PowerPoint|Writing,Critical Thinking & Complex Decision Making (C-SOFT-01)
1010,Research & Development,Laboratory Technician,3743,4,0.6859,HIGH,68.75,9,11,45.0,Active Learning|Active Listening|Commercial plate reader software|Critical Thinking|MEDITECH software|Microsoft Excel|Microsoft Office software|Microsoft Outlook|Microsoft PowerPoint|Microsoft Word|Writing,Executive Communication & Stakeholder Alignment (C-SOFT-02)
1011,Research & Development,Manufacturing Director,4148,4,0.1296,LOW,62.5,8,12,40.0,Active Learning|Active Listening|Adobe Creative Cloud software|Amazon Web Services AWS software|Apache Hadoop|Apple macOS|Critical Thinking|Microsoft Excel|Microsoft PowerPoint|Reading Comprehension|Speaking|Writing,Executive Communication & Stakeholder Alignment (C-SOFT-02)
1012,Research & Development,Research Scientist,1051,0,0.308,LOW,81.25,8,14,36.36,Active Listening|Ansible software|Apache Hadoop|Apache Spark|Bash|Critical Thinking|Docker|Git|GitHub|Go|Learning Strategies|Mathematics|Monitoring|Writing,Executive Communication & Stakeholder Alignment (C-SOFT-02)
1013,Research & Development,Manufacturing Director,10739,10,0.1018,LOW,75.0,12,8,60.0,Active Learning|Amazon Web Services AWS software|Atlassian JIRA|Autodesk AutoCAD|Critical Thinking|Microsoft Excel|Microsoft Office software|Reading Comprehension,Critical Thinking & Complex Decision Making (C-SOFT-01)
1014,Research & Development,Healthcare Representative,10388,16,0.1469,LOW,75.0,11,8,57.89,Active Listening|Critical Thinking|Google Analytics|Google Workspace software|IBM SPSS Statistics|Reading Comprehension|Salesforce software|Writing,Executive Communication & Stakeholder Alignment (C-SOFT-02) + Critical Thinking & Complex Decision Making (C-SOFT-01)
1015,Research & Development,Research Director,11416,8,0.1898,LOW,62.5,11,11,50.0,Active Listening|Adobe Photoshop|ESRI ArcGIS software|Learning Strategies|Microsoft Excel|Microsoft Outlook|Microsoft PowerPoint|Microsoft Project|Microsoft SharePoint|Speaking|Writing,Executive Communication & Stakeholder Alignment (C-SOFT-02)
1016,Research & Development,Research Scientist,2600,1,0.8833,HIGH,50.0,9,13,40.91,Active Learning|Active Listening|Amazon Web Services AWS software|Ansible software|Apache Hadoop|Apache Kafka|Apache Spark|C|GitHub|Go|Learning Strategies|Science|Writing,Executive Communication & Stakeholder Alignment (C-SOFT-02)
1017,Research & Development,Laboratory Technician,2422,3,0.3075,LOW,50.0,8,12,40.0,Billing software|Commercial plate reader software|Critical Thinking|Database software|Microsoft Excel|Microsoft Office software|Microsoft Outlook|Microsoft PowerPoint|Microsoft Word|SAP software|Science|Writing,Critical Thinking & Complex Decision Making (C-SOFT-01)
1018,Research & Development,Manufacturing Director,5472,8,0.0825,LOW,87.5,9,11,45.0,Active Learning|Adobe Acrobat|Adobe Creative Cloud software|Amazon Web Services AWS software|Apache Hadoop|Atlassian Confluence|Atlassian JIRA|Autodesk AutoCAD|Microsoft Excel|Microsoft PowerPoint|Speaking,Critical Thinking & Complex Decision Making (C-SOFT-01)
1019,Research & Development,Laboratory Technician,2451,4,0.1702,LOW,31.25,8,12,40.0,Active Learning|Billing software|Database software|MEDITECH software|Microsoft Office software|Microsoft PowerPoint|Microsoft Word|Monitoring|Reading Comprehension|SAP software|Speaking|Writing,Critical Thinking & Complex Decision Making (C-SOFT-01)
1022,Research & Development,Healthcare Representative,4240,2,0.1167,LOW,62.5,11,8,57.89,Google Workspace software|HubSpot software|IBM SPSS Statistics|Microsoft Office software|Microsoft Outlook|Reading Comprehension|Salesforce software|Speaking,Critical Thinking & Complex Decision Making (C-SOFT-01)
1024,Research & Development,Healthcare Representative,10999,15,0.0854,LOW,62.5,13,6,68.42,Active Learning|Active Listening|Amazon Web Services AWS software|Microsoft Excel|Microsoft Outlook|Monitoring,Executive Communication & Stakeholder Alignment (C-SOFT-02)
1025,Research & Development,Manufacturing Director,5003,2,0.1058,LOW,75.0,9,11,45.0,Active Listening|Adobe Acrobat|Adobe Photoshop|Amazon Web Services AWS software|Apache Hadoop|Atlassian Confluence|Autodesk AutoCAD|Critical Thinking|Learning Strategies|Speaking|Writing,Executive Communication & Stakeholder Alignment (C-SOFT-02)
1026,Research & Development,Manufacturing Director,12742,21,0.0832,LOW,81.25,12,8,60.0,Active Learning|Active Listening|Adobe Creative Cloud software|Amazon Web Services AWS software|Apple macOS|Microsoft Office software|Microsoft PowerPoint|Writing,Executive Communication & Stakeholder Alignment (C-SOFT-02)
1027,Research & Development,Manufacturing Director,4227,3,0.0974,LOW,62.5,8,12,40.0,Active Learning|Adobe Creative Cloud software|Adobe Photoshop|Amazon Web Services AWS software|Atlassian JIRA|Autodesk AutoCAD|Learning Strategies|Microsoft Office software|Microsoft PowerPoint|Monitoring|Reading Comprehension|Speaking,Critical Thinking & Complex Decision Making (C-SOFT-01)
1028,Research & Development,Laboratory Technician,3917,3,0.1436,LOW,62.5,8,12,40.0,Active Learning|Active Listening|Billing software|Commercial plate reader software|Critical Thinking|Database software|Microsoft Excel|Microsoft Office software|Microsoft Outlook|Microsoft Word|Monitoring|Science,Executive Communication & Stakeholder Alignment (C-SOFT-02)
1029,Sales,Manager,18303,1,0.0889,LOW,75.0,12,8,60.0,Active Learning|Adobe Acrobat|Adobe Photoshop|Atlassian Confluence|Critical Thinking|Learning Strategies|Microsoft Excel|Writing,Critical Thinking & Complex Decision Making (C-SOFT-01)
1030,Research & Development,Laboratory Technician,2380,1,0.3006,LOW,62.5,9,11,45.0,Active Learning|Commercial plate reader software|Critical Thinking|Database software|Google Docs|MEDITECH software|Microsoft Office software|Microsoft PowerPoint|Microsoft Word|Science|Writing,Critical Thinking & Complex Decision Making (C-SOFT-01)
1032,Research & Development,Manufacturing Director,13726,5,0.1363,LOW,62.5,14,6,70.0,Apache Hadoop|Atlassian Confluence|Autodesk AutoCAD|Reading Comprehension|Speaking|Writing,Critical Thinking & Complex Decision Making (C-SOFT-01)
1033,Research & Development,Healthcare Representative,4777,1,0.3834,MEDIUM,31.25,10,9,52.63,Active Learning|Google Workspace software|HubSpot software|IBM SPSS Statistics|Microsoft Excel|Reading Comprehension|Salesforce software|Speaking|Writing,Critical Thinking & Complex Decision Making (C-SOFT-01)
1034,Research & Development,Healthcare Representative,6385,8,0.1241,LOW,75.0,11,8,57.89,Active Learning|Apache Hadoop|Google Workspace software|IBM SPSS Statistics|Linux|Monitoring|Speaking|Writing,Critical Thinking & Complex Decision Making (C-SOFT-01)
1035,Research & Development,Research Director,19973,21,0.0897,LOW,50.0,13,9,59.09,IBM SPSS Statistics|Learning Strategies|Mathematics|Microsoft Access|Microsoft Outlook|Microsoft PowerPoint|Microsoft SharePoint|Reading Comprehension|Writing,Critical Thinking & Complex Decision Making (C-SOFT-01)
1036,Sales,Sales Executive,6861,1,0.3832,MEDIUM,75.0,11,8,57.89,Active Learning|Adobe InDesign|Adobe Photoshop|Autodesk AutoCAD|Microsoft Office software|Microsoft Outlook|Microsoft PowerPoint|Writing,Critical Thinking & Complex Decision Making (C-SOFT-01)
1037,Sales,Sales Executive,4969,2,0.6801,HIGH,50.0,9,10,47.37,Adobe Acrobat|Adobe Photoshop|Autodesk AutoCAD|Critical Thinking|Microsoft Office software|Microsoft PowerPoint|Monitoring|Reading Comprehension|Salesforce software|Speaking,Critical Thinking & Complex Decision Making (C-SOFT-01)
1038,Sales,Manager,19845,32,0.5864,MEDIUM,62.5,15,5,75.0,Adobe Creative Cloud software|Adobe Photoshop|Autodesk AutoCAD|Microsoft Office software|Reading Comprehension,Critical Thinking & Complex Decision Making (C-SOFT-01)
1039,Sales,Sales Executive,13320,12,0.1054,LOW,93.75,12,7,63.16,Active Listening|Adobe Acrobat|Adobe Illustrator|Critical Thinking|Microsoft Office software|Monitoring|Reading Comprehension,Executive Communication & Stakeholder Alignment (C-SOFT-02)
1040,Sales,Sales Executive,6347,18,0.0961,LOW,68.75,11,8,57.89,Active Learning|Adobe Acrobat|Adobe Creative Cloud software|Autodesk AutoCAD|Microsoft Office software|Microsoft Outlook|Microsoft PowerPoint|Speaking,Critical Thinking & Complex Decision Making (C-SOFT-01)
1042,Research & Development,Laboratory Technician,2743,17,0.5647,MEDIUM,68.75,12,8,60.0,Active Learning|Critical Thinking|MEDITECH software|Microsoft Office software|Microsoft Outlook|Reading Comprehension|Science|Writing,Critical Thinking & Complex Decision Making (C-SOFT-01)
1043,Research & Development,Manufacturing Director,10880,21,0.131,LOW,68.75,12,8,60.0,Adobe Acrobat|Adobe Photoshop|Apache Hadoop|Atlassian JIRA|Critical Thinking|Learning Strategies|Microsoft Excel|Monitoring,Critical Thinking & Complex Decision Making (C-SOFT-01)
1044,Sales,Sales Representative,2342,2,0.1827,LOW,75.0,8,11,42.11,Active Listening|Adobe Creative Cloud software|Adobe Illustrator|Adobe Photoshop|Apple macOS|Critical Thinking|Microsoft Excel|Microsoft Office software|Monitoring|Reading Comprehension|Speaking,Executive Communication & Stakeholder Alignment (C-SOFT-02)
1045,Sales,Manager,17650,9,0.0973,LOW,81.25,13,7,65.0,Active Listening|Apache Hadoop|Apple macOS|Microsoft Excel|Microsoft PowerPoint|Monitoring|Writing,Executive Communication & Stakeholder Alignment (C-SOFT-02)
1046,Research & Development,Laboratory Technician,4025,8,0.1607,LOW,75.0,10,10,50.0,Active Learning|Active Listening|Database software|MEDITECH software|Microsoft Excel|Microsoft Office software|Microsoft Word|Monitoring|Reading Comprehension|Speaking,Executive Communication & Stakeholder Alignment (C-SOFT-02)
1047,Sales,Sales Executive,9725,15,0.1501,LOW,87.5,11,8,57.89,Adobe Creative Cloud software|Adobe InDesign|Apple macOS|Critical Thinking|Microsoft Office software|Microsoft Outlook|Monitoring|Speaking,Critical Thinking & Complex Decision Making (C-SOFT-01)
1048,Sales,Manager,11904,6,0.1714,LOW,75.0,11,9,55.0,Active Learning|Atlassian Confluence|Atlassian JIRA|Learning Strategies|Microsoft Excel|Microsoft PowerPoint|Reading Comprehension|Speaking|Writing,Critical Thinking & Complex Decision Making (C-SOFT-01)
1049,Human Resources,Human Resources,2177,6,0.2021,LOW,50.0,9,11,45.0,Active Learning|Adobe Creative Cloud software|Adobe Illustrator|Critical Thinking|Learning Strategies|Monitoring|Oracle HRIS|Reading Comprehension|Speaking|Workday software|Writing,Critical Thinking & Complex Decision Making (C-SOFT-01)
1050,Sales,Sales Executive,7525,15,0.1395,LOW,50.0,14,5,73.68,Active Learning|Adobe Illustrator|Autodesk AutoCAD|Microsoft PowerPoint|Speaking,Critical Thinking & Complex Decision Making (C-SOFT-01)
1052,Research & Development,Laboratory Technician,4834,1,0.5259,MEDIUM,56.25,10,10,50.0,Billing software|Data entry software|Google Docs|Microsoft Office software|Microsoft Outlook|Microsoft PowerPoint|Reading Comprehension|Science|Speaking|Writing,Critical Thinking & Complex Decision Making (C-SOFT-01)
1053,Research & Development,Research Scientist,2042,3,0.7453,HIGH,43.75,10,12,45.45,Active Listening|Amazon Web Services AWS software|Ansible software|C|C++|Docker|Git|GitHub|Learning Strategies|Mathematics|Reading Comprehension|Writing,Executive Communication & Stakeholder Alignment (C-SOFT-02)
1055,Sales,Sales Representative,2220,1,0.3697,MEDIUM,81.25,7,12,36.84,Active Learning|Active Listening|Adobe Acrobat|Adobe Illustrator|Adobe InDesign|Apple macOS|Autodesk AutoCAD|Critical Thinking|Microsoft PowerPoint|Monitoring|Salesforce software|Writing,Executive Communication & Stakeholder Alignment (C-SOFT-02)
1056,Sales,Sales Representative,1052,1,0.6417,MEDIUM,68.75,7,12,36.84,Active Listening|Adobe Acrobat|Adobe Illustrator|Autodesk AutoCAD|Critical Thinking|Microsoft Excel|Microsoft PowerPoint|Monitoring|Reading Comprehension|Salesforce software|Speaking|Writing,Executive Communication & Stakeholder Alignment (C-SOFT-02)
1060,Research & Development,Research Scientist,2821,2,0.1098,LOW,62.5,10,12,45.45,Active Learning|Active Listening|Amazon Web Services AWS software|Apache Spark|Bash|Critical Thinking|Docker|Go|Learning Strategies|Monitoring|Reading Comprehension|Writing,Executive Communication & Stakeholder Alignment (C-SOFT-02)
1061,Research & Development,Research Director,19237,8,0.1495,LOW,75.0,15,7,68.18,Active Learning|Active Listening|Microsoft Excel|Microsoft Office software|Monitoring|Reading Comprehension|Speaking,Executive Communication & Stakeholder Alignment (C-SOFT-02)
1062,Research & Development,Healthcare Representative,4107,4,0.1724,LOW,62.5,9,10,47.37,Amazon Web Services AWS software|Apache Hadoop|Google Workspace software|HubSpot software|IBM SPSS Statistics|Intuit QuickBooks|Linux|Microsoft Excel|Reading Comprehension|Writing,Critical Thinking & Complex Decision Making (C-SOFT-01)
1066,Sales,Sales Executive,8396,7,0.2026,LOW,56.25,9,10,47.37,Active Listening|Adobe Creative Cloud software|Adobe InDesign|Autodesk AutoCAD|Critical Thinking|Microsoft Office software|Microsoft PowerPoint|Monitoring|Reading Comprehension|Speaking,Executive Communication & Stakeholder Alignment (C-SOFT-02)
1068,Research & Development,Research Scientist,2007,5,0.1317,LOW,56.25,10,12,45.45,Active Learning|Active Listening|Amazon Web Services AWS software|Ansible software|Apache Kafka|Apache Spark|C++|Docker|Learning Strategies|Mathematics|Science|Speaking,Executive Communication & Stakeholder Alignment (C-SOFT-02)
1069,Research & Development,Research Director,19627,2,0.0998,LOW,93.75,14,8,63.64,Active Learning|Adobe Acrobat|Microsoft Excel|Microsoft Outlook|Microsoft PowerPoint|Microsoft SharePoint|Reading Comprehension|Speaking,Critical Thinking & Complex Decision Making (C-SOFT-01)
1070,Sales,Sales Executive,10686,9,0.2479,LOW,62.5,10,9,52.63,Adobe Acrobat|Adobe Illustrator|Adobe Photoshop|Apple macOS|Critical Thinking|Microsoft Excel|Microsoft PowerPoint|Reading Comprehension|Speaking,Critical Thinking & Complex Decision Making (C-SOFT-01)
1071,Research & Development,Research Scientist,2942,5,0.153,LOW,56.25,13,9,59.09,Active Learning|Amazon Web Services AWS software|Ansible software|Apache Kafka|Bash|C++|Docker|Git|Mathematics,Critical Thinking & Complex Decision Making (C-SOFT-01)
1073,Research & Development,Manufacturing Director,8858,14,0.1943,LOW,75.0,11,9,55.0,Active Learning|Adobe Creative Cloud software|Apple macOS|Autodesk AutoCAD|Microsoft Office software|Monitoring|Reading Comprehension|Speaking|Writing,Critical Thinking & Complex Decision Making (C-SOFT-01)
1074,Research & Development,Manager,16756,9,0.0969,LOW,50.0,14,6,70.0,Active Learning|Amazon Web Services AWS software|Atlassian Confluence|Learning Strategies|Monitoring|Speaking,Critical Thinking & Complex Decision Making (C-SOFT-01)
1076,Sales,Sales Executive,10798,1,0.146,LOW,75.0,11,8,57.89,Adobe Acrobat|Adobe Creative Cloud software|Adobe InDesign|Autodesk AutoCAD|Critical Thinking|Monitoring|Reading Comprehension|Speaking,Critical Thinking & Complex Decision Making (C-SOFT-01)
1077,Sales,Sales Representative,2323,2,0.7524,HIGH,81.25,8,11,42.11,Adobe Acrobat|Adobe Creative Cloud software|Adobe Illustrator|Adobe InDesign|Critical Thinking|Microsoft Office software|Microsoft PowerPoint|Monitoring|Salesforce software|Speaking|Writing,Critical Thinking & Complex Decision Making (C-SOFT-01)
1079,Research & Development,Laboratory Technician,1416,1,0.8594,HIGH,43.75,8,12,40.0,Active Learning|Billing software|Commercial plate reader software|Critical Thinking|MEDITECH software|Microsoft Outlook|Microsoft PowerPoint|Reading Comprehension|SAP software|Science|Speaking|Writing,Critical Thinking & Complex Decision Making (C-SOFT-01)
1080,Research & Development,Research Scientist,4615,16,0.1225,LOW,50.0,13,9,59.09,Active Learning|Apache Hadoop|C|C++|Docker|Go|Monitoring|Reading Comprehension|Science,Applied Machine Learning & Deep Learning (C-TECH-03)
1081,Research & Development,Research Scientist,2461,10,0.2624,LOW,62.5,13,9,59.09,Amazon Web Services AWS software|Ansible software|Apache Kafka|Apache Spark|Critical Thinking|GitHub|Go|Science|Speaking,Critical Thinking & Complex Decision Making (C-SOFT-01)
1082,Research & Development,Healthcare Representative,8722,10,0.1685,LOW,37.5,9,10,47.37,Active Learning|Critical Thinking|Google Analytics|Google Workspace software|Microsoft Excel|Microsoft Office software|Microsoft Outlook|Monitoring|Reading Comprehension|Salesforce software,Critical Thinking & Complex Decision Making (C-SOFT-01)
1083,Research & Development,Laboratory Technician,3955,5,0.2215,LOW,31.25,9,11,45.0,Active Learning|Active Listening|Critical Thinking|Data entry software|Database software|Microsoft Excel|Microsoft Outlook|Microsoft Word|Monitoring|Reading Comprehension|Writing,Executive Communication & Stakeholder Alignment (C-SOFT-02) + Critical Thinking & Complex Decision Making (C-SOFT-01)
1084,Research & Development,Manufacturing Director,9957,6,0.0962,LOW,62.5,9,11,45.0,Active Learning|Active Listening|Adobe Acrobat|Adobe Creative Cloud software|Adobe Photoshop|Amazon Web Services AWS software|Apache Hadoop|Atlassian JIRA|Learning Strategies|Microsoft PowerPoint|Speaking,Executive Communication & Stakeholder Alignment (C-SOFT-02)
1085,Research & Development,Research Scientist,3376,10,0.0733,LOW,75.0,11,11,50.0,Active Learning|Active Listening|Amazon Web Services AWS software|Apache Kafka|Apache Spark|C|Critical Thinking|GitHub|Go|Monitoring|Writing,Executive Communication & Stakeholder Alignment (C-SOFT-02)
1088,Research & Development,Healthcare Representative,8823,19,0.0911,LOW,56.25,11,8,57.89,Active Listening|Google Workspace software|IBM SPSS Statistics|Microsoft Excel|Microsoft Office software|Salesforce software|Speaking|Writing,Executive Communication & Stakeholder Alignment (C-SOFT-02)
1092,Research & Development,Healthcare Representative,10322,11,0.0942,LOW,75.0,10,9,52.63,Apache Hadoop|Critical Thinking|Google Workspace software|IBM SPSS Statistics|Intuit QuickBooks|Microsoft Office software|Monitoring|Reading Comprehension|Speaking,Critical Thinking & Complex Decision Making (C-SOFT-01)
1094,Research & Development,Laboratory Technician,4621,3,0.1302,LOW,56.25,8,12,40.0,Active Learning|Billing software|Commercial plate reader software|Microsoft Excel|Microsoft Outlook|Microsoft PowerPoint|Monitoring|Reading Comprehension|SAP software|Science|Speaking|Writing,Critical Thinking & Complex Decision Making (C-SOFT-01)
1096,Research & Development,Manufacturing Director,10976,3,0.0635,LOW,68.75,13,7,65.0,Active Learning|Active Listening|Adobe Creative Cloud software|Amazon Web Services AWS software|Apple macOS|Microsoft Excel|Reading Comprehension,Executive Communication & Stakeholder Alignment (C-SOFT-02)
1097,Research & Development,Research Scientist,3660,8,0.1065,LOW,81.25,11,11,50.0,Ansible software|Apache Hadoop|Apache Kafka|C|C++|Docker|Git|Learning Strategies|Monitoring|Reading Comprehension|Science,Critical Thinking & Complex Decision Making (C-SOFT-01)
1098,Human Resources,Human Resources,10482,20,0.1265,LOW,56.25,13,7,65.0,Active Learning|Adobe Acrobat|Microsoft Outlook|Monitoring|Reading Comprehension|Speaking|Workday software,Critical Thinking & Complex Decision Making (C-SOFT-01)
1099,Research & Development,Healthcare Representative,7119,3,0.087,LOW,81.25,9,10,47.37,Active Learning|Google Analytics|HubSpot software|IBM SPSS Statistics|Intuit QuickBooks|Linux|Microsoft Office software|Monitoring|Salesforce software|Writing,Critical Thinking & Complex Decision Making (C-SOFT-01)
1100,Sales,Sales Executive,9582,8,0.6258,MEDIUM,56.25,9,10,47.37,Active Learning|Active Listening|Adobe Creative Cloud software|Adobe Illustrator|Adobe InDesign|Autodesk AutoCAD|Critical Thinking|Microsoft Excel|Reading Comprehension|Salesforce software,Executive Communication & Stakeholder Alignment (C-SOFT-02)
1101,Research & Development,Research Scientist,4508,13,0.5728,MEDIUM,50.0,12,10,54.55,Active Listening|Apache Kafka|Apache Spark|Bash|C|Docker|Git|Learning Strategies|Mathematics|Science,Executive Communication & Stakeholder Alignment (C-SOFT-02)
1102,Research & Development,Laboratory Technician,2207,4,0.1598,LOW,68.75,8,12,40.0,Active Learning|Active Listening|Database software|Google Docs|MEDITECH software|Microsoft Office software|Microsoft Outlook|Microsoft PowerPoint|Microsoft Word|Monitoring|Science|Speaking,Executive Communication & Stakeholder Alignment (C-SOFT-02)
1103,Research & Development,Healthcare Representative,7756,6,0.0955,LOW,68.75,9,10,47.37,Active Listening|Apache Hadoop|Google Analytics|Google Workspace software|Intuit QuickBooks|Linux|Microsoft Excel|Microsoft Office software|Reading Comprehension|Speaking,Executive Communication & Stakeholder Alignment (C-SOFT-02)
1105,Sales,Sales Executive,6694,1,0.3084,LOW,81.25,9,10,47.37,Active Learning|Active Listening|Adobe Acrobat|Adobe Creative Cloud software|Apple macOS|Autodesk AutoCAD|Microsoft Excel|Monitoring|Speaking|Writing,Executive Communication & Stakeholder Alignment (C-SOFT-02)
1106,Research & Development,Laboratory Technician,3691,7,0.6262,MEDIUM,81.25,9,11,45.0,Active Learning|Active Listening|Billing software|Data entry software|Google Docs|Microsoft Office software|Microsoft PowerPoint|Monitoring|Reading Comprehension|SAP software|Speaking,Executive Communication & Stakeholder Alignment (C-SOFT-02)
1107,Research & Development,Laboratory Technician,2377,1,0.7721,HIGH,62.5,8,12,40.0,Active Learning|Active Listening|Billing software|Commercial plate reader software|Microsoft Excel|Microsoft Office software|Microsoft Outlook|Microsoft PowerPoint|Microsoft Word|Reading Comprehension|Speaking|Writing,Executive Communication & Stakeholder Alignment (C-SOFT-02)
1108,Research & Development,Research Scientist,2313,2,0.8714,HIGH,43.75,10,12,45.45,Active Listening|Amazon Web Services AWS software|Ansible software|Apache Hadoop|Critical Thinking|Docker|GitHub|Go|Learning Strategies|Monitoring|Science|Writing,Executive Communication & Stakeholder Alignment (C-SOFT-02)
1109,Research & Development,Manager,17665,22,0.1006,LOW,75.0,13,7,65.0,Active Listening|Adobe Creative Cloud software|Amazon Web Services AWS software|Apache Hadoop|Monitoring|Speaking|Writing,Executive Communication & Stakeholder Alignment (C-SOFT-02)
1111,Research & Development,Laboratory Technician,2596,1,0.7386,HIGH,37.5,8,12,40.0,Active Learning|Billing software|Commercial plate reader software|Critical Thinking|Database software|Google Docs|MEDITECH software|Microsoft Office software|Microsoft Word|Reading Comprehension|Science|Speaking,Critical Thinking & Complex Decision Making (C-SOFT-01)
1113,Sales,Sales Executive,4728,0,0.3359,LOW,87.5,8,11,42.11,Active Learning|Adobe Creative Cloud software|Adobe Illustrator|Adobe InDesign|Adobe Photoshop|Critical Thinking|Microsoft Excel|Microsoft Office software|Microsoft PowerPoint|Salesforce software|Writing,Critical Thinking & Complex Decision Making (C-SOFT-01)
1114,Sales,Sales Executive,4302,3,0.1251,LOW,75.0,8,11,42.11,Active Learning|Adobe Illustrator|Adobe Photoshop|Apple macOS|Autodesk AutoCAD|Critical Thinking|Microsoft Office software|Microsoft Outlook|Microsoft PowerPoint|Reading Comprehension|Writing,Critical Thinking & Complex Decision Making (C-SOFT-01)
1115,Research & Development,Research Scientist,2979,0,0.1019,LOW,81.25,10,12,45.45,Active Listening|Amazon Web Services AWS software|Ansible software|Apache Kafka|Apache Spark|C|Git|Learning Strategies|Mathematics|Monitoring|Reading Comprehension|Science,Executive Communication & Stakeholder Alignment (C-SOFT-02)
1116,Research & Development,Manager,16885,5,0.0474,LOW,75.0,14,6,70.0,Active Listening|Adobe Acrobat|Apple macOS|Atlassian Confluence|Learning Strategies|Microsoft PowerPoint,Executive Communication & Stakeholder Alignment (C-SOFT-02)
1117,Sales,Sales Executive,5593,15,0.1012,LOW,68.75,10,9,52.63,Active Listening|Adobe Creative Cloud software|Adobe Photoshop|Apple macOS|Critical Thinking|Microsoft Excel|Salesforce software|Speaking|Writing,Executive Communication & Stakeholder Alignment (C-SOFT-02)
1118,Research & Development,Healthcare Representative,10445,8,0.0999,LOW,68.75,11,8,57.89,Active Listening|Amazon Web Services AWS software|Critical Thinking|IBM SPSS Statistics|Microsoft Office software|Monitoring|Salesforce software|Writing,Executive Communication & Stakeholder Alignment (C-SOFT-02) + Critical Thinking & Complex Decision Making (C-SOFT-01)
1119,Sales,Sales Executive,8740,8,0.2521,LOW,62.5,9,10,47.37,Active Learning|Adobe Acrobat|Adobe Creative Cloud software|Adobe Illustrator|Autodesk AutoCAD|Microsoft Office software|Microsoft Outlook|Microsoft PowerPoint|Reading Comprehension|Speaking,Critical Thinking & Complex Decision Making (C-SOFT-01)
1120,Research & Development,Research Scientist,2514,7,0.1226,LOW,68.75,11,11,50.0,Active Learning|Amazon Web Services AWS software|Ansible software|Apache Spark|C|Docker|Git|GitHub|Go|Science|Speaking,Critical Thinking & Complex Decision Making (C-SOFT-01)
1121,Research & Development,Manufacturing Director,7655,9,0.0878,LOW,68.75,10,10,50.0,Adobe Acrobat|Adobe Creative Cloud software|Apache Hadoop|Atlassian Confluence|Atlassian JIRA|Autodesk AutoCAD|Microsoft Excel|Microsoft Office software|Microsoft PowerPoint|Monitoring,Critical Thinking & Complex Decision Making (C-SOFT-01)
1124,Sales,Manager,17465,12,0.152,LOW,68.75,13,7,65.0,Adobe Acrobat|Adobe Creative Cloud software|Adobe Photoshop|Apple macOS|Atlassian JIRA|Microsoft Office software|Microsoft PowerPoint,Critical Thinking & Complex Decision Making (C-SOFT-01)
1125,Sales,Sales Executive,7351,1,0.2344,LOW,75.0,9,10,47.37,Active Learning|Adobe Acrobat|Adobe InDesign|Adobe Photoshop|Apple macOS|Autodesk AutoCAD|Microsoft Office software|Reading Comprehension|Salesforce software|Speaking,Critical Thinking & Complex Decision Making (C-SOFT-01)
1126,Research & Development,Manufacturing Director,10820,8,0.1373,LOW,62.5,12,8,60.0,Adobe Acrobat|Adobe Creative Cloud software|Adobe Photoshop|Apple macOS|Atlassian JIRA|Learning Strategies|Microsoft Office software|Writing,Critical Thinking & Complex Decision Making (C-SOFT-01)
1127,Research & Development,Healthcare Representative,12169,18,0.5375,MEDIUM,75.0,12,7,63.16,Active Listening|Apache Hadoop|Critical Thinking|Microsoft Excel|Microsoft Outlook|Monitoring|Writing,Executive Communication & Stakeholder Alignment (C-SOFT-02) + Critical Thinking & Complex Decision Making (C-SOFT-01)
1128,Research & Development,Research Director,19626,20,0.078,LOW,56.25,13,9,59.09,ESRI ArcGIS software|IBM SPSS Statistics|Learning Strategies|Microsoft Access|Microsoft Office software|Microsoft Project|Microsoft SharePoint|Microsoft Visio|Reading Comprehension,Critical Thinking & Complex Decision Making (C-SOFT-01)
1131,Research & Development,Research Scientist,2070,2,0.376,MEDIUM,68.75,9,13,40.91,Active Learning|Active Listening|Apache Spark|Bash|C++|Docker|Git|GitHub|Learning Strategies|Mathematics|Monitoring|Speaking|Writing,Executive Communication & Stakeholder Alignment (C-SOFT-02)
1132,Research & Development,Laboratory Technician,6782,5,0.1517,LOW,68.75,10,10,50.0,Active Learning|Data entry software|Google Docs|MEDITECH software|Microsoft Excel|Microsoft Outlook|Microsoft Word|Reading Comprehension|SAP software|Writing,Critical Thinking & Complex Decision Making (C-SOFT-01)
1133,Research & Development,Manufacturing Director,7779,11,0.0852,LOW,56.25,12,8,60.0,Adobe Creative Cloud software|Apache Hadoop|Atlassian Confluence|Learning Strategies|Microsoft Excel|Microsoft PowerPoint|Monitoring|Writing,Critical Thinking & Complex Decision Making (C-SOFT-01)
1135,Sales,Sales Representative,2791,2,0.223,LOW,75.0,8,11,42.11,Active Learning|Active Listening|Adobe Creative Cloud software|Adobe Photoshop|Apple macOS|Autodesk AutoCAD|Critical Thinking|Microsoft Excel|Microsoft Outlook|Salesforce software|Writing,Executive Communication & Stakeholder Alignment (C-SOFT-02)
1136,Research & Development,Research Scientist,3201,5,0.3402,LOW,37.5,10,12,45.45,Active Listening|Ansible software|Apache Kafka|C|C++|Critical Thinking|GitHub|Go|Monitoring|Reading Comprehension|Science|Speaking,Executive Communication & Stakeholder Alignment (C-SOFT-02)
1137,Sales,Sales Executive,4968,5,0.1193,LOW,93.75,8,11,42.11,Active Learning|Adobe Acrobat|Adobe Illustrator|Adobe Photoshop|Apple macOS|Critical Thinking|Microsoft Office software|Microsoft PowerPoint|Monitoring|Reading Comprehension|Salesforce software,Critical Thinking & Complex Decision Making (C-SOFT-01)
1138,Sales,Sales Executive,13120,9,0.22,LOW,62.5,12,7,63.16,Adobe Creative Cloud software|Adobe Illustrator|Critical Thinking|Monitoring|Reading Comprehension|Salesforce software|Writing,Critical Thinking & Complex Decision Making (C-SOFT-01)
1140,Research & Development,Manufacturing Director,4033,3,0.168,LOW,87.5,9,11,45.0,Active Learning|Adobe Acrobat|Adobe Photoshop|Atlassian Confluence|Atlassian JIRA|Autodesk AutoCAD|Learning Strategies|Microsoft Office software|Microsoft PowerPoint|Reading Comprehension|Writing,Critical Thinking & Complex Decision Making (C-SOFT-01)
1143,Research & Development,Research Scientist,3291,7,0.0876,LOW,81.25,10,12,45.45,Active Learning|Amazon Web Services AWS software|Ansible software|Apache Hadoop|Apache Kafka|C++|Critical Thinking|Docker|Go|Mathematics|Reading Comprehension|Writing,Critical Thinking & Complex Decision Making (C-SOFT-01)
1148,Research & Development,Laboratory Technician,4272,1,0.32,LOW,50.0,11,9,55.0,Active Learning|MEDITECH software|Microsoft Outlook|Microsoft PowerPoint|Monitoring|Reading Comprehension|SAP software|Speaking|Writing,Critical Thinking & Complex Decision Making (C-SOFT-01)
1150,Research & Development,Manufacturing Director,5056,10,0.1953,LOW,68.75,10,10,50.0,Active Listening|Adobe Creative Cloud software|Adobe Photoshop|Amazon Web Services AWS software|Atlassian Confluence|Autodesk AutoCAD|Learning Strategies|Reading Comprehension|Speaking|Writing,Executive Communication & Stakeholder Alignment (C-SOFT-02)
1152,Human Resources,Human Resources,2844,7,0.0754,LOW,87.5,9,11,45.0,Active Learning|Adobe Acrobat|Adobe Creative Cloud software|Adobe InDesign|Adobe Photoshop|Learning Strategies|Microsoft Excel|Microsoft Office software|Microsoft PowerPoint|Oracle HRIS|Workday software,Critical Thinking & Complex Decision Making (C-SOFT-01)
1154,Research & Development,Research Scientist,2703,3,0.4056,MEDIUM,75.0,9,13,40.91,Apache Hadoop|Apache Kafka|Apache Spark|C++|Critical Thinking|Git|GitHub|Go|Mathematics|Monitoring|Reading Comprehension|Speaking|Writing,Critical Thinking & Complex Decision Making (C-SOFT-01)
1156,Research & Development,Laboratory Technician,1904,0,0.6943,HIGH,81.25,8,12,40.0,Active Listening|Billing software|Data entry software|Database software|MEDITECH software|Microsoft Excel|Microsoft Office software|Microsoft Word|Reading Comprehension|Science|Speaking|Writing,Executive Communication & Stakeholder Alignment (C-SOFT-02)
1157,Sales,Sales Executive,8224,5,0.5059,MEDIUM,37.5,8,11,42.11,Active Learning|Adobe Acrobat|Adobe Illustrator|Adobe InDesign|Apple macOS|Autodesk AutoCAD|Microsoft Office software|Microsoft Outlook|Microsoft PowerPoint|Reading Comprehension|Salesforce software,Critical Thinking & Complex Decision Making (C-SOFT-01)
1158,Research & Development,Laboratory Technician,4766,1,0.3593,MEDIUM,62.5,9,11,45.0,Active Listening|Billing software|Commercial plate reader software|Critical Thinking|Data entry software|Database software|Microsoft Excel|Microsoft Outlook|Microsoft PowerPoint|Microsoft Word|SAP software,Executive Communication & Stakeholder Alignment (C-SOFT-02)
1160,Research & Development,Laboratory Technician,2610,2,0.5558,MEDIUM,75.0,8,12,40.0,Critical Thinking|Data entry software|Database software|Google Docs|MEDITECH software|Microsoft Excel|Microsoft Outlook|Microsoft Word|Monitoring|Reading Comprehension|Speaking|Writing,Critical Thinking & Complex Decision Making (C-SOFT-01)
1161,Research & Development,Healthcare Representative,5731,6,0.1424,LOW,75.0,9,10,47.37,Active Listening|Critical Thinking|Google Analytics|Google Workspace software|Intuit QuickBooks|Microsoft Outlook|Reading Comprehension|Salesforce software|Speaking|Writing,Executive Communication & Stakeholder Alignment (C-SOFT-02) + Critical Thinking & Complex Decision Making (C-SOFT-01)
1162,Research & Development,Research Scientist,2539,4,0.1253,LOW,75.0,9,13,40.91,Amazon Web Services AWS software|Apache Spark|Bash|C|Critical Thinking|Docker|Git|Learning Strategies|Mathematics|Reading Comprehension|Science|Speaking|Writing,Critical Thinking & Complex Decision Making (C-SOFT-01)
1163,Sales,Sales Executive,5714,6,0.1595,LOW,56.25,8,11,42.11,Active Learning|Active Listening|Adobe Photoshop|Apple macOS|Autodesk AutoCAD|Critical Thinking|Microsoft Outlook|Microsoft PowerPoint|Monitoring|Speaking|Writing,Executive Communication & Stakeholder Alignment (C-SOFT-02)
1164,Human Resources,Human Resources,4323,5,0.1962,LOW,68.75,9,11,45.0,Adobe Creative Cloud software|Adobe InDesign|Adobe Photoshop|Applicant tracking software|Critical Thinking|Learning Strategies|Microsoft PowerPoint|Monitoring|Oracle HRIS|Speaking|Workday software,Critical Thinking & Complex Decision Making (C-SOFT-01)
1165,Sales,Sales Executive,7336,11,0.5669,MEDIUM,50.0,9,10,47.37,Active Learning|Adobe Acrobat|Adobe Creative Cloud software|Adobe Illustrator|Adobe InDesign|Autodesk AutoCAD|Critical Thinking|Microsoft PowerPoint|Speaking|Writing,Critical Thinking & Complex Decision Making (C-SOFT-01)
1166,Research & Development,Research Director,13499,18,0.0869,LOW,68.75,13,9,59.09,Active Listening|Adobe Acrobat|Adobe Photoshop|Mathematics|Microsoft Access|Microsoft Excel|Microsoft Office software|Monitoring|Speaking,Executive Communication & Stakeholder Alignment (C-SOFT-02)
1167,Sales,Sales Executive,13758,21,0.6222,MEDIUM,56.25,12,7,63.16,Active Listening|Adobe Acrobat|Adobe Illustrator|Adobe InDesign|Critical Thinking|Salesforce software|Speaking,Executive Communication & Stakeholder Alignment (C-SOFT-02)
1171,Sales,Sales Executive,5155,6,0.2214,LOW,62.5,9,10,47.37,Active Learning|Active Listening|Adobe Acrobat|Adobe Creative Cloud software|Apple macOS|Autodesk AutoCAD|Microsoft Excel|Reading Comprehension|Salesforce software|Writing,Executive Communication & Stakeholder Alignment (C-SOFT-02)
1172,Research & Development,Laboratory Technician,2258,8,0.1094,LOW,68.75,10,10,50.0,Active Listening|Billing software|Commercial plate reader software|Critical Thinking|Data entry software|MEDITECH software|Microsoft Office software|Microsoft Word|Reading Comprehension|Science,Executive Communication & Stakeholder Alignment (C-SOFT-02)
1173,Research & Development,Laboratory Technician,3597,4,0.269,LOW,81.25,9,11,45.0,Active Learning|Active Listening|Critical Thinking|Data entry software|Database software|Microsoft Office software|Microsoft PowerPoint|Monitoring|SAP software|Science|Writing,Executive Communication & Stakeholder Alignment (C-SOFT-02) + Critical Thinking & Complex Decision Making (C-SOFT-01)
1175,Research & Development,Laboratory Technician,2515,1,0.7978,HIGH,87.5,8,12,40.0,Commercial plate reader software|Data entry software|Database software|Google Docs|MEDITECH software|Microsoft Office software|Microsoft Outlook|Microsoft PowerPoint|Reading Comprehension|SAP software|Science|Speaking,Critical Thinking & Complex Decision Making (C-SOFT-01)
1177,Research & Development,Laboratory Technician,4420,8,0.1011,LOW,68.75,9,11,45.0,Active Listening|Commercial plate reader software|Critical Thinking|Data entry software|Database software|Google Docs|Microsoft Excel|Microsoft Word|Monitoring|SAP software|Science,Executive Communication & Stakeholder Alignment (C-SOFT-02) + Critical Thinking & Complex Decision Making (C-SOFT-01)
1179,Sales,Sales Executive,6578,10,0.2317,LOW,56.25,9,10,47.37,Adobe Acrobat|Adobe InDesign|Apple macOS|Autodesk AutoCAD|Critical Thinking|Microsoft PowerPoint|Monitoring|Reading Comprehension|Salesforce software|Writing,Critical Thinking & Complex Decision Making (C-SOFT-01)
1180,Research & Development,Research Scientist,4422,1,0.1439,LOW,81.25,12,10,54.55,Active Learning|Active Listening|Ansible software|Apache Hadoop|C|C++|Git|Monitoring|Science|Writing,Executive Communication & Stakeholder Alignment (C-SOFT-02)
1182,Research & Development,Manufacturing Director,10274,7,0.1308,LOW,56.25,11,9,55.0,Amazon Web Services AWS software|Apache Hadoop|Apple macOS|Atlassian Confluence|Autodesk AutoCAD|Microsoft Excel|Microsoft PowerPoint|Monitoring|Writing,Critical Thinking & Complex Decision Making (C-SOFT-01)
1184,Research & Development,Healthcare Representative,5343,13,0.0931,LOW,62.5,10,9,52.63,Active Learning|Active Listening|Amazon Web Services AWS software|Critical Thinking|Google Analytics|Linux|Reading Comprehension|Speaking|Writing,Executive Communication & Stakeholder Alignment (C-SOFT-02)
1185,Research & Development,Laboratory Technician,2376,2,0.1344,LOW,75.0,8,12,40.0,Active Learning|Active Listening|Billing software|Commercial plate reader software|Data entry software|MEDITECH software|Microsoft Office software|Microsoft PowerPoint|Microsoft Word|SAP software|Speaking|Writing,Executive Communication & Stakeholder Alignment (C-SOFT-02)
1188,Sales,Sales Executive,5346,4,0.7005,HIGH,43.75,9,10,47.37,Active Learning|Active Listening|Adobe Acrobat|Adobe Creative Cloud software|Adobe Photoshop|Autodesk AutoCAD|Critical Thinking|Microsoft Excel|Reading Comprehension|Salesforce software,Executive Communication & Stakeholder Alignment (C-SOFT-02)
1190,Sales,Sales Representative,2827,1,0.3341,LOW,62.5,7,12,36.84,Active Learning|Active Listening|Adobe Creative Cloud software|Adobe Illustrator|Adobe Photoshop|Apple macOS|Microsoft Excel|Microsoft Office software|Microsoft PowerPoint|Monitoring|Salesforce software|Speaking,Executive Communication & Stakeholder Alignment (C-SOFT-02)
1191,Research & Development,Manager,19943,5,0.0886,LOW,75.0,14,6,70.0,Adobe Acrobat|Apache Hadoop|Atlassian Confluence|Microsoft Excel|Monitoring|Speaking,Critical Thinking & Complex Decision Making (C-SOFT-01)
1192,Research & Development,Laboratory Technician,3131,10,0.0958,LOW,62.5,10,10,50.0,Active Learning|Billing software|Commercial plate reader software|Data entry software|Database software|Microsoft Excel|Microsoft Office software|Microsoft PowerPoint|Monitoring|Science,Critical Thinking & Complex Decision Making (C-SOFT-01)
1193,Research & Development,Research Scientist,2552,1,0.3829,MEDIUM,62.5,9,13,40.91,Active Learning|Active Listening|Apache Spark|C|Critical Thinking|GitHub|Go|Learning Strategies|Monitoring|Reading Comprehension|Science|Speaking|Writing,Executive Communication & Stakeholder Alignment (C-SOFT-02)
1195,Research & Development,Research Scientist,4477,3,0.3028,LOW,62.5,10,12,45.45,Active Listening|Amazon Web Services AWS software|Apache Spark|C++|Git|GitHub|Go|Learning Strategies|Reading Comprehension|Science|Speaking|Writing,Executive Communication & Stakeholder Alignment (C-SOFT-02)
1196,Research & Development,Manufacturing Director,6474,14,0.048,LOW,75.0,11,9,55.0,Adobe Photoshop|Amazon Web Services AWS software|Atlassian Confluence|Autodesk AutoCAD|Microsoft Excel|Microsoft PowerPoint|Monitoring|Speaking|Writing,Critical Thinking & Complex Decision Making (C-SOFT-01)
1198,Research & Development,Laboratory Technician,3033,2,0.4295,MEDIUM,43.75,8,12,40.0,Critical Thinking|Data entry software|Google Docs|Microsoft Excel|Microsoft Office software|Microsoft Outlook|Microsoft PowerPoint|Monitoring|Reading Comprehension|SAP software|Speaking|Writing,Critical Thinking & Complex Decision Making (C-SOFT-01)
1200,Research & Development,Research Scientist,2936,6,0.5999,MEDIUM,75.0,10,12,45.45,Active Learning|Active Listening|Ansible software|Apache Spark|Bash|C|Critical Thinking|GitHub|Go|Learning Strategies|Mathematics|Science,Executive Communication & Stakeholder Alignment (C-SOFT-02)
1201,Research & Development,Manager,18606,7,0.0504,LOW,75.0,13,7,65.0,Active Learning|Apache Hadoop|Autodesk AutoCAD|Learning Strategies|Microsoft PowerPoint|Monitoring|Speaking,Critical Thinking & Complex Decision Making (C-SOFT-01)
1202,Research & Development,Research Scientist,2168,5,0.3647,MEDIUM,50.0,10,12,45.45,Active Learning|Active Listening|Apache Kafka|Apache Spark|C|Critical Thinking|Git|GitHub|Monitoring|Reading Comprehension|Science|Writing,Executive Communication & Stakeholder Alignment (C-SOFT-02)
1203,Research & Development,Research Scientist,2853,0,0.5748,MEDIUM,68.75,9,13,40.91,Apache Hadoop|Apache Kafka|Apache Spark|Bash|Critical Thinking|Docker|Git|Go|Learning Strategies|Monitoring|Reading Comprehension|Speaking|Writing,Critical Thinking & Complex Decision Making (C-SOFT-01)
1204,Sales,Manager,17048,26,0.1039,LOW,50.0,14,6,70.0,Amazon Web Services AWS software|Atlassian Confluence|Atlassian JIRA|Autodesk AutoCAD|Learning Strategies|Microsoft PowerPoint,Critical Thinking & Complex Decision Making (C-SOFT-01)
1206,Research & Development,Research Scientist,2290,0,0.1411,LOW,75.0,10,12,45.45,Active Listening|Apache Kafka|Apache Spark|Bash|Critical Thinking|Git|Go|Learning Strategies|Mathematics|Reading Comprehension|Speaking|Writing,Executive Communication & Stakeholder Alignment (C-SOFT-02)
1207,Human Resources,Human Resources,3600,5,0.1169,LOW,75.0,9,11,45.0,Active Listening|Adobe Acrobat|Adobe Photoshop|Microsoft Excel|Microsoft Office software|Microsoft Outlook|Microsoft PowerPoint|Oracle HRIS|Reading Comprehension|Speaking|Writing,Executive Communication & Stakeholder Alignment (C-SOFT-02)
1210,Research & Development,Research Scientist,2107,1,0.3118,LOW,31.25,10,12,45.45,Active Learning|Apache Hadoop|C|C++|Critical Thinking|Docker|GitHub|Go|Learning Strategies|Reading Comprehension|Science|Speaking,Applied Machine Learning & Deep Learning (C-TECH-03)
1211,Sales,Sales Executive,4115,4,0.2447,LOW,62.5,9,10,47.37,Active Listening|Adobe Acrobat|Adobe Illustrator|Autodesk AutoCAD|Critical Thinking|Microsoft Office software|Microsoft Outlook|Microsoft PowerPoint|Speaking|Writing,Executive Communication & Stakeholder Alignment (C-SOFT-02)
1212,Sales,Sales Executive,4327,0,0.2053,LOW,68.75,8,11,42.11,Active Learning|Active Listening|Adobe InDesign|Adobe Photoshop|Autodesk AutoCAD|Critical Thinking|Microsoft Outlook|Microsoft PowerPoint|Monitoring|Reading Comprehension|Speaking,Executive Communication & Stakeholder Alignment (C-SOFT-02)
1215,Research & Development,Manager,17856,2,0.066,LOW,68.75,15,5,75.0,Atlassian JIRA|Microsoft Excel|Reading Comprehension|Speaking|Writing,Critical Thinking & Complex Decision Making (C-SOFT-01)
1216,Research & Development,Laboratory Technician,3196,6,0.1322,LOW,62.5,9,11,45.0,Active Learning|Active Listening|Billing software|Data entry software|Database software|Microsoft PowerPoint|Monitoring|Reading Comprehension|SAP software|Speaking|Writing,Executive Communication & Stakeholder Alignment (C-SOFT-02)
1217,Research & Development,Research Director,19081,4,0.0928,LOW,62.5,14,8,63.64,Active Learning|Active Listening|Mathematics|Microsoft Excel|Microsoft SharePoint|Microsoft Visio|Reading Comprehension|Writing,Executive Communication & Stakeholder Alignment (C-SOFT-02)
1218,Sales,Sales Executive,8966,7,0.2021,LOW,68.75,10,9,52.63,Active Learning|Adobe Acrobat|Adobe Illustrator|Adobe InDesign|Apple macOS|Microsoft Office software|Microsoft Outlook|Reading Comprehension|Speaking,Critical Thinking & Complex Decision Making (C-SOFT-01)
1219,Research & Development,Laboratory Technician,2210,1,0.7757,HIGH,62.5,8,12,40.0,Active Learning|Billing software|Critical Thinking|Data entry software|Database software|MEDITECH software|Microsoft Excel|Microsoft Outlook|Microsoft Word|Monitoring|SAP software|Science,Critical Thinking & Complex Decision Making (C-SOFT-01)
1220,Sales,Sales Executive,4539,10,0.1522,LOW,56.25,9,10,47.37,Active Learning|Active Listening|Adobe Creative Cloud software|Adobe Illustrator|Adobe InDesign|Apple macOS|Critical Thinking|Microsoft Office software|Microsoft Outlook|Salesforce software,Executive Communication & Stakeholder Alignment (C-SOFT-02)
1221,Research & Development,Laboratory Technician,2741,7,0.1053,LOW,62.5,9,11,45.0,Active Learning|Active Listening|Billing software|Commercial plate reader software|Data entry software|MEDITECH software|Microsoft PowerPoint|Reading Comprehension|SAP software|Science|Writing,Executive Communication & Stakeholder Alignment (C-SOFT-02)
1224,Research & Development,Laboratory Technician,3491,10,0.156,LOW,62.5,10,10,50.0,Active Listening|Commercial plate reader software|Database software|MEDITECH software|Microsoft Excel|Microsoft Word|Reading Comprehension|SAP software|Science|Speaking,Executive Communication & Stakeholder Alignment (C-SOFT-02)
1225,Research & Development,Research Scientist,4541,20,0.1032,LOW,81.25,13,9,59.09,Active Learning|Active Listening|Amazon Web Services AWS software|Apache Spark|Bash|Docker|Mathematics|Reading Comprehension|Speaking,Executive Communication & Stakeholder Alignment (C-SOFT-02)
1226,Sales,Sales Representative,2678,2,0.2738,LOW,93.75,8,11,42.11,Active Listening|Adobe Creative Cloud software|Adobe Illustrator|Adobe InDesign|Apple macOS|Critical Thinking|Microsoft Excel|Microsoft Office software|Microsoft PowerPoint|Monitoring|Reading Comprehension,Executive Communication & Stakeholder Alignment (C-SOFT-02)
1228,Research & Development,Manufacturing Director,7379,6,0.0869,LOW,87.5,10,10,50.0,Active Listening|Adobe Creative Cloud software|Amazon Web Services AWS software|Apache Hadoop|Critical Thinking|Learning Strategies|Microsoft Office software|Microsoft PowerPoint|Speaking|Writing,Executive Communication & Stakeholder Alignment (C-SOFT-02)
1231,Human Resources,Human Resources,6272,4,0.1366,LOW,62.5,10,10,50.0,Active Learning|Adobe Acrobat|Learning Strategies|Microsoft Excel|Microsoft Office software|Microsoft Outlook|Microsoft PowerPoint|Speaking|Workday software|Writing,Critical Thinking & Complex Decision Making (C-SOFT-01)
1233,Sales,Sales Executive,5220,11,0.1197,LOW,75.0,10,9,52.63,Active Listening|Adobe Acrobat|Adobe Illustrator|Adobe InDesign|Apple macOS|Microsoft Outlook|Monitoring|Salesforce software|Speaking,Executive Communication & Stakeholder Alignment (C-SOFT-02)
1234,Research & Development,Laboratory Technician,2743,2,0.2923,LOW,62.5,8,12,40.0,Active Learning|Active Listening|Billing software|Google Docs|Microsoft Excel|Microsoft Office software|Microsoft Outlook|Microsoft PowerPoint|Microsoft Word|Reading Comprehension|SAP software|Writing,Executive Communication & Stakeholder Alignment (C-SOFT-02)
1235,Research & Development,Research Scientist,4998,8,0.1593,LOW,87.5,11,11,50.0,Apache Spark|Bash|C|Critical Thinking|Git|Go|Monitoring|Reading Comprehension|Science|Speaking|Writing,Applied Machine Learning & Deep Learning (C-TECH-03)
1237,Research & Development,Manufacturing Director,10252,7,0.1715,LOW,50.0,11,9,55.0,Adobe Creative Cloud software|Adobe Photoshop|Atlassian Confluence|Autodesk AutoCAD|Critical Thinking|Microsoft Excel|Microsoft Office software|Monitoring|Writing,Critical Thinking & Complex Decision Making (C-SOFT-01)
1238,Research & Development,Research Scientist,2781,14,0.1222,LOW,62.5,12,10,54.55,Active Learning|Apache Hadoop|Bash|C|Docker|Git|Go|Learning Strategies|Monitoring|Speaking,Critical Thinking & Complex Decision Making (C-SOFT-01)
1239,Sales,Sales Executive,6852,5,0.2817,LOW,50.0,9,10,47.37,Active Listening|Adobe Acrobat|Adobe Illustrator|Adobe Photoshop|Autodesk AutoCAD|Microsoft Office software|Microsoft Outlook|Monitoring|Reading Comprehension|Writing,Executive Communication & Stakeholder Alignment (C-SOFT-02)
1240,Sales,Sales Executive,4950,4,0.1654,LOW,75.0,8,11,42.11,Active Learning|Adobe Acrobat|Adobe Creative Cloud software|Adobe Illustrator|Adobe InDesign|Apple macOS|Autodesk AutoCAD|Microsoft Office software|Microsoft Outlook|Microsoft PowerPoint|Speaking,Critical Thinking & Complex Decision Making (C-SOFT-01)
1241,Research & Development,Research Scientist,3579,11,0.1781,LOW,62.5,11,11,50.0,Ansible software|Apache Kafka|Bash|C|C++|Docker|GitHub|Mathematics|Monitoring|Science|Writing,Critical Thinking & Complex Decision Making (C-SOFT-01)
1242,Research & Development,Research Director,13191,1,0.2052,LOW,50.0,13,9,59.09,Active Learning|Adobe Acrobat|Microsoft Access|Microsoft Excel|Microsoft Outlook|Microsoft PowerPoint|Microsoft SharePoint|Speaking|Writing,Critical Thinking & Complex Decision Making (C-SOFT-01)
1243,Sales,Sales Executive,10377,13,0.2203,LOW,68.75,11,8,57.89,Active Listening|Adobe Illustrator|Adobe InDesign|Adobe Photoshop|Critical Thinking|Microsoft Outlook|Microsoft PowerPoint|Writing,Executive Communication & Stakeholder Alignment (C-SOFT-02)
1244,Research & Development,Research Scientist,2235,9,0.341,LOW,56.25,11,11,50.0,Ansible software|Apache Hadoop|Apache Kafka|Apache Spark|Bash|C|Git|Mathematics|Monitoring|Science|Writing,Critical Thinking & Complex Decision Making (C-SOFT-01)
1245,Research & Development,Manufacturing Director,10502,5,0.0747,LOW,68.75,15,5,75.0,Active Listening|Apache Hadoop|Learning Strategies|Microsoft Excel|Microsoft PowerPoint,Executive Communication & Stakeholder Alignment (C-SOFT-02)
1246,Research & Development,Research Scientist,2011,10,0.1267,LOW,81.25,11,11,50.0,Active Learning|Apache Hadoop|C|Docker|Git|Learning Strategies|Mathematics|Monitoring|Reading Comprehension|Speaking|Writing,Applied Machine Learning & Deep Learning (C-TECH-03)
1248,Research & Development,Research Scientist,1859,1,0.8519,HIGH,43.75,9,13,40.91,Active Listening|Apache Hadoop|Bash|C++|Critical Thinking|Docker|Git|Go|Mathematics|Reading Comprehension|Science|Speaking|Writing,Executive Communication & Stakeholder Alignment (C-SOFT-02)
1249,Research & Development,Research Scientist,3760,3,0.1181,LOW,56.25,9,13,40.91,Active Learning|Active Listening|Amazon Web Services AWS software|Apache Spark|Bash|C|C++|Critical Thinking|Git|Learning Strategies|Reading Comprehension|Speaking|Writing,Executive Communication & Stakeholder Alignment (C-SOFT-02)
1250,Research & Development,Research Director,17779,10,0.0566,LOW,75.0,17,5,77.27,Adobe Photoshop|Critical Thinking|Learning Strategies|Microsoft Office software|Science,Critical Thinking & Complex Decision Making (C-SOFT-01)
1251,Research & Development,Healthcare Representative,6833,6,0.2134,LOW,68.75,8,11,42.11,Active Learning|Amazon Web Services AWS software|Apache Hadoop|IBM SPSS Statistics|Intuit QuickBooks|Microsoft Excel|Microsoft Office software|Monitoring|Reading Comprehension|Speaking|Writing,Critical Thinking & Complex Decision Making (C-SOFT-01)
1252,Research & Development,Healthcare Representative,6812,10,0.1162,LOW,50.0,9,10,47.37,Active Learning|Apache Hadoop|Google Analytics|Google Workspace software|HubSpot software|Intuit QuickBooks|Linux|Microsoft Office software|Microsoft Outlook|Writing,Critical Thinking & Complex Decision Making (C-SOFT-01)
1254,Sales,Sales Executive,5171,6,0.2391,LOW,81.25,10,9,52.63,Active Learning|Adobe Acrobat|Adobe Creative Cloud software|Adobe Illustrator|Critical Thinking|Microsoft Office software|Reading Comprehension|Speaking|Writing,Critical Thinking & Complex Decision Making (C-SOFT-01)
1255,Research & Development,Research Director,19740,8,0.0666,LOW,62.5,14,8,63.64,Active Listening|ESRI ArcGIS software|IBM SPSS Statistics|Learning Strategies|Microsoft Excel|Microsoft Office software|Microsoft SharePoint|Science,Executive Communication & Stakeholder Alignment (C-SOFT-02)
1256,Research & Development,Manager,18711,1,0.0821,LOW,56.25,13,7,65.0,Active Listening|Adobe Acrobat|Amazon Web Services AWS software|Apache Hadoop|Apple macOS|Atlassian Confluence|Critical Thinking,Executive Communication & Stakeholder Alignment (C-SOFT-02)
1257,Research & Development,Research Scientist,3692,11,0.097,LOW,68.75,11,11,50.0,Active Learning|Active Listening|Apache Hadoop|Apache Kafka|Critical Thinking|Git|GitHub|Learning Strategies|Reading Comprehension|Speaking|Writing,Executive Communication & Stakeholder Alignment (C-SOFT-02)
1258,Research & Development,Laboratory Technician,2559,1,0.2498,LOW,81.25,9,11,45.0,Data entry software|Database software|Google Docs|Microsoft Excel|Microsoft PowerPoint|Microsoft Word|Monitoring|SAP software|Science|Speaking|Writing,Critical Thinking & Complex Decision Making (C-SOFT-01)
1259,Research & Development,Research Scientist,2517,5,0.1192,LOW,56.25,10,12,45.45,Ansible software|Apache Hadoop|Apache Spark|C|C++|Critical Thinking|Docker|Git|Go|Mathematics|Monitoring|Writing,Critical Thinking & Complex Decision Making (C-SOFT-01)
1260,Research & Development,Healthcare Representative,6623,6,0.1538,LOW,75.0,8,11,42.11,Active Learning|Active Listening|Amazon Web Services AWS software|Apache Hadoop|Critical Thinking|Linux|Microsoft Outlook|Monitoring|Reading Comprehension|Salesforce software|Writing,Executive Communication & Stakeholder Alignment (C-SOFT-02)
1263,Research & Development,Research Director,18265,1,0.0581,LOW,81.25,14,8,63.64,Active Learning|Adobe Photoshop|Critical Thinking|Microsoft Excel|Microsoft Office software|Microsoft Outlook|Reading Comprehension|Speaking,Critical Thinking & Complex Decision Making (C-SOFT-01)
1264,Research & Development,Research Director,16124,7,0.0695,LOW,75.0,11,11,50.0,Active Listening|Adobe Acrobat|Learning Strategies|Mathematics|Microsoft Excel|Microsoft Office software|Microsoft PowerPoint|Microsoft Project|Microsoft SharePoint|Reading Comprehension|Writing,Executive Communication & Stakeholder Alignment (C-SOFT-02)
1265,Research & Development,Research Scientist,2585,1,0.1618,LOW,87.5,9,13,40.91,Active Listening|Apache Spark|Bash|Critical Thinking|Git|GitHub|Go|Learning Strategies|Monitoring|Reading Comprehension|Science|Speaking|Writing,Executive Communication & Stakeholder Alignment (C-SOFT-02)
1267,Sales,Manager,18213,22,0.0983,LOW,62.5,13,7,65.0,Active Listening|Adobe Acrobat|Atlassian Confluence|Atlassian JIRA|Critical Thinking|Microsoft Office software|Speaking,Executive Communication & Stakeholder Alignment (C-SOFT-02)
1268,Sales,Sales Executive,8380,9,0.146,LOW,93.75,9,10,47.37,Active Learning|Active Listening|Adobe Acrobat|Adobe InDesign|Autodesk AutoCAD|Microsoft Outlook|Microsoft PowerPoint|Salesforce software|Speaking|Writing,Executive Communication & Stakeholder Alignment (C-SOFT-02)
1269,Research & Development,Research Scientist,2994,1,0.4676,MEDIUM,87.5,9,13,40.91,Active Learning|Active Listening|Ansible software|Apache Hadoop|Apache Kafka|Bash|C|C++|Git|Learning Strategies|Monitoring|Science|Speaking,Executive Communication & Stakeholder Alignment (C-SOFT-02)
1270,Research & Development,Research Scientist,1223,1,0.1891,LOW,87.5,9,13,40.91,Active Listening|Amazon Web Services AWS software|Ansible software|Apache Kafka|Apache Spark|Bash|Critical Thinking|Docker|Git|Mathematics|Monitoring|Speaking|Writing,Executive Communication & Stakeholder Alignment (C-SOFT-02)
1273,Sales,Sales Representative,1118,1,0.8304,HIGH,75.0,7,12,36.84,Active Learning|Active Listening|Adobe Creative Cloud software|Adobe Illustrator|Adobe Photoshop|Apple macOS|Microsoft Excel|Microsoft Outlook|Microsoft PowerPoint|Salesforce software|Speaking|Writing,Executive Communication & Stakeholder Alignment (C-SOFT-02)
1275,Research & Development,Research Scientist,2875,8,0.3723,MEDIUM,75.0,10,12,45.45,Active Learning|Active Listening|Ansible software|Apache Hadoop|C++|Critical Thinking|Docker|Go|Learning Strategies|Mathematics|Monitoring|Reading Comprehension,Executive Communication & Stakeholder Alignment (C-SOFT-02)
1277,Sales,Manager,18824,24,0.6416,MEDIUM,31.25,13,7,65.0,Adobe Acrobat|Atlassian Confluence|Atlassian JIRA|Microsoft Excel|Microsoft PowerPoint|Monitoring|Speaking,Critical Thinking & Complex Decision Making (C-SOFT-01)
1278,Research & Development,Healthcare Representative,13577,33,0.093,LOW,75.0,14,5,73.68,Active Learning|Active Listening|IBM SPSS Statistics|Microsoft Excel|Writing,Executive Communication & Stakeholder Alignment (C-SOFT-02)
1279,Research & Development,Laboratory Technician,2625,2,0.7352,HIGH,56.25,8,12,40.0,Active Listening|Billing software|Critical Thinking|Data entry software|Google Docs|MEDITECH software|Microsoft Excel|Microsoft PowerPoint|Reading Comprehension|SAP software|Science|Speaking,Executive Communication & Stakeholder Alignment (C-SOFT-02) + Critical Thinking & Complex Decision Making (C-SOFT-01)
1280,Sales,Manager,18789,11,0.1001,LOW,68.75,13,7,65.0,Active Learning|Adobe Creative Cloud software|Apache Hadoop|Apple macOS|Atlassian JIRA|Monitoring|Writing,Critical Thinking & Complex Decision Making (C-SOFT-01)
1281,Sales,Sales Executive,4538,3,0.2515,LOW,68.75,8,11,42.11,Active Learning|Adobe Creative Cloud software|Adobe Photoshop|Apple macOS|Autodesk AutoCAD|Critical Thinking|Microsoft Excel|Microsoft Outlook|Microsoft PowerPoint|Reading Comprehension|Writing,Critical Thinking & Complex Decision Making (C-SOFT-01)
1282,Sales,Manager,19847,29,0.1174,LOW,62.5,14,6,70.0,Active Listening|Adobe Photoshop|Apple macOS|Learning Strategies|Microsoft Office software|Reading Comprehension,Executive Communication & Stakeholder Alignment (C-SOFT-02)
1283,Research & Development,Manufacturing Director,10512,9,0.1597,LOW,93.75,13,7,65.0,Active Learning|Active Listening|Adobe Creative Cloud software|Atlassian JIRA|Critical Thinking|Microsoft Office software|Speaking,Executive Communication & Stakeholder Alignment (C-SOFT-02)
1285,Research & Development,Laboratory Technician,4444,11,0.1071,LOW,68.75,11,9,55.0,Data entry software|Database software|MEDITECH software|Microsoft Excel|Microsoft Office software|Microsoft Outlook|Microsoft PowerPoint|Science|Writing,Critical Thinking & Complex Decision Making (C-SOFT-01)
1286,Research & Development,Laboratory Technician,2154,4,0.3083,LOW,81.25,9,11,45.0,Active Learning|Active Listening|Critical Thinking|Database software|Microsoft Excel|Microsoft Outlook|Monitoring|Reading Comprehension|SAP software|Speaking|Writing,Executive Communication & Stakeholder Alignment (C-SOFT-02) + Critical Thinking & Complex Decision Making (C-SOFT-01)
1288,Research & Development,Manager,19190,25,0.0863,LOW,75.0,13,7,65.0,Active Listening|Adobe Photoshop|Atlassian Confluence|Atlassian JIRA|Autodesk AutoCAD|Microsoft Office software|Reading Comprehension,Executive Communication & Stakeholder Alignment (C-SOFT-02)
1289,Human Resources,Human Resources,4490,10,0.1046,LOW,68.75,11,9,55.0,Active Listening|Adobe Photoshop|Critical Thinking|Microsoft Outlook|Microsoft PowerPoint|Oracle HRIS|Reading Comprehension|Speaking|Writing,Executive Communication & Stakeholder Alignment (C-SOFT-02) + Critical Thinking & Complex Decision Making (C-SOFT-01)
1291,Research & Development,Research Scientist,3506,3,0.2693,LOW,81.25,9,13,40.91,Active Listening|Amazon Web Services AWS software|Apache Hadoop|Apache Spark|C++|Critical Thinking|Docker|GitHub|Mathematics|Monitoring|Reading Comprehension|Science|Speaking,Executive Communication & Stakeholder Alignment (C-SOFT-02)
1292,Research & Development,Research Scientist,2372,1,0.1839,LOW,75.0,13,9,59.09,Active Listening|Ansible software|Apache Hadoop|Bash|C++|Critical Thinking|Docker|Git|Learning Strategies,Executive Communication & Stakeholder Alignment (C-SOFT-02)
1293,Sales,Sales Executive,10231,21,0.1616,LOW,87.5,12,7,63.16,Active Listening|Adobe Creative Cloud software|Adobe Illustrator|Microsoft Office software|Monitoring|Salesforce software|Speaking,Executive Communication & Stakeholder Alignment (C-SOFT-02)
1294,Research & Development,Manufacturing Director,5410,16,0.1827,LOW,75.0,12,8,60.0,Adobe Photoshop|Amazon Web Services AWS software|Apache Hadoop|Autodesk AutoCAD|Critical Thinking|Learning Strategies|Monitoring|Reading Comprehension,Critical Thinking & Complex Decision Making (C-SOFT-01)
1295,Research & Development,Healthcare Representative,7978,10,0.4398,MEDIUM,75.0,9,10,47.37,Active Listening|Google Analytics|Google Workspace software|Linux|Microsoft Excel|Microsoft Office software|Microsoft Outlook|Reading Comprehension|Speaking|Writing,Executive Communication & Stakeholder Alignment (C-SOFT-02)
1296,Research & Development,Laboratory Technician,3867,2,0.484,MEDIUM,75.0,8,12,40.0,Active Learning|Active Listening|Billing software|Commercial plate reader software|Critical Thinking|Database software|Microsoft PowerPoint|Monitoring|Reading Comprehension|Science|Speaking|Writing,Executive Communication & Stakeholder Alignment (C-SOFT-02)
1297,Research & Development,Laboratory Technician,2838,7,0.2685,LOW,56.25,9,11,45.0,Billing software|Critical Thinking|Data entry software|Google Docs|Microsoft Office software|Microsoft Outlook|Monitoring|Reading Comprehension|SAP software|Science|Writing,Critical Thinking & Complex Decision Making (C-SOFT-01)
1298,Research & Development,Manufacturing Director,4695,8,0.206,LOW,75.0,10,10,50.0,Amazon Web Services AWS software|Apache Hadoop|Atlassian JIRA|Autodesk AutoCAD|Critical Thinking|Learning Strategies|Microsoft Office software|Monitoring|Speaking|Writing,Critical Thinking & Complex Decision Making (C-SOFT-01)
1299,Research & Development,Laboratory Technician,3339,7,0.7104,HIGH,56.25,10,10,50.0,Active Learning|Billing software|Commercial plate reader software|Microsoft Excel|Microsoft Outlook|Monitoring|Reading Comprehension|SAP software|Science|Speaking,Critical Thinking & Complex Decision Making (C-SOFT-01)
1301,Research & Development,Research Scientist,2080,3,0.215,LOW,62.5,10,12,45.45,Apache Hadoop|Apache Kafka|Apache Spark|C|C++|Docker|Git|Mathematics|Monitoring|Reading Comprehension|Speaking|Writing,Critical Thinking & Complex Decision Making (C-SOFT-01)
1303,Research & Development,Research Scientist,2096,2,0.3263,LOW,81.25,9,13,40.91,Active Learning|Ansible software|Apache Hadoop|Apache Kafka|Bash|Docker|Git|Go|Learning Strategies|Mathematics|Monitoring|Reading Comprehension|Writing,Critical Thinking & Complex Decision Making (C-SOFT-01)
1304,Sales,Sales Executive,6209,10,0.1131,LOW,87.5,9,10,47.37,Active Listening|Adobe Creative Cloud software|Adobe InDesign|Adobe Photoshop|Autodesk AutoCAD|Microsoft Excel|Microsoft Office software|Microsoft PowerPoint|Reading Comprehension|Salesforce software,Executive Communication & Stakeholder Alignment (C-SOFT-02)
1306,Research & Development,Manager,18061,0,0.1032,LOW,62.5,12,8,60.0,Adobe Acrobat|Apache Hadoop|Atlassian Confluence|Atlassian JIRA|Autodesk AutoCAD|Microsoft Excel|Reading Comprehension|Writing,Critical Thinking & Complex Decision Making (C-SOFT-01)
1307,Research & Development,Manager,17123,19,0.1182,LOW,68.75,12,8,60.0,Active Learning|Adobe Creative Cloud software|Amazon Web Services AWS software|Apache Hadoop|Apple macOS|Autodesk AutoCAD|Monitoring|Writing,Critical Thinking & Complex Decision Making (C-SOFT-01)
1308,Research & Development,Research Scientist,2372,2,0.1378,LOW,68.75,9,13,40.91,Active Listening|Ansible software|Apache Hadoop|Apache Kafka|Apache Spark|C++|Critical Thinking|Docker|GitHub|Go|Learning Strategies|Monitoring|Writing,Executive Communication & Stakeholder Alignment (C-SOFT-02)
1309,Research & Development,Laboratory Technician,4883,10,0.3784,MEDIUM,68.75,10,10,50.0,Active Learning|Active Listening|Billing software|Commercial plate reader software|Database software|Google Docs|MEDITECH software|Microsoft Office software|Microsoft Outlook|Monitoring,Executive Communication & Stakeholder Alignment (C-SOFT-02)
1310,Research & Development,Research Scientist,3904,5,0.5177,MEDIUM,50.0,10,12,45.45,Active Learning|Amazon Web Services AWS software|Ansible software|Apache Kafka|Critical Thinking|Docker|GitHub|Go|Learning Strategies|Mathematics|Reading Comprehension|Science,Critical Thinking & Complex Decision Making (C-SOFT-01)
1311,Research & Development,Laboratory Technician,4627,9,0.1031,LOW,50.0,10,10,50.0,Critical Thinking|Data entry software|MEDITECH software|Microsoft Excel|Microsoft Outlook|Microsoft Word|Monitoring|Reading Comprehension|Speaking|Writing,Critical Thinking & Complex Decision Making (C-SOFT-01)
1312,Research & Development,Healthcare Representative,7094,7,0.122,LOW,68.75,9,10,47.37,Active Listening|Amazon Web Services AWS software|Apache Hadoop|Critical Thinking|Google Analytics|Google Workspace software|HubSpot software|Microsoft Office software|Reading Comprehension|Salesforce software,Executive Communication & Stakeholder Alignment (C-SOFT-02)
1314,Human Resources,Human Resources,3423,7,0.1511,LOW,68.75,10,10,50.0,Active Listening|Adobe Acrobat|Adobe Illustrator|Adobe Photoshop|Critical Thinking|Learning Strategies|Microsoft Excel|Microsoft Office software|Microsoft PowerPoint|Oracle HRIS,Executive Communication & Stakeholder Alignment (C-SOFT-02)
1315,Research & Development,Laboratory Technician,6674,9,0.1226,LOW,56.25,10,10,50.0,Billing software|Commercial plate reader software|Database software|Microsoft Excel|Microsoft Office software|Microsoft Word|Monitoring|Reading Comprehension|SAP software|Writing,Critical Thinking & Complex Decision Making (C-SOFT-01)
1317,Research & Development,Research Director,16880,3,0.1646,LOW,62.5,14,8,63.64,Active Listening|Adobe Photoshop|IBM SPSS Statistics|Learning Strategies|Microsoft Excel|Microsoft Office software|Microsoft Visio|Reading Comprehension,Executive Communication & Stakeholder Alignment (C-SOFT-02)
1318,Sales,Sales Executive,9094,5,0.4647,MEDIUM,68.75,9,10,47.37,Active Learning|Adobe Acrobat|Adobe Creative Cloud software|Adobe InDesign|Adobe Photoshop|Autodesk AutoCAD|Critical Thinking|Microsoft PowerPoint|Speaking|Writing,Critical Thinking & Complex Decision Making (C-SOFT-01)
1319,Sales,Sales Executive,8446,8,0.708,HIGH,62.5,9,10,47.37,Active Learning|Adobe Creative Cloud software|Adobe InDesign|Apple macOS|Autodesk AutoCAD|Microsoft Excel|Microsoft Outlook|Reading Comprehension|Salesforce software|Writing,Critical Thinking & Complex Decision Making (C-SOFT-01)
1321,Research & Development,Manager,11916,9,0.1804,LOW,62.5,10,10,50.0,Active Learning|Adobe Photoshop|Amazon Web Services AWS software|Apache Hadoop|Atlassian Confluence|Atlassian JIRA|Critical Thinking|Microsoft Office software|Microsoft PowerPoint|Reading Comprehension,Critical Thinking & Complex Decision Making (C-SOFT-01)
1322,Research & Development,Manufacturing Director,4534,8,0.1756,LOW,50.0,10,10,50.0,Active Listening|Adobe Acrobat|Amazon Web Services AWS software|Apple macOS|Learning Strategies|Microsoft Excel|Monitoring|Reading Comprehension|Speaking|Writing,Executive Communication & Stakeholder Alignment (C-SOFT-02)
1324,Sales,Sales Executive,9852,10,0.2324,LOW,68.75,9,10,47.37,Active Learning|Adobe Acrobat|Adobe Illustrator|Adobe InDesign|Microsoft Office software|Microsoft Outlook|Monitoring|Reading Comprehension|Salesforce software|Speaking,Critical Thinking & Complex Decision Making (C-SOFT-01)
1329,Sales,Sales Executive,6151,19,0.1756,LOW,43.75,11,8,57.89,Adobe Illustrator|Adobe InDesign|Adobe Photoshop|Microsoft Excel|Microsoft Office software|Microsoft Outlook|Monitoring|Reading Comprehension,Critical Thinking & Complex Decision Making (C-SOFT-01)
1331,Sales,Sales Representative,2302,3,0.7872,HIGH,62.5,8,11,42.11,Adobe Acrobat|Adobe Illustrator|Adobe InDesign|Adobe Photoshop|Apple macOS|Autodesk AutoCAD|Critical Thinking|Microsoft PowerPoint|Monitoring|Reading Comprehension|Writing,Critical Thinking & Complex Decision Making (C-SOFT-01)
1333,Research & Development,Laboratory Technician,2362,3,0.2738,LOW,50.0,10,10,50.0,Active Learning|Billing software|Critical Thinking|Data entry software|Google Docs|Microsoft Office software|Microsoft Outlook|SAP software|Speaking|Writing,Critical Thinking & Complex Decision Making (C-SOFT-01)
1334,Research & Development,Manager,17861,20,0.1059,LOW,81.25,12,8,60.0,Adobe Photoshop|Apple macOS|Atlassian Confluence|Atlassian JIRA|Learning Strategies|Microsoft Office software|Microsoft PowerPoint|Writing,Critical Thinking & Complex Decision Making (C-SOFT-01)
1336,Research & Development,Manager,19187,19,0.1356,LOW,75.0,13,7,65.0,Adobe Acrobat|Apple macOS|Atlassian Confluence|Microsoft Excel|Microsoft Office software|Monitoring|Writing,Critical Thinking & Complex Decision Making (C-SOFT-01)
1338,Human Resources,Manager,19717,7,0.1234,LOW,62.5,16,4,80.0,Active Listening|Amazon Web Services AWS software|Atlassian Confluence|Reading Comprehension,Executive Communication & Stakeholder Alignment (C-SOFT-02)
1340,Research & Development,Research Scientist,3544,4,0.168,LOW,68.75,10,12,45.45,Active Listening|Ansible software|Apache Spark|Bash|C|C++|Git|GitHub|Learning Strategies|Mathematics|Monitoring|Reading Comprehension,Executive Communication & Stakeholder Alignment (C-SOFT-02)
1344,Research & Development,Healthcare Representative,8500,9,0.1035,LOW,93.75,9,10,47.37,Apache Hadoop|Google Workspace software|IBM SPSS Statistics|Intuit QuickBooks|Microsoft Excel|Microsoft Office software|Microsoft Outlook|Monitoring|Reading Comprehension|Writing,Critical Thinking & Complex Decision Making (C-SOFT-01)
1346,Research & Development,Research Scientist,4661,9,0.08,LOW,81.25,11,11,50.0,Ansible software|Apache Hadoop|Apache Kafka|Apache Spark|Bash|C|Learning Strategies|Mathematics|Monitoring|Speaking|Writing,Critical Thinking & Complex Decision Making (C-SOFT-01)
1349,Sales,Sales Executive,4103,9,0.1251,LOW,68.75,9,10,47.37,Active Listening|Adobe Acrobat|Adobe Creative Cloud software|Adobe Illustrator|Adobe InDesign|Microsoft Excel|Microsoft Office software|Microsoft Outlook|Reading Comprehension|Writing,Executive Communication & Stakeholder Alignment (C-SOFT-02)
1350,Research & Development,Research Scientist,4249,9,0.2729,LOW,68.75,11,11,50.0,Active Listening|Amazon Web Services AWS software|Ansible software|Apache Kafka|Bash|Critical Thinking|Git|Go|Mathematics|Monitoring|Writing,Executive Communication & Stakeholder Alignment (C-SOFT-02)
1352,Human Resources,Manager,14026,33,0.1018,LOW,62.5,15,5,75.0,Adobe Photoshop|Apple macOS|Learning Strategies|Microsoft PowerPoint|Speaking,Critical Thinking & Complex Decision Making (C-SOFT-01)
1355,Sales,Sales Executive,6893,7,0.1249,LOW,62.5,9,10,47.37,Active Learning|Active Listening|Adobe Creative Cloud software|Adobe Illustrator|Adobe InDesign|Autodesk AutoCAD|Critical Thinking|Microsoft Excel|Microsoft Outlook|Reading Comprehension,Executive Communication & Stakeholder Alignment (C-SOFT-02)
1356,Sales,Sales Executive,6125,10,0.1933,LOW,68.75,9,10,47.37,Adobe Creative Cloud software|Adobe Illustrator|Adobe InDesign|Apple macOS|Critical Thinking|Microsoft Office software|Microsoft Outlook|Monitoring|Reading Comprehension|Writing,Critical Thinking & Complex Decision Making (C-SOFT-01)
1358,Research & Development,Laboratory Technician,3669,3,0.1665,LOW,87.5,9,11,45.0,Active Learning|Active Listening|Data entry software|Database software|Microsoft Excel|Microsoft Word|Reading Comprehension|SAP software|Science|Speaking|Writing,Executive Communication & Stakeholder Alignment (C-SOFT-02)
1360,Research & Development,Manufacturing Director,10008,10,0.5752,MEDIUM,62.5,14,6,70.0,Active Learning|Adobe Photoshop|Apache Hadoop|Atlassian Confluence|Learning Strategies|Writing,Critical Thinking & Complex Decision Making (C-SOFT-01)
1361,Research & Development,Laboratory Technician,2387,4,0.1389,LOW,62.5,9,11,45.0,Active Listening|Billing software|Data entry software|Database software|MEDITECH software|Microsoft Excel|Microsoft Office software|Monitoring|Reading Comprehension|Speaking|Writing,Executive Communication & Stakeholder Alignment (C-SOFT-02)
1362,Sales,Sales Executive,4639,15,0.1518,LOW,62.5,11,8,57.89,Active Learning|Active Listening|Adobe Creative Cloud software|Adobe Illustrator|Adobe InDesign|Apple macOS|Microsoft PowerPoint|Reading Comprehension,Executive Communication & Stakeholder Alignment (C-SOFT-02)
1363,Research & Development,Manufacturing Director,7898,10,0.0819,LOW,87.5,10,10,50.0,Active Listening|Adobe Acrobat|Amazon Web Services AWS software|Apache Hadoop|Atlassian Confluence|Learning Strategies|Microsoft Excel|Microsoft Office software|Reading Comprehension|Writing,Executive Communication & Stakeholder Alignment (C-SOFT-02)
1364,Sales,Sales Representative,2534,1,0.2653,LOW,81.25,8,11,42.11,Adobe Illustrator|Adobe Photoshop|Critical Thinking|Microsoft Office software|Microsoft Outlook|Microsoft PowerPoint|Monitoring|Reading Comprehension|Salesforce software|Speaking|Writing,Critical Thinking & Complex Decision Making (C-SOFT-01)
1367,Research & Development,Manufacturing Director,13142,5,0.0784,LOW,62.5,14,6,70.0,Adobe Acrobat|Adobe Photoshop|Atlassian Confluence|Critical Thinking|Reading Comprehension|Speaking,Critical Thinking & Complex Decision Making (C-SOFT-01)
1368,Research & Development,Laboratory Technician,1611,0,0.3559,MEDIUM,87.5,8,12,40.0,Active Learning|Active Listening|Data entry software|Database software|Google Docs|Microsoft Excel|Microsoft PowerPoint|Microsoft Word|Monitoring|Reading Comprehension|SAP software|Writing,Executive Communication & Stakeholder Alignment (C-SOFT-02)
1369,Research & Development,Laboratory Technician,5363,9,0.0693,LOW,75.0,10,10,50.0,Commercial plate reader software|Data entry software|Database software|Google Docs|MEDITECH software|Microsoft Office software|Microsoft PowerPoint|Monitoring|SAP software|Writing,Critical Thinking & Complex Decision Making (C-SOFT-01)
1371,Sales,Sales Executive,5071,6,0.1284,LOW,68.75,9,10,47.37,Adobe Creative Cloud software|Adobe Photoshop|Apple macOS|Microsoft Excel|Microsoft Office software|Microsoft Outlook|Microsoft PowerPoint|Monitoring|Reading Comprehension|Salesforce software,Critical Thinking & Complex Decision Making (C-SOFT-01)
1372,Sales,Sales Executive,13695,19,0.6586,HIGH,68.75,12,7,63.16,Adobe Acrobat|Adobe Illustrator|Adobe Photoshop|Apple macOS|Autodesk AutoCAD|Microsoft Office software|Reading Comprehension,Critical Thinking & Complex Decision Making (C-SOFT-01)
1373,Research & Development,Manufacturing Director,13402,19,0.1453,LOW,62.5,15,5,75.0,Amazon Web Services AWS software|Apache Hadoop|Atlassian JIRA|Microsoft Office software|Reading Comprehension,Critical Thinking & Complex Decision Making (C-SOFT-01)
1374,Research & Development,Research Scientist,2029,5,0.1506,LOW,56.25,10,12,45.45,Active Learning|Amazon Web Services AWS software|Ansible software|Apache Kafka|C++|Critical Thinking|Docker|Git|Mathematics|Reading Comprehension|Science|Writing,Critical Thinking & Complex Decision Making (C-SOFT-01)
1375,Research & Development,Healthcare Representative,6377,12,0.1075,LOW,68.75,10,9,52.63,Active Listening|HubSpot software|Intuit QuickBooks|Linux|Microsoft Excel|Microsoft Outlook|Monitoring|Reading Comprehension|Speaking,Executive Communication & Stakeholder Alignment (C-SOFT-02)
1377,Research & Development,Laboratory Technician,5429,8,0.1551,LOW,56.25,10,10,50.0,Active Learning|Active Listening|MEDITECH software|Microsoft Excel|Microsoft Outlook|Microsoft PowerPoint|Microsoft Word|SAP software|Science|Writing,Executive Communication & Stakeholder Alignment (C-SOFT-02)
1379,Sales,Sales Representative,2785,1,0.6989,HIGH,75.0,8,11,42.11,Adobe Acrobat|Adobe Creative Cloud software|Adobe Illustrator|Adobe InDesign|Adobe Photoshop|Microsoft Excel|Microsoft Office software|Microsoft PowerPoint|Reading Comprehension|Salesforce software|Writing,Critical Thinking & Complex Decision Making (C-SOFT-01)
1380,Sales,Sales Executive,4614,4,0.6357,MEDIUM,81.25,8,11,42.11,Active Learning|Active Listening|Adobe Acrobat|Adobe Creative Cloud software|Critical Thinking|Microsoft Excel|Microsoft Office software|Microsoft Outlook|Salesforce software|Speaking|Writing,Executive Communication & Stakeholder Alignment (C-SOFT-02)
1382,Research & Development,Research Scientist,2610,4,0.0994,LOW,93.75,9,13,40.91,Active Learning|Amazon Web Services AWS software|Apache Hadoop|Apache Kafka|Apache Spark|C++|Critical Thinking|Docker|Go|Mathematics|Monitoring|Reading Comprehension|Writing,Critical Thinking & Complex Decision Making (C-SOFT-01)
1383,Research & Development,Healthcare Representative,6687,14,0.087,LOW,87.5,10,9,52.63,Active Listening|Amazon Web Services AWS software|Google Analytics|Google Workspace software|HubSpot software|IBM SPSS Statistics|Microsoft Excel|Microsoft Office software|Speaking,Executive Communication & Stakeholder Alignment (C-SOFT-02)
1387,Sales,Sales Executive,4724,5,0.188,LOW,56.25,8,11,42.11,Adobe Acrobat|Adobe Creative Cloud software|Adobe Illustrator|Adobe InDesign|Apple macOS|Critical Thinking|Microsoft Outlook|Microsoft PowerPoint|Reading Comprehension|Salesforce software|Writing,Critical Thinking & Complex Decision Making (C-SOFT-01)
1389,Research & Development,Manufacturing Director,6179,10,0.2484,LOW,87.5,10,10,50.0,Active Listening|Adobe Acrobat|Adobe Creative Cloud software|Adobe Photoshop|Amazon Web Services AWS software|Atlassian Confluence|Atlassian JIRA|Critical Thinking|Microsoft Excel|Speaking,Executive Communication & Stakeholder Alignment (C-SOFT-02)
1390,Sales,Sales Executive,6120,5,0.2462,LOW,68.75,9,10,47.37,Active Listening|Adobe Acrobat|Adobe Creative Cloud software|Adobe Illustrator|Adobe Photoshop|Microsoft Excel|Microsoft Office software|Monitoring|Reading Comprehension|Speaking,Executive Communication & Stakeholder Alignment (C-SOFT-02)
1391,Sales,Sales Executive,10596,4,0.3772,MEDIUM,56.25,10,9,52.63,Adobe Creative Cloud software|Adobe Illustrator|Adobe InDesign|Apple macOS|Autodesk AutoCAD|Microsoft Office software|Microsoft Outlook|Monitoring|Writing,Critical Thinking & Complex Decision Making (C-SOFT-01)
1392,Research & Development,Research Scientist,5467,6,0.1381,LOW,75.0,11,11,50.0,Active Listening|Amazon Web Services AWS software|Apache Hadoop|Critical Thinking|Docker|Git|GitHub|Learning Strategies|Monitoring|Speaking|Writing,Executive Communication & Stakeholder Alignment (C-SOFT-02)
1394,Research & Development,Research Scientist,2996,6,0.2962,LOW,81.25,10,12,45.45,Ansible software|Apache Hadoop|Apache Spark|Bash|Git|GitHub|Go|Learning Strategies|Mathematics|Reading Comprehension|Science|Speaking,Critical Thinking & Complex Decision Making (C-SOFT-01)
1395,Sales,Sales Executive,9998,5,0.2104,LOW,62.5,9,10,47.37,Active Listening|Apple macOS|Autodesk AutoCAD|Critical Thinking|Microsoft Office software|Microsoft Outlook|Microsoft PowerPoint|Reading Comprehension|Speaking|Writing,Executive Communication & Stakeholder Alignment (C-SOFT-02)
1396,Sales,Sales Executive,4078,3,0.3527,MEDIUM,56.25,8,11,42.11,Active Learning|Active Listening|Adobe Acrobat|Apple macOS|Autodesk AutoCAD|Critical Thinking|Microsoft Excel|Microsoft Office software|Microsoft Outlook|Monitoring|Writing,Executive Communication & Stakeholder Alignment (C-SOFT-02)
1397,Research & Development,Healthcare Representative,10920,6,0.0755,LOW,68.75,10,9,52.63,Active Learning|Apache Hadoop|Intuit QuickBooks|Microsoft Outlook|Monitoring|Reading Comprehension|Salesforce software|Speaking|Writing,Critical Thinking & Complex Decision Making (C-SOFT-01)
1399,Sales,Sales Executive,6232,3,0.2336,LOW,62.5,8,11,42.11,Active Learning|Adobe Acrobat|Adobe Creative Cloud software|Adobe Photoshop|Apple macOS|Microsoft Excel|Microsoft PowerPoint|Monitoring|Salesforce software|Speaking|Writing,Critical Thinking & Complex Decision Making (C-SOFT-01)
1401,Research & Development,Manufacturing Director,13247,5,0.1249,LOW,81.25,13,7,65.0,Adobe Acrobat|Adobe Creative Cloud software|Adobe Photoshop|Amazon Web Services AWS software|Atlassian JIRA|Learning Strategies|Microsoft Excel,Critical Thinking & Complex Decision Making (C-SOFT-01)
1402,Research & Development,Research Scientist,4081,20,0.1996,LOW,43.75,13,9,59.09,Active Learning|Active Listening|Amazon Web Services AWS software|Ansible software|C|C++|Docker|GitHub|Writing,Executive Communication & Stakeholder Alignment (C-SOFT-02)
1403,Sales,Sales Executive,5769,6,0.297,LOW,87.5,8,11,42.11,Active Listening|Adobe Acrobat|Adobe Creative Cloud software|Adobe InDesign|Adobe Photoshop|Apple macOS|Autodesk AutoCAD|Microsoft Outlook|Monitoring|Speaking|Writing,Executive Communication & Stakeholder Alignment (C-SOFT-02)
1405,Research & Development,Research Scientist,2394,8,0.7287,HIGH,87.5,10,12,45.45,Active Learning|Active Listening|Amazon Web Services AWS software|Apache Hadoop|Bash|C|Docker|GitHub|Learning Strategies|Mathematics|Monitoring|Science,Executive Communication & Stakeholder Alignment (C-SOFT-02)
1407,Research & Development,Research Scientist,3904,4,0.167,LOW,68.75,10,12,45.45,Active Learning|Amazon Web Services AWS software|Ansible software|Apache Hadoop|Apache Kafka|Bash|C++|Critical Thinking|Git|Monitoring|Reading Comprehension|Science,Critical Thinking & Complex Decision Making (C-SOFT-01)
1408,Human Resources,Manager,16799,20,0.0817,LOW,62.5,12,8,60.0,Adobe Acrobat|Adobe Creative Cloud software|Atlassian JIRA|Learning Strategies|Microsoft Office software|Microsoft PowerPoint|Reading Comprehension|Writing,Critical Thinking & Complex Decision Making (C-SOFT-01)
1409,Research & Development,Laboratory Technician,2950,5,0.2601,LOW,62.5,10,10,50.0,Active Learning|Active Listening|Billing software|Microsoft Excel|Microsoft Office software|Microsoft Word|Reading Comprehension|SAP software|Science|Writing,Executive Communication & Stakeholder Alignment (C-SOFT-02)
1411,Research & Development,Laboratory Technician,3629,3,0.2876,LOW,50.0,9,11,45.0,Active Listening|Billing software|Commercial plate reader software|Data entry software|Database software|Google Docs|Microsoft Excel|Microsoft Outlook|Monitoring|Speaking|Writing,Executive Communication & Stakeholder Alignment (C-SOFT-02)
1412,Research & Development,Manufacturing Director,9362,2,0.1582,LOW,81.25,10,10,50.0,Active Listening|Adobe Creative Cloud software|Amazon Web Services AWS software|Autodesk AutoCAD|Critical Thinking|Learning Strategies|Microsoft PowerPoint|Monitoring|Speaking|Writing,Executive Communication & Stakeholder Alignment (C-SOFT-02)
1415,Research & Development,Laboratory Technician,3229,3,0.1752,LOW,62.5,9,11,45.0,Critical Thinking|MEDITECH software|Microsoft Office software|Microsoft Outlook|Microsoft PowerPoint|Microsoft Word|Monitoring|Reading Comprehension|SAP software|Speaking|Writing,Critical Thinking & Complex Decision Making (C-SOFT-01)
1417,Research & Development,Laboratory Technician,3578,7,0.1015,LOW,75.0,9,11,45.0,Active Listening|Billing software|Commercial plate reader software|Critical Thinking|Google Docs|MEDITECH software|Microsoft Office software|Microsoft Outlook|Microsoft Word|Science|Writing,Executive Communication & Stakeholder Alignment (C-SOFT-02)
1419,Human Resources,Human Resources,7988,10,0.2281,LOW,37.5,10,10,50.0,Adobe Acrobat|Adobe Creative Cloud software|Adobe Illustrator|Adobe InDesign|Applicant tracking software|Critical Thinking|Microsoft PowerPoint|Oracle HRIS|Speaking|Workday software,Critical Thinking & Complex Decision Making (C-SOFT-01)
1420,Research & Development,Laboratory Technician,4284,4,0.6226,MEDIUM,31.25,12,8,60.0,Active Listening|Billing software|Commercial plate reader software|Critical Thinking|Data entry software|Database software|Google Docs|MEDITECH software,Executive Communication & Stakeholder Alignment (C-SOFT-02)
1421,Research & Development,Healthcare Representative,7553,8,0.6148,MEDIUM,68.75,9,10,47.37,Active Listening|Critical Thinking|Google Analytics|HubSpot software|Linux|Microsoft Office software|Microsoft Outlook|Monitoring|Salesforce software|Writing,Executive Communication & Stakeholder Alignment (C-SOFT-02) + Critical Thinking & Complex Decision Making (C-SOFT-01)
1422,Research & Development,Research Director,17328,20,0.0786,LOW,93.75,15,7,68.18,Active Listening|Critical Thinking|IBM SPSS Statistics|Microsoft PowerPoint|Microsoft Project|Speaking|Writing,Executive Communication & Stakeholder Alignment (C-SOFT-02) + Critical Thinking & Complex Decision Making (C-SOFT-01)
1423,Research & Development,Research Director,19701,9,0.1191,LOW,68.75,16,6,72.73,Active Listening|ESRI ArcGIS software|Microsoft Office software|Monitoring|Science|Writing,Executive Communication & Stakeholder Alignment (C-SOFT-02)
1424,Research & Development,Research Director,14732,7,0.0552,LOW,87.5,16,6,72.73,Active Learning|Active Listening|Microsoft Excel|Microsoft Visio|Monitoring|Reading Comprehension,Executive Communication & Stakeholder Alignment (C-SOFT-02)
1425,Sales,Sales Executive,9278,5,0.3172,LOW,62.5,10,9,52.63,Active Listening|Autodesk AutoCAD|Critical Thinking|Microsoft Excel|Microsoft Office software|Microsoft Outlook|Monitoring|Speaking|Writing,Executive Communication & Stakeholder Alignment (C-SOFT-02) + Critical Thinking & Complex Decision Making (C-SOFT-01)
1427,Sales,Sales Representative,1359,1,0.8767,HIGH,50.0,7,12,36.84,Adobe Acrobat|Adobe Creative Cloud software|Apple macOS|Microsoft Excel|Microsoft Office software|Microsoft Outlook|Microsoft PowerPoint|Monitoring|Reading Comprehension|Salesforce software|Speaking|Writing,Critical Thinking & Complex Decision Making (C-SOFT-01)
1428,Sales,Sales Executive,4779,3,0.1812,LOW,62.5,9,10,47.37,Active Listening|Adobe Creative Cloud software|Adobe InDesign|Apple macOS|Autodesk AutoCAD|Microsoft Outlook|Microsoft PowerPoint|Salesforce software|Speaking|Writing,Executive Communication & Stakeholder Alignment (C-SOFT-02)
1430,Research & Development,Research Director,16422,3,0.1645,LOW,56.25,11,11,50.0,Adobe Acrobat|ESRI ArcGIS software|Learning Strategies|Mathematics|Microsoft Access|Microsoft PowerPoint|Microsoft Project|Microsoft Visio|Monitoring|Science|Writing,Critical Thinking & Complex Decision Making (C-SOFT-01)
1431,Research & Development,Research Scientist,2996,4,0.1121,LOW,68.75,11,11,50.0,Active Listening|Apache Hadoop|Apache Spark|Bash|C|Docker|Learning Strategies|Mathematics|Monitoring|Reading Comprehension|Science,Executive Communication & Stakeholder Alignment (C-SOFT-02)
1433,Research & Development,Research Scientist,1261,1,0.8252,HIGH,50.0,9,13,40.91,Active Learning|Active Listening|Ansible software|Apache Kafka|Bash|C|C++|GitHub|Go|Mathematics|Monitoring|Reading Comprehension|Writing,Executive Communication & Stakeholder Alignment (C-SOFT-02)
1434,Research & Development,Laboratory Technician,2099,5,0.2472,LOW,50.0,9,11,45.0,Active Listening|Critical Thinking|Data entry software|Microsoft Excel|Microsoft Office software|Microsoft Outlook|Microsoft PowerPoint|Monitoring|SAP software|Speaking|Writing,Executive Communication & Stakeholder Alignment (C-SOFT-02) + Critical Thinking & Complex Decision Making (C-SOFT-01)
1435,Research & Development,Laboratory Technician,5810,10,0.1196,LOW,62.5,10,10,50.0,Active Listening|Commercial plate reader software|Critical Thinking|Database software|Google Docs|Microsoft Office software|Monitoring|Reading Comprehension|Speaking|Writing,Executive Communication & Stakeholder Alignment (C-SOFT-02) + Critical Thinking & Complex Decision Making (C-SOFT-01)
1436,Sales,Sales Executive,5647,3,0.2615,LOW,43.75,9,10,47.37,Adobe Creative Cloud software|Adobe Illustrator|Adobe InDesign|Adobe Photoshop|Critical Thinking|Microsoft Outlook|Microsoft PowerPoint|Monitoring|Reading Comprehension|Writing,Critical Thinking & Complex Decision Making (C-SOFT-01)
1438,Research & Development,Research Scientist,3420,6,0.1076,LOW,68.75,13,9,59.09,Active Listening|Ansible software|Apache Hadoop|Apache Spark|Docker|GitHub|Monitoring|Science|Writing,Executive Communication & Stakeholder Alignment (C-SOFT-02)
1439,Sales,Sales Representative,4400,3,0.4434,MEDIUM,31.25,8,11,42.11,Adobe Acrobat|Adobe Illustrator|Adobe InDesign|Adobe Photoshop|Apple macOS|Microsoft Excel|Microsoft Outlook|Microsoft PowerPoint|Monitoring|Salesforce software|Speaking,Critical Thinking & Complex Decision Making (C-SOFT-01)
1440,Research & Development,Laboratory Technician,3500,6,0.1301,LOW,68.75,9,11,45.0,Active Listening|Billing software|Commercial plate reader software|Data entry software|Database software|Google Docs|Microsoft Excel|Microsoft Office software|Microsoft Word|Reading Comprehension|Science,Executive Communication & Stakeholder Alignment (C-SOFT-02)
1441,Research & Development,Research Scientist,2066,3,0.1953,LOW,56.25,10,12,45.45,Active Listening|Ansible software|Apache Kafka|Apache Spark|C|C++|Critical Thinking|Docker|GitHub|Learning Strategies|Reading Comprehension|Science,Executive Communication & Stakeholder Alignment (C-SOFT-02)
1443,Research & Development,Research Director,17169,20,0.0979,LOW,56.25,15,7,68.18,Adobe Photoshop|IBM SPSS Statistics|Microsoft Excel|Microsoft PowerPoint|Microsoft Visio|Science|Speaking,Critical Thinking & Complex Decision Making (C-SOFT-01)
1445,Sales,Sales Executive,4162,5,0.1497,LOW,81.25,8,11,42.11,Adobe Creative Cloud software|Adobe Illustrator|Adobe InDesign|Autodesk AutoCAD|Critical Thinking|Microsoft Excel|Microsoft Office software|Microsoft Outlook|Monitoring|Salesforce software|Writing,Critical Thinking & Complex Decision Making (C-SOFT-01)
1446,Sales,Sales Executive,9204,4,0.177,LOW,87.5,9,10,47.37,Active Learning|Active Listening|Adobe Acrobat|Adobe Creative Cloud software|Adobe InDesign|Microsoft Outlook|Microsoft PowerPoint|Reading Comprehension|Speaking|Writing,Executive Communication & Stakeholder Alignment (C-SOFT-02)
1447,Research & Development,Laboratory Technician,3294,5,0.1815,LOW,56.25,9,11,45.0,Active Learning|Billing software|Commercial plate reader software|Data entry software|Database software|MEDITECH software|Microsoft Excel|Microsoft Office software|Microsoft Outlook|Science|Speaking,Critical Thinking & Complex Decision Making (C-SOFT-01)
1448,Research & Development,Research Scientist,2127,4,0.5029,MEDIUM,62.5,10,12,45.45,Active Learning|Active Listening|Amazon Web Services AWS software|C++|Critical Thinking|Docker|GitHub|Learning Strategies|Mathematics|Monitoring|Reading Comprehension|Science,Executive Communication & Stakeholder Alignment (C-SOFT-02)
1449,Research & Development,Laboratory Technician,3975,8,0.0843,LOW,75.0,10,10,50.0,Active Learning|Active Listening|Commercial plate reader software|Critical Thinking|Database software|Microsoft Excel|Microsoft Outlook|Microsoft PowerPoint|Science|Writing,Executive Communication & Stakeholder Alignment (C-SOFT-02)
1453,Sales,Sales Executive,10793,13,0.2122,LOW,56.25,10,9,52.63,Active Listening|Adobe Illustrator|Adobe InDesign|Autodesk AutoCAD|Critical Thinking|Microsoft Outlook|Microsoft PowerPoint|Monitoring|Salesforce software,Executive Communication & Stakeholder Alignment (C-SOFT-02)
1457,Sales,Sales Executive,10096,7,0.5371,MEDIUM,56.25,13,6,68.42,Adobe Acrobat|Adobe Illustrator|Microsoft Excel|Reading Comprehension|Speaking|Writing,Critical Thinking & Complex Decision Making (C-SOFT-01)
1458,Research & Development,Laboratory Technician,3646,1,0.8217,HIGH,37.5,10,10,50.0,Active Learning|Data entry software|Database software|MEDITECH software|Microsoft Excel|Monitoring|Reading Comprehension|SAP software|Science|Speaking,Critical Thinking & Complex Decision Making (C-SOFT-01)
1459,Research & Development,Manufacturing Director,7446,10,0.5179,MEDIUM,62.5,10,10,50.0,Adobe Creative Cloud software|Amazon Web Services AWS software|Apache Hadoop|Apple macOS|Autodesk AutoCAD|Learning Strategies|Microsoft Excel|Reading Comprehension|Speaking|Writing,Critical Thinking & Complex Decision Making (C-SOFT-01)
1460,Research & Development,Healthcare Representative,10851,7,0.1527,LOW,37.5,12,7,63.16,Active Listening|Amazon Web Services AWS software|Google Analytics|Microsoft Outlook|Salesforce software|Speaking|Writing,Executive Communication & Stakeholder Alignment (C-SOFT-02)
1461,Human Resources,Human Resources,2109,3,0.2256,LOW,87.5,9,11,45.0,Active Listening|Adobe Creative Cloud software|Adobe InDesign|Applicant tracking software|Learning Strategies|Microsoft Excel|Microsoft Outlook|Monitoring|Reading Comprehension|Workday software|Writing,Executive Communication & Stakeholder Alignment (C-SOFT-02)
1464,Research & Development,Laboratory Technician,3722,2,0.7198,HIGH,75.0,9,11,45.0,Billing software|Commercial plate reader software|Data entry software|Google Docs|MEDITECH software|Microsoft Excel|Microsoft Word|Monitoring|Reading Comprehension|Science|Writing,Critical Thinking & Complex Decision Making (C-SOFT-01)
1465,Research & Development,Manufacturing Director,9380,3,0.1739,LOW,81.25,10,10,50.0,Adobe Acrobat|Adobe Photoshop|Amazon Web Services AWS software|Apache Hadoop|Atlassian Confluence|Autodesk AutoCAD|Learning Strategies|Microsoft Excel|Microsoft Office software|Writing,Critical Thinking & Complex Decision Making (C-SOFT-01)
1466,Sales,Sales Executive,5486,2,0.1829,LOW,50.0,10,9,52.63,Adobe Acrobat|Adobe Creative Cloud software|Adobe Illustrator|Apple macOS|Autodesk AutoCAD|Critical Thinking|Microsoft PowerPoint|Monitoring|Reading Comprehension,Critical Thinking & Complex Decision Making (C-SOFT-01)
1467,Human Resources,Human Resources,2742,2,0.5911,MEDIUM,68.75,8,12,40.0,Active Learning|Active Listening|Adobe Acrobat|Adobe Creative Cloud software|Adobe Illustrator|Applicant tracking software|Learning Strategies|Microsoft Outlook|Microsoft PowerPoint|Monitoring|Oracle HRIS|Speaking,Executive Communication & Stakeholder Alignment (C-SOFT-02)
1468,Research & Development,Research Director,13757,9,0.0824,LOW,68.75,12,10,54.55,Active Learning|Adobe Acrobat|Critical Thinking|IBM SPSS Statistics|Microsoft Access|Microsoft Excel|Reading Comprehension|Science|Speaking|Writing,Critical Thinking & Complex Decision Making (C-SOFT-01)
1469,Sales,Sales Executive,8463,5,0.0998,LOW,75.0,8,11,42.11,Adobe Creative Cloud software|Adobe Illustrator|Apple macOS|Autodesk AutoCAD|Microsoft Excel|Microsoft Office software|Microsoft PowerPoint|Monitoring|Salesforce software|Speaking|Writing,Critical Thinking & Complex Decision Making (C-SOFT-01)
1471,Research & Development,Laboratory Technician,3162,5,0.1309,LOW,75.0,9,11,45.0,Active Listening|Critical Thinking|Database software|MEDITECH software|Microsoft Outlook|Microsoft PowerPoint|Microsoft Word|Monitoring|Reading Comprehension|SAP software|Science,Executive Communication & Stakeholder Alignment (C-SOFT-02) + Critical Thinking & Complex Decision Making (C-SOFT-01)
1472,Research & Development,Research Director,16598,9,0.1033,LOW,75.0,17,5,77.27,Active Listening|IBM SPSS Statistics|Microsoft Excel|Microsoft PowerPoint|Writing,Executive Communication & Stakeholder Alignment (C-SOFT-02)
1473,Research & Development,Healthcare Representative,6651,3,0.0914,LOW,56.25,11,8,57.89,Active Listening|Amazon Web Services AWS software|Apache Hadoop|Critical Thinking|HubSpot software|Intuit QuickBooks|Microsoft Excel|Speaking,Executive Communication & Stakeholder Alignment (C-SOFT-02)
1474,Research & Development,Research Scientist,2345,3,0.0737,LOW,75.0,10,12,45.45,Ansible software|Apache Hadoop|Apache Kafka|C++|Critical Thinking|Git|Go|Learning Strategies|Mathematics|Monitoring|Reading Comprehension|Speaking,Critical Thinking & Complex Decision Making (C-SOFT-01)
1475,Research & Development,Research Scientist,3420,5,0.1357,LOW,75.0,10,12,45.45,Active Learning|Apache Kafka|Apache Spark|C|C++|Docker|Git|GitHub|Go|Learning Strategies|Speaking|Writing,Critical Thinking & Complex Decision Making (C-SOFT-01)
1477,Sales,Sales Executive,4373,4,0.2524,LOW,56.25,8,11,42.11,Active Learning|Active Listening|Adobe Creative Cloud software|Adobe InDesign|Apple macOS|Autodesk AutoCAD|Critical Thinking|Microsoft Office software|Salesforce software|Speaking|Writing,Executive Communication & Stakeholder Alignment (C-SOFT-02)
1478,Sales,Sales Executive,4759,13,0.1879,LOW,62.5,10,9,52.63,Active Learning|Active Listening|Adobe Acrobat|Adobe Photoshop|Apple macOS|Autodesk AutoCAD|Salesforce software|Speaking|Writing,Executive Communication & Stakeholder Alignment (C-SOFT-02)
1479,Sales,Sales Executive,5301,2,0.1704,LOW,81.25,8,11,42.11,Active Learning|Adobe Acrobat|Adobe Illustrator|Adobe Photoshop|Apple macOS|Autodesk AutoCAD|Critical Thinking|Microsoft Office software|Microsoft PowerPoint|Monitoring|Speaking,Critical Thinking & Complex Decision Making (C-SOFT-01)
1480,Research & Development,Laboratory Technician,3673,12,0.1164,LOW,68.75,10,10,50.0,Active Learning|Active Listening|Commercial plate reader software|Google Docs|Microsoft Excel|Microsoft Office software|Microsoft PowerPoint|Monitoring|SAP software|Writing,Executive Communication & Stakeholder Alignment (C-SOFT-02)
1481,Sales,Sales Executive,4768,1,0.2499,LOW,62.5,9,10,47.37,Adobe InDesign|Adobe Photoshop|Autodesk AutoCAD|Critical Thinking|Microsoft Office software|Microsoft Outlook|Microsoft PowerPoint|Monitoring|Salesforce software|Writing,Critical Thinking & Complex Decision Making (C-SOFT-01)
1482,Research & Development,Research Scientist,1274,1,0.2779,LOW,68.75,9,13,40.91,Amazon Web Services AWS software|Ansible software|Apache Hadoop|Apache Kafka|Apache Spark|Bash|C|Docker|Git|GitHub|Mathematics|Monitoring|Writing,Critical Thinking & Complex Decision Making (C-SOFT-01)
1483,Research & Development,Research Scientist,4900,12,0.0914,LOW,62.5,12,10,54.55,Amazon Web Services AWS software|Apache Spark|C|Git|GitHub|Go|Mathematics|Reading Comprehension|Science|Speaking,Applied Machine Learning & Deep Learning (C-TECH-03)
1484,Research & Development,Healthcare Representative,10466,8,0.0694,LOW,62.5,13,6,68.42,Google Analytics|Google Workspace software|Reading Comprehension|Salesforce software|Speaking|Writing,Critical Thinking & Complex Decision Making (C-SOFT-01)
1485,Research & Development,Research Director,17007,14,0.1418,LOW,62.5,12,10,54.55,Active Learning|Active Listening|Critical Thinking|ESRI ArcGIS software|Mathematics|Microsoft SharePoint|Monitoring|Science|Speaking|Writing,Executive Communication & Stakeholder Alignment (C-SOFT-02) + Critical Thinking & Complex Decision Making (C-SOFT-01)
1486,Sales,Sales Representative,2909,3,0.5464,MEDIUM,68.75,8,11,42.11,Active Listening|Adobe Acrobat|Adobe Illustrator|Adobe Photoshop|Apple macOS|Autodesk AutoCAD|Microsoft Office software|Microsoft PowerPoint|Monitoring|Reading Comprehension|Speaking,Executive Communication & Stakeholder Alignment (C-SOFT-02)
1487,Sales,Sales Executive,5765,5,0.771,HIGH,43.75,9,10,47.37,Active Learning|Active Listening|Adobe Creative Cloud software|Adobe Illustrator|Adobe InDesign|Apple macOS|Microsoft Office software|Microsoft Outlook|Reading Comprehension|Writing,Executive Communication & Stakeholder Alignment (C-SOFT-02)
1489,Sales,Sales Executive,4599,15,0.6734,HIGH,50.0,11,8,57.89,Active Learning|Adobe Photoshop|Apple macOS|Autodesk AutoCAD|Microsoft PowerPoint|Salesforce software|Speaking|Writing,Critical Thinking & Complex Decision Making (C-SOFT-01)
1492,Sales,Sales Representative,2404,1,0.3129,LOW,68.75,7,12,36.84,Active Listening|Adobe Creative Cloud software|Adobe Illustrator|Adobe InDesign|Adobe Photoshop|Microsoft Excel|Microsoft Office software|Microsoft PowerPoint|Monitoring|Reading Comprehension|Speaking|Writing,Executive Communication & Stakeholder Alignment (C-SOFT-02)
1494,Research & Development,Laboratory Technician,3172,0,0.903,HIGH,56.25,8,12,40.0,Active Learning|Active Listening|Billing software|Commercial plate reader software|Critical Thinking|Database software|Google Docs|Microsoft Excel|Microsoft Office software|Monitoring|Reading Comprehension|Science,Executive Communication & Stakeholder Alignment (C-SOFT-02)
1495,Sales,Sales Representative,2033,1,0.565,MEDIUM,75.0,7,12,36.84,Active Learning|Active Listening|Adobe Creative Cloud software|Adobe InDesign|Apple macOS|Autodesk AutoCAD|Microsoft Office software|Microsoft Outlook|Microsoft PowerPoint|Monitoring|Speaking|Writing,Executive Communication & Stakeholder Alignment (C-SOFT-02)
1496,Research & Development,Manufacturing Director,10209,2,0.2997,LOW,62.5,11,9,55.0,Active Listening|Adobe Photoshop|Amazon Web Services AWS software|Apple macOS|Autodesk AutoCAD|Critical Thinking|Microsoft Office software|Microsoft PowerPoint|Monitoring,Executive Communication & Stakeholder Alignment (C-SOFT-02)
1497,Sales,Sales Executive,8620,10,0.1223,LOW,68.75,9,10,47.37,Active Learning|Adobe Acrobat|Adobe Creative Cloud software|Apple macOS|Autodesk AutoCAD|Critical Thinking|Microsoft Excel|Microsoft Outlook|Speaking|Writing,Critical Thinking & Complex Decision Making (C-SOFT-01)
1499,Human Resources,Human Resources,2064,5,0.1418,LOW,62.5,9,11,45.0,Active Learning|Active Listening|Adobe Creative Cloud software|Adobe Photoshop|Applicant tracking software|Critical Thinking|Learning Strategies|Microsoft Office software|Monitoring|Oracle HRIS|Writing,Executive Communication & Stakeholder Alignment (C-SOFT-02)
1501,Research & Development,Healthcare Representative,4035,3,0.1448,LOW,75.0,8,11,42.11,Active Learning|Amazon Web Services AWS software|Critical Thinking|Google Analytics|IBM SPSS Statistics|Intuit QuickBooks|Linux|Microsoft Office software|Microsoft Outlook|Salesforce software|Writing,Critical Thinking & Complex Decision Making (C-SOFT-01)
1502,Research & Development,Laboratory Technician,3838,5,0.2817,LOW,56.25,9,11,45.0,Active Listening|Billing software|Commercial plate reader software|Database software|Google Docs|MEDITECH software|Microsoft Office software|Microsoft PowerPoint|Microsoft Word|Science|Writing,Executive Communication & Stakeholder Alignment (C-SOFT-02)
1503,Sales,Sales Executive,4591,5,0.1931,LOW,75.0,9,10,47.37,Active Learning|Active Listening|Adobe Creative Cloud software|Adobe Illustrator|Adobe InDesign|Apple macOS|Microsoft Office software|Microsoft Outlook|Salesforce software|Speaking,Executive Communication & Stakeholder Alignment (C-SOFT-02)
1504,Research & Development,Laboratory Technician,2561,0,0.6668,HIGH,56.25,9,11,45.0,Active Learning|Active Listening|Critical Thinking|Database software|Google Docs|Microsoft Office software|Microsoft Outlook|Microsoft Word|Monitoring|Reading Comprehension|SAP software,Executive Communication & Stakeholder Alignment (C-SOFT-02) + Critical Thinking & Complex Decision Making (C-SOFT-01)
1506,Research & Development,Research Scientist,1563,1,0.2678,LOW,62.5,9,13,40.91,Active Learning|Amazon Web Services AWS software|Apache Kafka|Apache Spark|C|C++|Docker|GitHub|Learning Strategies|Mathematics|Monitoring|Reading Comprehension|Writing,Critical Thinking & Complex Decision Making (C-SOFT-01)
1507,Sales,Sales Executive,4898,4,0.1922,LOW,68.75,8,11,42.11,Active Listening|Adobe Illustrator|Adobe InDesign|Apple macOS|Critical Thinking|Microsoft Excel|Microsoft Outlook|Microsoft PowerPoint|Monitoring|Salesforce software|Writing,Executive Communication & Stakeholder Alignment (C-SOFT-02)
1509,Research & Development,Laboratory Technician,4789,3,0.1703,LOW,43.75,10,10,50.0,Critical Thinking|Data entry software|Database software|Google Docs|MEDITECH software|Microsoft Excel|Microsoft PowerPoint|Microsoft Word|Monitoring|SAP software,Critical Thinking & Complex Decision Making (C-SOFT-01)
1513,Research & Development,Laboratory Technician,3180,3,0.1533,LOW,75.0,8,12,40.0,Active Learning|Billing software|Critical Thinking|Data entry software|Database software|Microsoft Excel|Microsoft Office software|Microsoft Outlook|Microsoft PowerPoint|Monitoring|Reading Comprehension|Speaking,Critical Thinking & Complex Decision Making (C-SOFT-01)
1514,Research & Development,Manufacturing Director,6549,8,0.1433,LOW,50.0,9,11,45.0,Active Learning|Active Listening|Adobe Photoshop|Apple macOS|Atlassian JIRA|Critical Thinking|Learning Strategies|Microsoft PowerPoint|Monitoring|Reading Comprehension|Writing,Executive Communication & Stakeholder Alignment (C-SOFT-02)
1515,Research & Development,Healthcare Representative,6388,0,0.2358,LOW,68.75,10,9,52.63,Active Learning|Active Listening|Critical Thinking|Google Analytics|Google Workspace software|Linux|Microsoft Office software|Microsoft Outlook|Salesforce software,Executive Communication & Stakeholder Alignment (C-SOFT-02) + Critical Thinking & Complex Decision Making (C-SOFT-01)
1516,Research & Development,Manager,11244,5,0.1529,LOW,75.0,10,10,50.0,Active Learning|Active Listening|Amazon Web Services AWS software|Atlassian Confluence|Atlassian JIRA|Learning Strategies|Microsoft Excel|Microsoft Office software|Monitoring|Writing,Executive Communication & Stakeholder Alignment (C-SOFT-02)
1520,Research & Development,Manager,16032,14,0.0671,LOW,62.5,13,7,65.0,Active Learning|Amazon Web Services AWS software|Apache Hadoop|Apple macOS|Atlassian JIRA|Critical Thinking|Monitoring,Critical Thinking & Complex Decision Making (C-SOFT-01)
1522,Research & Development,Research Scientist,2362,9,0.649,MEDIUM,43.75,11,11,50.0,Active Learning|Active Listening|Amazon Web Services AWS software|Ansible software|Apache Hadoop|Apache Kafka|Apache Spark|Bash|C|C++|Monitoring,Executive Communication & Stakeholder Alignment (C-SOFT-02)
1523,Research & Development,Research Director,16328,20,0.152,LOW,68.75,14,8,63.64,Active Listening|Adobe Acrobat|Adobe Photoshop|IBM SPSS Statistics|Mathematics|Microsoft Excel|Microsoft Visio|Science,Executive Communication & Stakeholder Alignment (C-SOFT-02)
1525,Research & Development,Manufacturing Director,8376,2,0.1509,LOW,68.75,10,10,50.0,Active Listening|Adobe Acrobat|Adobe Photoshop|Apache Hadoop|Apple macOS|Critical Thinking|Learning Strategies|Microsoft Office software|Microsoft PowerPoint|Monitoring,Executive Communication & Stakeholder Alignment (C-SOFT-02)
1527,Sales,Manager,16606,13,0.1718,LOW,75.0,13,7,65.0,Active Learning|Adobe Acrobat|Apache Hadoop|Atlassian Confluence|Atlassian JIRA|Microsoft Excel|Monitoring,Critical Thinking & Complex Decision Making (C-SOFT-01)
1529,Research & Development,Healthcare Representative,8606,11,0.1355,LOW,75.0,9,10,47.37,Amazon Web Services AWS software|Google Workspace software|Linux|Microsoft Excel|Microsoft Office software|Microsoft Outlook|Monitoring|Reading Comprehension|Salesforce software|Speaking,Critical Thinking & Complex Decision Making (C-SOFT-01)
1533,Research & Development,Laboratory Technician,2272,4,0.1992,LOW,56.25,9,11,45.0,Active Listening|Billing software|Commercial plate reader software|MEDITECH software|Microsoft Excel|Microsoft Office software|Microsoft Outlook|Microsoft Word|Reading Comprehension|Science|Writing,Executive Communication & Stakeholder Alignment (C-SOFT-02)
1534,Research & Development,Laboratory Technician,2018,5,0.622,MEDIUM,62.5,11,9,55.0,Active Learning|Active Listening|Billing software|Database software|Microsoft Outlook|Microsoft Word|SAP software|Science|Writing,Executive Communication & Stakeholder Alignment (C-SOFT-02)
1535,Sales,Sales Executive,7083,10,0.2786,LOW,81.25,9,10,47.37,Adobe Acrobat|Adobe Creative Cloud software|Adobe InDesign|Apple macOS|Autodesk AutoCAD|Critical Thinking|Microsoft PowerPoint|Monitoring|Reading Comprehension|Speaking,Critical Thinking & Complex Decision Making (C-SOFT-01)
1537,Research & Development,Research Scientist,4084,7,0.5555,MEDIUM,68.75,10,12,45.45,Active Listening|Amazon Web Services AWS software|C|Docker|Git|GitHub|Go|Learning Strategies|Mathematics|Monitoring|Reading Comprehension|Science,Executive Communication & Stakeholder Alignment (C-SOFT-02) + Applied Machine Learning & Deep Learning (C-TECH-03)
1539,Research & Development,Research Director,14411,32,0.1281,LOW,75.0,16,6,72.73,Active Learning|Learning Strategies|Mathematics|Microsoft Access|Microsoft Project|Speaking,Critical Thinking & Complex Decision Making (C-SOFT-01)
1541,Sales,Sales Representative,2308,11,0.1833,LOW,62.5,10,9,52.63,Active Learning|Adobe Illustrator|Adobe Photoshop|Apple macOS|Critical Thinking|Microsoft Office software|Microsoft Outlook|Microsoft PowerPoint|Salesforce software,Critical Thinking & Complex Decision Making (C-SOFT-01)
1542,Research & Development,Laboratory Technician,4841,1,0.1379,LOW,56.25,8,12,40.0,Active Learning|Critical Thinking|Data entry software|Database software|MEDITECH software|Microsoft Excel|Microsoft Outlook|Microsoft Word|Monitoring|Reading Comprehension|SAP software|Science,Critical Thinking & Complex Decision Making (C-SOFT-01)
1543,Research & Development,Research Scientist,4285,10,0.21,LOW,56.25,11,11,50.0,Active Learning|Active Listening|Apache Hadoop|C++|Critical Thinking|GitHub|Go|Mathematics|Monitoring|Speaking|Writing,Executive Communication & Stakeholder Alignment (C-SOFT-02)
1544,Research & Development,Healthcare Representative,9715,7,0.1382,LOW,50.0,9,10,47.37,Active Learning|Apache Hadoop|Google Analytics|Google Workspace software|HubSpot software|Intuit QuickBooks|Microsoft Office software|Microsoft Outlook|Reading Comprehension|Salesforce software,Critical Thinking & Complex Decision Making (C-SOFT-01)
1545,Research & Development,Manufacturing Director,4320,5,0.1148,LOW,75.0,9,11,45.0,Adobe Acrobat|Amazon Web Services AWS software|Apple macOS|Atlassian Confluence|Critical Thinking|Microsoft Excel|Microsoft Office software|Microsoft PowerPoint|Monitoring|Reading Comprehension|Speaking,Critical Thinking & Complex Decision Making (C-SOFT-01)
1546,Research & Development,Research Scientist,2132,5,0.0669,LOW,93.75,10,12,45.45,Active Listening|Amazon Web Services AWS software|Ansible software|Apache Hadoop|Apache Kafka|Apache Spark|C|Critical Thinking|Go|Monitoring|Reading Comprehension|Speaking,Executive Communication & Stakeholder Alignment (C-SOFT-02)
1547,Research & Development,Healthcare Representative,10124,20,0.0846,LOW,87.5,12,7,63.16,Amazon Web Services AWS software|Apache Hadoop|Critical Thinking|Intuit QuickBooks|Microsoft Excel|Monitoring|Writing,Critical Thinking & Complex Decision Making (C-SOFT-01)
1548,Sales,Sales Executive,5473,8,0.2088,LOW,56.25,9,10,47.37,Adobe Creative Cloud software|Adobe InDesign|Adobe Photoshop|Apple macOS|Critical Thinking|Microsoft Excel|Microsoft PowerPoint|Monitoring|Speaking|Writing,Critical Thinking & Complex Decision Making (C-SOFT-01)
1549,Research & Development,Laboratory Technician,5207,15,0.1471,LOW,62.5,11,9,55.0,Billing software|Data entry software|Google Docs|MEDITECH software|Microsoft Excel|Microsoft PowerPoint|Monitoring|Reading Comprehension|Writing,Critical Thinking & Complex Decision Making (C-SOFT-01)
1550,Human Resources,Manager,16437,21,0.1296,LOW,87.5,12,8,60.0,Active Learning|Amazon Web Services AWS software|Apple macOS|Atlassian JIRA|Critical Thinking|Microsoft Excel|Microsoft PowerPoint|Speaking,Critical Thinking & Complex Decision Making (C-SOFT-01)
1551,Research & Development,Laboratory Technician,2296,1,0.4528,MEDIUM,50.0,8,12,40.0,Billing software|Critical Thinking|Data entry software|Database software|MEDITECH software|Microsoft Excel|Microsoft Office software|Microsoft Outlook|Microsoft Word|Monitoring|Reading Comprehension|Science,Critical Thinking & Complex Decision Making (C-SOFT-01)
1552,Research & Development,Healthcare Representative,4069,2,0.1772,LOW,87.5,9,10,47.37,Amazon Web Services AWS software|Google Workspace software|HubSpot software|IBM SPSS Statistics|Linux|Microsoft Office software|Microsoft Outlook|Monitoring|Reading Comprehension|Speaking,Critical Thinking & Complex Decision Making (C-SOFT-01)
1553,Research & Development,Healthcare Representative,7441,10,0.1671,LOW,43.75,9,10,47.37,Amazon Web Services AWS software|Critical Thinking|Google Workspace software|HubSpot software|Intuit QuickBooks|Linux|Microsoft Office software|Monitoring|Salesforce software|Writing,Critical Thinking & Complex Decision Making (C-SOFT-01)
1554,Sales,Sales Representative,2430,5,0.2057,LOW,50.0,8,11,42.11,Active Learning|Active Listening|Adobe Creative Cloud software|Adobe InDesign|Adobe Photoshop|Apple macOS|Autodesk AutoCAD|Critical Thinking|Microsoft Outlook|Monitoring|Salesforce software,Executive Communication & Stakeholder Alignment (C-SOFT-02)
1555,Research & Development,Research Scientist,5878,7,0.1217,LOW,56.25,11,11,50.0,Active Learning|Active Listening|Ansible software|Apache Kafka|Critical Thinking|Docker|Go|Learning Strategies|Mathematics|Monitoring|Reading Comprehension,Executive Communication & Stakeholder Alignment (C-SOFT-02)
1556,Sales,Sales Representative,2644,3,0.2781,LOW,87.5,9,10,47.37,Active Learning|Active Listening|Adobe Photoshop|Apple macOS|Autodesk AutoCAD|Critical Thinking|Microsoft Excel|Microsoft Outlook|Speaking|Writing,Executive Communication & Stakeholder Alignment (C-SOFT-02)
1557,Sales,Sales Executive,6439,8,0.1372,LOW,75.0,11,8,57.89,Active Learning|Adobe Acrobat|Adobe Photoshop|Critical Thinking|Microsoft Excel|Microsoft PowerPoint|Salesforce software|Writing,Critical Thinking & Complex Decision Making (C-SOFT-01)
1558,Research & Development,Research Scientist,2451,1,0.2171,LOW,68.75,10,12,45.45,Active Learning|Amazon Web Services AWS software|Apache Spark|Bash|Critical Thinking|Docker|Git|GitHub|Learning Strategies|Monitoring|Science|Writing,Critical Thinking & Complex Decision Making (C-SOFT-01)
1560,Sales,Sales Executive,6392,2,0.2606,LOW,56.25,9,10,47.37,Active Learning|Active Listening|Adobe Acrobat|Adobe Illustrator|Adobe Photoshop|Autodesk AutoCAD|Critical Thinking|Microsoft PowerPoint|Speaking|Writing,Executive Communication & Stakeholder Alignment (C-SOFT-02)
1562,Sales,Sales Executive,9714,10,0.4646,MEDIUM,56.25,9,10,47.37,Active Listening|Adobe Acrobat|Adobe Creative Cloud software|Adobe InDesign|Adobe Photoshop|Autodesk AutoCAD|Microsoft Outlook|Monitoring|Salesforce software|Writing,Executive Communication & Stakeholder Alignment (C-SOFT-02)
1563,Human Resources,Human Resources,6077,6,0.1606,LOW,75.0,10,10,50.0,Active Learning|Active Listening|Adobe Creative Cloud software|Adobe Illustrator|Adobe InDesign|Adobe Photoshop|Learning Strategies|Microsoft Outlook|Reading Comprehension|Workday software,Executive Communication & Stakeholder Alignment (C-SOFT-02)
1564,Research & Development,Laboratory Technician,2450,3,0.1592,LOW,56.25,8,12,40.0,Critical Thinking|Database software|Google Docs|MEDITECH software|Microsoft Office software|Microsoft Outlook|Microsoft PowerPoint|Monitoring|Reading Comprehension|SAP software|Science|Speaking,Critical Thinking & Complex Decision Making (C-SOFT-01)
1568,Sales,Sales Executive,9250,4,0.1426,LOW,62.5,9,10,47.37,Active Learning|Active Listening|Adobe Creative Cloud software|Adobe Photoshop|Apple macOS|Autodesk AutoCAD|Monitoring|Salesforce software|Speaking|Writing,Executive Communication & Stakeholder Alignment (C-SOFT-02)
1569,Research & Development,Laboratory Technician,2074,1,0.8234,HIGH,56.25,8,12,40.0,Active Learning|Active Listening|Billing software|Critical Thinking|Google Docs|Microsoft Outlook|Microsoft Word|Monitoring|Reading Comprehension|SAP software|Science|Writing,Executive Communication & Stakeholder Alignment (C-SOFT-02)
1572,Research & Development,Manufacturing Director,10169,33,0.0717,LOW,68.75,15,5,75.0,Apache Hadoop|Apple macOS|Autodesk AutoCAD|Microsoft Excel|Reading Comprehension,Critical Thinking & Complex Decision Making (C-SOFT-01)
1573,Research & Development,Manufacturing Director,4855,5,0.3901,MEDIUM,56.25,9,11,45.0,Active Listening|Adobe Creative Cloud software|Adobe Photoshop|Apache Hadoop|Atlassian Confluence|Atlassian JIRA|Critical Thinking|Learning Strategies|Microsoft PowerPoint|Speaking|Writing,Executive Communication & Stakeholder Alignment (C-SOFT-02)
1574,Research & Development,Research Scientist,4087,6,0.0983,LOW,62.5,11,11,50.0,Active Listening|Apache Hadoop|Apache Spark|Bash|C++|Critical Thinking|Git|GitHub|Learning Strategies|Reading Comprehension|Speaking,Executive Communication & Stakeholder Alignment (C-SOFT-02)
1576,Research & Development,Research Scientist,2367,8,0.1316,LOW,68.75,11,11,50.0,Active Learning|Amazon Web Services AWS software|Apache Spark|C++|Critical Thinking|Git|GitHub|Go|Learning Strategies|Mathematics|Reading Comprehension,Critical Thinking & Complex Decision Making (C-SOFT-01)
1577,Research & Development,Research Scientist,2972,1,0.2766,LOW,68.75,9,13,40.91,Amazon Web Services AWS software|Ansible software|Apache Kafka|Apache Spark|Bash|C++|Git|GitHub|Go|Mathematics|Reading Comprehension|Science|Writing,Critical Thinking & Complex Decision Making (C-SOFT-01)
1578,Sales,Manager,19586,36,0.091,LOW,75.0,16,4,80.0,Adobe Creative Cloud software|Critical Thinking|Learning Strategies|Microsoft Excel,Critical Thinking & Complex Decision Making (C-SOFT-01)
1580,Research & Development,Research Scientist,5484,2,0.1445,LOW,68.75,11,11,50.0,Active Learning|Active Listening|Amazon Web Services AWS software|Apache Hadoop|Apache Kafka|C|C++|Critical Thinking|Git|Learning Strategies|Reading Comprehension,Executive Communication & Stakeholder Alignment (C-SOFT-02)
1581,Research & Development,Research Scientist,2061,1,0.513,MEDIUM,56.25,9,13,40.91,Active Learning|Amazon Web Services AWS software|Apache Kafka|Bash|C|Critical Thinking|Docker|Go|Learning Strategies|Reading Comprehension|Science|Speaking|Writing,Critical Thinking & Complex Decision Making (C-SOFT-01)
1582,Sales,Sales Executive,9924,9,0.1484,LOW,75.0,9,10,47.37,Active Listening|Adobe Illustrator|Adobe Photoshop|Apple macOS|Autodesk AutoCAD|Critical Thinking|Microsoft PowerPoint|Monitoring|Salesforce software|Writing,Executive Communication & Stakeholder Alignment (C-SOFT-02)
1583,Sales,Sales Executive,4198,3,0.2749,LOW,56.25,9,10,47.37,Active Listening|Adobe Acrobat|Adobe Creative Cloud software|Adobe Illustrator|Adobe InDesign|Adobe Photoshop|Apple macOS|Critical Thinking|Reading Comprehension|Salesforce software,Executive Communication & Stakeholder Alignment (C-SOFT-02)
1585,Sales,Sales Executive,6815,1,0.2914,LOW,56.25,10,9,52.63,Active Learning|Active Listening|Adobe Creative Cloud software|Adobe Illustrator|Adobe InDesign|Adobe Photoshop|Critical Thinking|Monitoring|Reading Comprehension,Executive Communication & Stakeholder Alignment (C-SOFT-02)
1586,Research & Development,Laboratory Technician,4723,10,0.2558,LOW,62.5,10,10,50.0,Active Learning|Commercial plate reader software|Critical Thinking|Google Docs|Microsoft Office software|Microsoft Outlook|Microsoft PowerPoint|Reading Comprehension|SAP software|Writing,Critical Thinking & Complex Decision Making (C-SOFT-01)
1587,Research & Development,Healthcare Representative,6142,5,0.2479,LOW,62.5,9,10,47.37,Amazon Web Services AWS software|Apache Hadoop|Google Analytics|HubSpot software|IBM SPSS Statistics|Intuit QuickBooks|Linux|Microsoft Excel|Microsoft Office software|Microsoft Outlook,Critical Thinking & Complex Decision Making (C-SOFT-01)
1588,Sales,Sales Executive,8237,7,0.1866,LOW,75.0,9,10,47.37,Active Learning|Adobe Acrobat|Adobe Creative Cloud software|Adobe InDesign|Autodesk AutoCAD|Critical Thinking|Microsoft Excel|Monitoring|Reading Comprehension|Speaking,Critical Thinking & Complex Decision Making (C-SOFT-01)
1590,Research & Development,Healthcare Representative,8853,6,0.1111,LOW,75.0,8,11,42.11,Active Listening|Google Analytics|Google Workspace software|IBM SPSS Statistics|Intuit QuickBooks|Microsoft Excel|Microsoft Office software|Microsoft Outlook|Salesforce software|Speaking|Writing,Executive Communication & Stakeholder Alignment (C-SOFT-02)
1591,Sales,Manager,19331,1,0.1492,LOW,75.0,14,6,70.0,Adobe Photoshop|Amazon Web Services AWS software|Critical Thinking|Learning Strategies|Microsoft PowerPoint|Speaking,Critical Thinking & Complex Decision Making (C-SOFT-01)
1592,Research & Development,Research Scientist,2073,2,0.1044,LOW,93.75,9,13,40.91,Active Learning|Apache Hadoop|Bash|C|C++|Critical Thinking|Docker|Git|GitHub|Learning Strategies|Mathematics|Science|Writing,Critical Thinking & Complex Decision Making (C-SOFT-01)
1594,Research & Development,Laboratory Technician,5562,3,0.2004,LOW,62.5,10,10,50.0,Active Learning|Billing software|Data entry software|MEDITECH software|Microsoft Office software|Microsoft PowerPoint|Microsoft Word|Monitoring|Reading Comprehension|Writing,Critical Thinking & Complex Decision Making (C-SOFT-01)
1595,Research & Development,Manager,19613,1,0.0403,LOW,87.5,13,7,65.0,Active Listening|Adobe Acrobat|Apache Hadoop|Atlassian JIRA|Autodesk AutoCAD|Microsoft Excel|Monitoring,Executive Communication & Stakeholder Alignment (C-SOFT-02)
1596,Research & Development,Laboratory Technician,3407,10,0.1198,LOW,81.25,10,10,50.0,Active Listening|Commercial plate reader software|Critical Thinking|Data entry software|Database software|Google Docs|MEDITECH software|Microsoft Office software|SAP software|Science,Executive Communication & Stakeholder Alignment (C-SOFT-02) + Critical Thinking & Complex Decision Making (C-SOFT-01)
1597,Research & Development,Healthcare Representative,5063,8,0.1516,LOW,68.75,9,10,47.37,Active Listening|Google Analytics|Google Workspace software|IBM SPSS Statistics|Intuit QuickBooks|Linux|Microsoft Excel|Microsoft Office software|Microsoft Outlook|Salesforce software,Executive Communication & Stakeholder Alignment (C-SOFT-02)
1598,Sales,Sales Executive,4639,5,0.1804,LOW,68.75,8,11,42.11,Active Learning|Active Listening|Adobe Acrobat|Adobe Creative Cloud software|Adobe Illustrator|Apple macOS|Microsoft Excel|Microsoft Outlook|Monitoring|Salesforce software|Speaking,Executive Communication & Stakeholder Alignment (C-SOFT-02)
1599,Research & Development,Laboratory Technician,4876,6,0.1723,LOW,81.25,9,11,45.0,Active Learning|Active Listening|Billing software|Critical Thinking|Data entry software|Database software|Google Docs|Microsoft PowerPoint|Science|Speaking|Writing,Executive Communication & Stakeholder Alignment (C-SOFT-02)
1601,Research & Development,Laboratory Technician,2690,1,0.1519,LOW,81.25,8,12,40.0,Active Learning|Billing software|Commercial plate reader software|Critical Thinking|Data entry software|Database software|MEDITECH software|Microsoft Excel|Microsoft PowerPoint|Monitoring|SAP software|Speaking,Critical Thinking & Complex Decision Making (C-SOFT-01)
1602,Sales,Manager,17567,26,0.1162,LOW,68.75,14,6,70.0,Active Learning|Adobe Acrobat|Adobe Photoshop|Autodesk AutoCAD|Learning Strategies|Monitoring,Critical Thinking & Complex Decision Making (C-SOFT-01)
1604,Research & Development,Laboratory Technician,2408,1,0.9145,HIGH,68.75,8,12,40.0,Active Learning|Active Listening|Billing software|Commercial plate reader software|Critical Thinking|Data entry software|Database software|MEDITECH software|Monitoring|Reading Comprehension|Science|Speaking,Executive Communication & Stakeholder Alignment (C-SOFT-02)
1605,Research & Development,Research Scientist,2814,4,0.4654,MEDIUM,56.25,9,13,40.91,Active Listening|Amazon Web Services AWS software|Apache Hadoop|C|C++|Critical Thinking|Docker|Git|GitHub|Mathematics|Monitoring|Science|Speaking,Executive Communication & Stakeholder Alignment (C-SOFT-02)
1606,Research & Development,Healthcare Representative,11245,30,0.075,LOW,68.75,14,5,73.68,Apache Hadoop|Google Workspace software|Microsoft Excel|Monitoring|Salesforce software,Critical Thinking & Complex Decision Making (C-SOFT-01)
1607,Research & Development,Research Scientist,3312,3,0.0951,LOW,87.5,10,12,45.45,Active Learning|Ansible software|Apache Hadoop|Apache Spark|Bash|C|Docker|GitHub|Go|Mathematics|Speaking|Writing,Critical Thinking & Complex Decision Making (C-SOFT-01)
1608,Research & Development,Research Director,19049,22,0.0746,LOW,81.25,14,8,63.64,Active Learning|Adobe Acrobat|Critical Thinking|Learning Strategies|Microsoft Access|Microsoft Outlook|Monitoring|Writing,Critical Thinking & Complex Decision Making (C-SOFT-01)
1609,Research & Development,Research Scientist,2141,6,0.2282,LOW,50.0,10,12,45.45,Amazon Web Services AWS software|Apache Hadoop|Apache Kafka|Apache Spark|Bash|C++|Critical Thinking|Git|Go|Learning Strategies|Mathematics|Speaking,Critical Thinking & Complex Decision Making (C-SOFT-01)
1611,Research & Development,Laboratory Technician,5769,10,0.2146,LOW,37.5,10,10,50.0,Commercial plate reader software|Data entry software|MEDITECH software|Microsoft Excel|Microsoft Office software|Microsoft PowerPoint|Microsoft Word|Monitoring|Reading Comprehension|SAP software,Critical Thinking & Complex Decision Making (C-SOFT-01)
1612,Sales,Sales Executive,4385,10,0.2126,LOW,31.25,9,10,47.37,Active Learning|Active Listening|Adobe Creative Cloud software|Adobe Illustrator|Adobe InDesign|Adobe Photoshop|Apple macOS|Microsoft Office software|Microsoft PowerPoint|Monitoring,Executive Communication & Stakeholder Alignment (C-SOFT-02)
1613,Sales,Sales Executive,5332,5,0.28,LOW,75.0,9,10,47.37,Active Learning|Active Listening|Adobe Creative Cloud software|Adobe Illustrator|Apple macOS|Autodesk AutoCAD|Critical Thinking|Microsoft Excel|Microsoft Outlook|Microsoft PowerPoint,Executive Communication & Stakeholder Alignment (C-SOFT-02)
1614,Research & Development,Manufacturing Director,4663,3,0.2581,LOW,68.75,9,11,45.0,Active Learning|Active Listening|Adobe Acrobat|Adobe Photoshop|Autodesk AutoCAD|Critical Thinking|Microsoft Excel|Microsoft Office software|Microsoft PowerPoint|Speaking|Writing,Executive Communication & Stakeholder Alignment (C-SOFT-02)
1615,Research & Development,Manufacturing Director,4724,9,0.1258,LOW,75.0,10,10,50.0,Active Learning|Active Listening|Adobe Acrobat|Atlassian Confluence|Critical Thinking|Learning Strategies|Microsoft Office software|Microsoft PowerPoint|Monitoring|Reading Comprehension,Executive Communication & Stakeholder Alignment (C-SOFT-02)
1617,Research & Development,Laboratory Technician,3211,9,0.1299,LOW,68.75,10,10,50.0,Billing software|Commercial plate reader software|Critical Thinking|Database software|Microsoft PowerPoint|Monitoring|SAP software|Science|Speaking|Writing,Critical Thinking & Complex Decision Making (C-SOFT-01)
1618,Research & Development,Manufacturing Director,5377,7,0.114,LOW,62.5,10,10,50.0,Active Learning|Active Listening|Adobe Acrobat|Adobe Creative Cloud software|Adobe Photoshop|Amazon Web Services AWS software|Apple macOS|Atlassian JIRA|Microsoft PowerPoint|Writing,Executive Communication & Stakeholder Alignment (C-SOFT-02)
1619,Research & Development,Laboratory Technician,4066,7,0.1721,LOW,50.0,9,11,45.0,Active Learning|Active Listening|Commercial plate reader software|Critical Thinking|Data entry software|MEDITECH software|Microsoft Excel|Microsoft PowerPoint|Monitoring|Reading Comprehension|Science,Executive Communication & Stakeholder Alignment (C-SOFT-02)
1621,Research & Development,Research Scientist,5208,16,0.123,LOW,68.75,12,10,54.55,Active Learning|Active Listening|Apache Kafka|Apache Spark|C|C++|Critical Thinking|Learning Strategies|Mathematics|Reading Comprehension,Executive Communication & Stakeholder Alignment (C-SOFT-02)
1622,Research & Development,Manufacturing Director,4877,5,0.1961,LOW,37.5,9,11,45.0,Active Learning|Active Listening|Adobe Acrobat|Adobe Photoshop|Apache Hadoop|Atlassian Confluence|Atlassian JIRA|Autodesk AutoCAD|Learning Strategies|Microsoft PowerPoint|Speaking,Executive Communication & Stakeholder Alignment (C-SOFT-02)
1623,Research & Development,Research Scientist,3117,2,0.155,LOW,81.25,9,13,40.91,Active Learning|Amazon Web Services AWS software|Ansible software|Apache Kafka|Bash|Critical Thinking|Docker|GitHub|Go|Mathematics|Monitoring|Science|Speaking,Critical Thinking & Complex Decision Making (C-SOFT-01)
1624,Sales,Sales Representative,1569,0,0.9011,HIGH,75.0,7,12,36.84,Active Listening|Adobe Acrobat|Adobe Creative Cloud software|Adobe Illustrator|Adobe InDesign|Adobe Photoshop|Critical Thinking|Microsoft Outlook|Microsoft PowerPoint|Monitoring|Speaking|Writing,Executive Communication & Stakeholder Alignment (C-SOFT-02)
1625,Human Resources,Manager,19658,5,0.0639,LOW,81.25,14,6,70.0,Adobe Photoshop|Critical Thinking|Learning Strategies|Monitoring|Speaking|Writing,Critical Thinking & Complex Decision Making (C-SOFT-01)
1627,Research & Development,Laboratory Technician,3069,10,0.0923,LOW,75.0,10,10,50.0,Active Learning|Billing software|Microsoft Excel|Microsoft Office software|Microsoft PowerPoint|Microsoft Word|Reading Comprehension|SAP software|Speaking|Writing,Critical Thinking & Complex Decision Making (C-SOFT-01)
1628,Research & Development,Manufacturing Director,10435,18,0.1258,LOW,62.5,12,8,60.0,Active Learning|Active Listening|Adobe Acrobat|Apple macOS|Microsoft Excel|Microsoft Office software|Microsoft PowerPoint|Writing,Executive Communication & Stakeholder Alignment (C-SOFT-02)
1630,Research & Development,Healthcare Representative,4148,14,0.0719,LOW,81.25,10,9,52.63,Amazon Web Services AWS software|Critical Thinking|Google Analytics|Google Workspace software|IBM SPSS Statistics|Microsoft Excel|Salesforce software|Speaking|Writing,Critical Thinking & Complex Decision Making (C-SOFT-01)
1631,Research & Development,Manufacturing Director,5768,4,0.1026,LOW,62.5,10,10,50.0,Active Learning|Active Listening|Adobe Photoshop|Apache Hadoop|Apple macOS|Atlassian Confluence|Autodesk AutoCAD|Microsoft Excel|Reading Comprehension|Speaking,Executive Communication & Stakeholder Alignment (C-SOFT-02)
1633,Research & Development,Manufacturing Director,5042,9,0.1466,LOW,68.75,10,10,50.0,Active Listening|Adobe Acrobat|Adobe Creative Cloud software|Amazon Web Services AWS software|Apache Hadoop|Apple macOS|Autodesk AutoCAD|Critical Thinking|Learning Strategies|Microsoft Office software,Executive Communication & Stakeholder Alignment (C-SOFT-02)
1635,Research & Development,Manufacturing Director,5770,10,0.0986,LOW,68.75,10,10,50.0,Adobe Acrobat|Adobe Creative Cloud software|Adobe Photoshop|Apache Hadoop|Apple macOS|Atlassian JIRA|Learning Strategies|Microsoft Excel|Monitoring|Writing,Critical Thinking & Complex Decision Making (C-SOFT-01)
1638,Research & Development,Manufacturing Director,7756,5,0.1482,LOW,81.25,10,10,50.0,Active Listening|Adobe Photoshop|Amazon Web Services AWS software|Apache Hadoop|Apple macOS|Atlassian JIRA|Critical Thinking|Learning Strategies|Microsoft PowerPoint|Speaking,Executive Communication & Stakeholder Alignment (C-SOFT-02)
1639,Sales,Sales Executive,10306,13,0.5585,MEDIUM,62.5,10,9,52.63,Active Learning|Adobe Acrobat|Adobe InDesign|Apple macOS|Autodesk AutoCAD|Microsoft Excel|Microsoft PowerPoint|Reading Comprehension|Salesforce software,Critical Thinking & Complex Decision Making (C-SOFT-01)
1640,Research & Development,Research Scientist,3936,8,0.1149,LOW,50.0,10,12,45.45,Active Listening|Apache Spark|Bash|C|Critical Thinking|Docker|Git|Go|Mathematics|Reading Comprehension|Science|Writing,Executive Communication & Stakeholder Alignment (C-SOFT-02)
1641,Research & Development,Manufacturing Director,7945,4,0.2363,LOW,87.5,12,8,60.0,Adobe Creative Cloud software|Adobe Photoshop|Amazon Web Services AWS software|Apple macOS|Atlassian JIRA|Critical Thinking|Monitoring|Speaking,Critical Thinking & Complex Decision Making (C-SOFT-01)
1642,Human Resources,Human Resources,5743,10,0.2201,LOW,68.75,11,9,55.0,Active Learning|Active Listening|Adobe InDesign|Applicant tracking software|Critical Thinking|Oracle HRIS|Speaking|Workday software|Writing,Executive Communication & Stakeholder Alignment (C-SOFT-02)
1644,Research & Development,Manager,15202,2,0.0535,LOW,68.75,13,7,65.0,Active Learning|Adobe Acrobat|Amazon Web Services AWS software|Atlassian Confluence|Atlassian JIRA|Autodesk AutoCAD|Critical Thinking,Critical Thinking & Complex Decision Making (C-SOFT-01)
1645,Sales,Sales Executive,5440,2,0.7326,HIGH,62.5,9,10,47.37,Active Listening|Adobe Illustrator|Adobe InDesign|Adobe Photoshop|Autodesk AutoCAD|Critical Thinking|Microsoft Outlook|Microsoft PowerPoint|Reading Comprehension|Salesforce software,Executive Communication & Stakeholder Alignment (C-SOFT-02)
1646,Research & Development,Research Scientist,3760,6,0.5131,MEDIUM,68.75,10,12,45.45,Active Learning|Ansible software|Apache Hadoop|Apache Kafka|Apache Spark|Critical Thinking|Docker|GitHub|Learning Strategies|Reading Comprehension|Science|Speaking,Critical Thinking & Complex Decision Making (C-SOFT-01)
1647,Research & Development,Research Scientist,3517,3,0.2352,LOW,62.5,10,12,45.45,Active Listening|Apache Kafka|Apache Spark|Critical Thinking|GitHub|Learning Strategies|Mathematics|Monitoring|Reading Comprehension|Science|Speaking|Writing,Executive Communication & Stakeholder Alignment (C-SOFT-02)
1648,Research & Development,Research Scientist,2580,4,0.15,LOW,87.5,10,12,45.45,Active Learning|Active Listening|Amazon Web Services AWS software|Ansible software|Apache Hadoop|Apache Kafka|C++|Critical Thinking|Learning Strategies|Mathematics|Monitoring|Science,Executive Communication & Stakeholder Alignment (C-SOFT-02)
1649,Research & Development,Laboratory Technician,2166,4,0.7745,HIGH,43.75,10,10,50.0,Active Listening|Data entry software|Database software|Google Docs|MEDITECH software|Microsoft Office software|Monitoring|Reading Comprehension|SAP software|Speaking,Executive Communication & Stakeholder Alignment (C-SOFT-02)
1650,Sales,Sales Executive,5869,5,0.3763,MEDIUM,68.75,9,10,47.37,Active Listening|Adobe Acrobat|Adobe InDesign|Adobe Photoshop|Apple macOS|Critical Thinking|Microsoft Excel|Microsoft PowerPoint|Speaking|Writing,Executive Communication & Stakeholder Alignment (C-SOFT-02)
1651,Research & Development,Healthcare Representative,8008,3,0.1583,LOW,56.25,9,10,47.37,Active Listening|Amazon Web Services AWS software|Google Workspace software|HubSpot software|Intuit QuickBooks|Linux|Microsoft Excel|Reading Comprehension|Speaking|Writing,Executive Communication & Stakeholder Alignment (C-SOFT-02)
1653,Research & Development,Manufacturing Director,5206,7,0.0897,LOW,87.5,9,11,45.0,Active Learning|Adobe Acrobat|Adobe Creative Cloud software|Adobe Photoshop|Atlassian Confluence|Atlassian JIRA|Learning Strategies|Microsoft Excel|Microsoft Office software|Reading Comprehension|Speaking,Critical Thinking & Complex Decision Making (C-SOFT-01)
1654,Research & Development,Manufacturing Director,5295,5,0.1879,LOW,75.0,9,11,45.0,Active Learning|Active Listening|Adobe Acrobat|Adobe Photoshop|Amazon Web Services AWS software|Apache Hadoop|Apple macOS|Atlassian Confluence|Critical Thinking|Microsoft PowerPoint|Writing,Executive Communication & Stakeholder Alignment (C-SOFT-02)
1655,Research & Development,Research Director,16413,4,0.1149,LOW,50.0,15,7,68.18,Active Learning|Adobe Photoshop|Mathematics|Microsoft Excel|Microsoft PowerPoint|Microsoft Visio|Monitoring,Critical Thinking & Complex Decision Making (C-SOFT-01)
1656,Research & Development,Research Director,13269,14,0.0804,LOW,62.5,13,9,59.09,Adobe Photoshop|IBM SPSS Statistics|Mathematics|Microsoft Access|Microsoft Excel|Microsoft Outlook|Microsoft PowerPoint|Microsoft SharePoint|Monitoring,Critical Thinking & Complex Decision Making (C-SOFT-01)
1657,Sales,Sales Representative,2783,2,0.2957,LOW,62.5,8,11,42.11,Active Learning|Adobe Illustrator|Adobe InDesign|Adobe Photoshop|Autodesk AutoCAD|Microsoft Office software|Monitoring|Reading Comprehension|Salesforce software|Speaking|Writing,Critical Thinking & Complex Decision Making (C-SOFT-01)
1658,Research & Development,Research Scientist,5433,11,0.0742,LOW,75.0,11,11,50.0,Active Learning|Active Listening|Amazon Web Services AWS software|Ansible software|C|Git|Go|Monitoring|Science|Speaking|Writing,Executive Communication & Stakeholder Alignment (C-SOFT-02)
1659,Research & Development,Laboratory Technician,2013,4,0.222,LOW,56.25,11,9,55.0,Active Learning|Active Listening|Critical Thinking|Data entry software|Google Docs|MEDITECH software|Microsoft Office software|Monitoring|Science,Executive Communication & Stakeholder Alignment (C-SOFT-02) + Critical Thinking & Complex Decision Making (C-SOFT-01)
1661,Research & Development,Healthcare Representative,13966,15,0.0796,LOW,62.5,14,5,73.68,Active Listening|Amazon Web Services AWS software|HubSpot software|Linux|Microsoft Excel,Executive Communication & Stakeholder Alignment (C-SOFT-02)
1662,Research & Development,Manufacturing Director,4374,3,0.0912,LOW,75.0,8,12,40.0,Active Learning|Adobe Acrobat|Adobe Creative Cloud software|Amazon Web Services AWS software|Apache Hadoop|Atlassian JIRA|Autodesk AutoCAD|Learning Strategies|Microsoft Excel|Microsoft Office software|Microsoft PowerPoint|Reading Comprehension,Critical Thinking & Complex Decision Making (C-SOFT-01)
1664,Research & Development,Healthcare Representative,6842,5,0.0822,LOW,62.5,10,9,52.63,Active Listening|Critical Thinking|Google Analytics|IBM SPSS Statistics|Intuit QuickBooks|Linux|Microsoft Office software|Speaking|Writing,Executive Communication & Stakeholder Alignment (C-SOFT-02) + Critical Thinking & Complex Decision Making (C-SOFT-01)
1665,Research & Development,Manager,17426,10,0.0651,LOW,68.75,16,4,80.0,Atlassian Confluence|Learning Strategies|Microsoft Excel|Monitoring,Critical Thinking & Complex Decision Making (C-SOFT-01)
1666,Research & Development,Research Director,17603,14,0.0955,LOW,56.25,12,10,54.55,Adobe Acrobat|ESRI ArcGIS software|IBM SPSS Statistics|Learning Strategies|Microsoft Access|Microsoft Office software|Microsoft Outlook|Microsoft PowerPoint|Microsoft Project|Writing,Critical Thinking & Complex Decision Making (C-SOFT-01)
1667,Sales,Sales Executive,4581,11,0.2751,LOW,75.0,10,9,52.63,Active Learning|Adobe InDesign|Apple macOS|Critical Thinking|Microsoft Excel|Monitoring|Reading Comprehension|Salesforce software|Speaking,Critical Thinking & Complex Decision Making (C-SOFT-01)
1668,Research & Development,Research Scientist,4735,13,0.0687,LOW,93.75,13,9,59.09,Ansible software|Critical Thinking|Docker|Go|Monitoring|Reading Comprehension|Science|Speaking|Writing,Critical Thinking & Complex Decision Making (C-SOFT-01) + Production MLOps & Model Deployment (C-TECH-04)
1669,Sales,Sales Executive,4187,10,0.2313,LOW,43.75,9,10,47.37,Active Listening|Adobe Creative Cloud software|Adobe Illustrator|Adobe Photoshop|Autodesk AutoCAD|Microsoft PowerPoint|Monitoring|Reading Comprehension|Salesforce software|Speaking,Executive Communication & Stakeholder Alignment (C-SOFT-02)
1670,Sales,Sales Executive,5505,6,0.0742,LOW,87.5,8,11,42.11,Active Listening|Adobe Acrobat|Adobe Creative Cloud software|Apple macOS|Autodesk AutoCAD|Microsoft Excel|Microsoft PowerPoint|Monitoring|Salesforce software|Speaking|Writing,Executive Communication & Stakeholder Alignment (C-SOFT-02)
1671,Research & Development,Research Scientist,5470,9,0.0571,LOW,75.0,11,11,50.0,Active Learning|Apache Hadoop|Apache Spark|C|C++|Docker|Git|Go|Reading Comprehension|Speaking|Writing,Critical Thinking & Complex Decision Making (C-SOFT-01)
1673,Sales,Sales Executive,5476,10,0.1321,LOW,56.25,9,10,47.37,Active Learning|Adobe Acrobat|Adobe Illustrator|Apple macOS|Critical Thinking|Microsoft Office software|Microsoft Outlook|Reading Comprehension|Salesforce software|Writing,Critical Thinking & Complex Decision Making (C-SOFT-01)
1674,Research & Development,Laboratory Technician,2587,2,0.2656,LOW,62.5,11,9,55.0,Database software|Google Docs|MEDITECH software|Microsoft Excel|Microsoft Office software|Microsoft PowerPoint|SAP software|Science|Writing,Critical Thinking & Complex Decision Making (C-SOFT-01)
1675,Research & Development,Laboratory Technician,2440,4,0.1358,LOW,62.5,8,12,40.0,Commercial plate reader software|Data entry software|Database software|Google Docs|MEDITECH software|Microsoft Outlook|Microsoft PowerPoint|Microsoft Word|Reading Comprehension|SAP software|Science|Writing,Critical Thinking & Complex Decision Making (C-SOFT-01)
1676,Sales,Manager,15972,3,0.1173,LOW,68.75,14,6,70.0,Active Listening|Amazon Web Services AWS software|Atlassian JIRA|Autodesk AutoCAD|Microsoft Excel|Monitoring,Executive Communication & Stakeholder Alignment (C-SOFT-02)
1677,Research & Development,Manager,15379,8,0.0697,LOW,62.5,13,7,65.0,Active Learning|Adobe Photoshop|Atlassian JIRA|Critical Thinking|Learning Strategies|Monitoring|Writing,Critical Thinking & Complex Decision Making (C-SOFT-01)
1678,Sales,Sales Executive,7082,2,0.2788,LOW,87.5,12,7,63.16,Adobe InDesign|Adobe Photoshop|Autodesk AutoCAD|Microsoft Excel|Microsoft Office software|Monitoring|Speaking,Critical Thinking & Complex Decision Making (C-SOFT-01)
1680,Sales,Sales Representative,2728,2,0.3888,MEDIUM,56.25,8,11,42.11,Active Learning|Active Listening|Autodesk AutoCAD|Critical Thinking|Microsoft Excel|Microsoft Office software|Microsoft PowerPoint|Monitoring|Reading Comprehension|Salesforce software|Writing,Executive Communication & Stakeholder Alignment (C-SOFT-02)
1681,Sales,Sales Executive,5368,6,0.1903,LOW,81.25,9,10,47.37,Active Listening|Adobe Acrobat|Adobe Creative Cloud software|Adobe Illustrator|Adobe InDesign|Apple macOS|Autodesk AutoCAD|Microsoft Excel|Microsoft Outlook|Speaking,Executive Communication & Stakeholder Alignment (C-SOFT-02)
1682,Research & Development,Healthcare Representative,5347,3,0.1898,LOW,56.25,9,10,47.37,Active Learning|Active Listening|Amazon Web Services AWS software|Critical Thinking|IBM SPSS Statistics|Intuit QuickBooks|Linux|Microsoft Excel|Monitoring|Salesforce software,Executive Communication & Stakeholder Alignment (C-SOFT-02)
1683,Human Resources,Human Resources,3195,2,0.263,LOW,68.75,9,11,45.0,Active Learning|Adobe Creative Cloud software|Adobe Photoshop|Critical Thinking|Learning Strategies|Microsoft Excel|Microsoft Outlook|Monitoring|Oracle HRIS|Workday software|Writing,Critical Thinking & Complex Decision Making (C-SOFT-01)
1684,Research & Development,Laboratory Technician,3989,5,0.6918,HIGH,62.5,9,11,45.0,Active Listening|Billing software|Data entry software|Database software|MEDITECH software|Microsoft Office software|Microsoft Outlook|Monitoring|Reading Comprehension|Science|Writing,Executive Communication & Stakeholder Alignment (C-SOFT-02)
1687,Research & Development,Laboratory Technician,3306,0,0.1079,LOW,87.5,9,11,45.0,Active Learning|Commercial plate reader software|Data entry software|Database software|MEDITECH software|Microsoft Excel|Microsoft Office software|Microsoft Outlook|Monitoring|SAP software|Speaking,Critical Thinking & Complex Decision Making (C-SOFT-01)
1689,Research & Development,Healthcare Representative,7005,4,0.1043,LOW,81.25,9,10,47.37,Active Learning|Apache Hadoop|Critical Thinking|Google Analytics|IBM SPSS Statistics|Microsoft Excel|Microsoft Office software|Reading Comprehension|Salesforce software|Writing,Critical Thinking & Complex Decision Making (C-SOFT-01)
1691,Sales,Sales Representative,2655,9,0.2926,LOW,81.25,11,8,57.89,Active Learning|Adobe Creative Cloud software|Adobe InDesign|Microsoft Excel|Microsoft Office software|Microsoft PowerPoint|Monitoring|Speaking,Critical Thinking & Complex Decision Making (C-SOFT-01)
1692,Research & Development,Laboratory Technician,1393,1,0.7722,HIGH,62.5,8,12,40.0,Active Learning|Active Listening|Billing software|Database software|MEDITECH software|Microsoft Excel|Microsoft PowerPoint|Microsoft Word|Monitoring|Reading Comprehension|SAP software|Writing,Executive Communication & Stakeholder Alignment (C-SOFT-02)
1693,Research & Development,Laboratory Technician,2570,7,0.0818,LOW,87.5,9,11,45.0,Active Learning|Billing software|Commercial plate reader software|Critical Thinking|Database software|Google Docs|Microsoft Excel|Microsoft Office software|Microsoft Word|SAP software|Writing,Critical Thinking & Complex Decision Making (C-SOFT-01)
1694,Research & Development,Research Scientist,3537,4,0.1677,LOW,56.25,10,12,45.45,Active Listening|Apache Hadoop|Apache Kafka|Apache Spark|Bash|C|Docker|Git|GitHub|Mathematics|Monitoring|Writing,Executive Communication & Stakeholder Alignment (C-SOFT-02)
1696,Research & Development,Laboratory Technician,3986,15,0.0709,LOW,68.75,11,9,55.0,Commercial plate reader software|Critical Thinking|Data entry software|Database software|Microsoft Excel|Microsoft Office software|Microsoft Word|Reading Comprehension|Science,Critical Thinking & Complex Decision Making (C-SOFT-01)
1697,Research & Development,Healthcare Representative,10883,1,0.0575,LOW,68.75,11,8,57.89,Active Learning|Active Listening|Google Analytics|IBM SPSS Statistics|Intuit QuickBooks|Monitoring|Reading Comprehension|Writing,Executive Communication & Stakeholder Alignment (C-SOFT-02)
1698,Research & Development,Laboratory Technician,2028,14,0.2354,LOW,75.0,11,9,55.0,Active Learning|Data entry software|Database software|MEDITECH software|Microsoft PowerPoint|Reading Comprehension|SAP software|Science|Speaking,Critical Thinking & Complex Decision Making (C-SOFT-01)
1700,Sales,Sales Executive,9525,6,0.1786,LOW,68.75,8,11,42.11,Adobe Creative Cloud software|Adobe Illustrator|Adobe Photoshop|Apple macOS|Critical Thinking|Microsoft Excel|Monitoring|Reading Comprehension|Salesforce software|Speaking|Writing,Critical Thinking & Complex Decision Making (C-SOFT-01)
1701,Research & Development,Research Scientist,2929,10,0.1435,LOW,62.5,11,11,50.0,Active Listening|Ansible software|Apache Hadoop|Apache Kafka|C|C++|Critical Thinking|Docker|GitHub|Mathematics|Monitoring,Executive Communication & Stakeholder Alignment (C-SOFT-02)
1702,Sales,Sales Representative,2275,3,0.7217,HIGH,75.0,8,11,42.11,Active Learning|Active Listening|Adobe Acrobat|Adobe InDesign|Apple macOS|Microsoft Excel|Microsoft Office software|Microsoft PowerPoint|Reading Comprehension|Salesforce software|Writing,Executive Communication & Stakeholder Alignment (C-SOFT-02)
1703,Research & Development,Healthcare Representative,7879,8,0.1332,LOW,81.25,9,10,47.37,Active Learning|Active Listening|Apache Hadoop|Critical Thinking|Google Analytics|Google Workspace software|HubSpot software|Reading Comprehension|Speaking|Writing,Executive Communication & Stakeholder Alignment (C-SOFT-02)
1704,Research & Development,Research Scientist,4930,5,0.3573,MEDIUM,62.5,10,12,45.45,Active Listening|Amazon Web Services AWS software|Apache Spark|Bash|C++|Docker|Learning Strategies|Mathematics|Reading Comprehension|Science|Speaking|Writing,Executive Communication & Stakeholder Alignment (C-SOFT-02)
1706,Sales,Sales Executive,7847,10,0.1618,LOW,75.0,9,10,47.37,Active Learning|Adobe Creative Cloud software|Apple macOS|Microsoft Excel|Microsoft Office software|Microsoft Outlook|Monitoring|Reading Comprehension|Salesforce software|Writing,Critical Thinking & Complex Decision Making (C-SOFT-01)
1707,Research & Development,Research Scientist,4401,5,0.1066,LOW,87.5,10,12,45.45,Ansible software|Apache Spark|Bash|C++|Critical Thinking|Docker|Git|GitHub|Monitoring|Reading Comprehension|Speaking|Writing,Critical Thinking & Complex Decision Making (C-SOFT-01)
1708,Sales,Sales Executive,9241,10,0.2359,LOW,75.0,9,10,47.37,Active Learning|Adobe Acrobat|Adobe Photoshop|Apple macOS|Autodesk AutoCAD|Critical Thinking|Microsoft Excel|Microsoft PowerPoint|Reading Comprehension|Writing,Critical Thinking & Complex Decision Making (C-SOFT-01)
1709,Research & Development,Laboratory Technician,2974,5,0.1722,LOW,81.25,10,10,50.0,Active Listening|Commercial plate reader software|Database software|Google Docs|Microsoft Excel|Microsoft Office software|Microsoft PowerPoint|Monitoring|SAP software|Speaking,Executive Communication & Stakeholder Alignment (C-SOFT-02)
1710,Sales,Sales Representative,4502,13,0.1452,LOW,81.25,11,8,57.89,Active Learning|Adobe Photoshop|Autodesk AutoCAD|Critical Thinking|Microsoft Excel|Microsoft PowerPoint|Reading Comprehension|Salesforce software,Critical Thinking & Complex Decision Making (C-SOFT-01)
1712,Research & Development,Healthcare Representative,10748,23,0.0684,LOW,75.0,12,7,63.16,Active Listening|Apache Hadoop|Google Analytics|IBM SPSS Statistics|Microsoft Outlook|Speaking|Writing,Executive Communication & Stakeholder Alignment (C-SOFT-02)
1714,Human Resources,Human Resources,1555,1,0.76,HIGH,68.75,8,12,40.0,Active Learning|Active Listening|Adobe Creative Cloud software|Critical Thinking|Learning Strategies|Microsoft Excel|Microsoft PowerPoint|Monitoring|Oracle HRIS|Reading Comprehension|Speaking|Writing,Executive Communication & Stakeholder Alignment (C-SOFT-02)
1716,Sales,Sales Executive,12936,23,0.6706,HIGH,62.5,12,7,63.16,Active Learning|Active Listening|Adobe Acrobat|Adobe InDesign|Adobe Photoshop|Salesforce software|Writing,Executive Communication & Stakeholder Alignment (C-SOFT-02)
1718,Research & Development,Laboratory Technician,2305,3,0.1768,LOW,68.75,8,12,40.0,Active Learning|Active Listening|Data entry software|Database software|Google Docs|MEDITECH software|Microsoft Office software|Microsoft Outlook|Microsoft PowerPoint|Microsoft Word|Monitoring|Science,Executive Communication & Stakeholder Alignment (C-SOFT-02)
1719,Research & Development,Research Director,16704,21,0.0915,LOW,68.75,13,9,59.09,Active Learning|Active Listening|ESRI ArcGIS software|IBM SPSS Statistics|Learning Strategies|Microsoft Access|Microsoft Outlook|Microsoft SharePoint|Science,Executive Communication & Stakeholder Alignment (C-SOFT-02)
1720,Research & Development,Research Scientist,3433,5,0.342,LOW,50.0,11,11,50.0,Active Learning|Apache Hadoop|Apache Kafka|Apache Spark|Bash|C|Critical Thinking|Go|Monitoring|Science|Speaking,Critical Thinking & Complex Decision Making (C-SOFT-01)
1721,Research & Development,Laboratory Technician,3477,5,0.1258,LOW,75.0,9,11,45.0,Active Listening|Critical Thinking|Data entry software|MEDITECH software|Microsoft Office software|Microsoft Outlook|Microsoft Word|Reading Comprehension|SAP software|Science|Speaking,Executive Communication & Stakeholder Alignment (C-SOFT-02) + Critical Thinking & Complex Decision Making (C-SOFT-01)
1722,Human Resources,Human Resources,6430,3,0.1857,LOW,50.0,10,10,50.0,Active Learning|Active Listening|Adobe Illustrator|Adobe Photoshop|Applicant tracking software|Microsoft Excel|Microsoft Office software|Microsoft Outlook|Monitoring|Reading Comprehension,Executive Communication & Stakeholder Alignment (C-SOFT-02)
1724,Research & Development,Manufacturing Director,6516,1,0.3212,LOW,50.0,12,8,60.0,Active Learning|Adobe Acrobat|Amazon Web Services AWS software|Apple macOS|Autodesk AutoCAD|Monitoring|Reading Comprehension|Speaking,Critical Thinking & Complex Decision Making (C-SOFT-01)
1725,Research & Development,Laboratory Technician,3907,6,0.1827,LOW,50.0,9,11,45.0,Active Learning|Active Listening|Critical Thinking|Database software|MEDITECH software|Microsoft PowerPoint|Microsoft Word|Monitoring|Reading Comprehension|Speaking|Writing,Executive Communication & Stakeholder Alignment (C-SOFT-02) + Critical Thinking & Complex Decision Making (C-SOFT-01)
1727,Research & Development,Healthcare Representative,5562,10,0.0848,LOW,75.0,11,8,57.89,Active Listening|Apache Hadoop|Critical Thinking|Google Analytics|Linux|Microsoft Office software|Monitoring|Writing,Executive Communication & Stakeholder Alignment (C-SOFT-02) + Critical Thinking & Complex Decision Making (C-SOFT-01)
1728,Research & Development,Manufacturing Director,6883,7,0.0842,LOW,75.0,11,9,55.0,Active Listening|Adobe Creative Cloud software|Apple macOS|Critical Thinking|Learning Strategies|Microsoft Excel|Microsoft Office software|Monitoring|Writing,Executive Communication & Stakeholder Alignment (C-SOFT-02)
1729,Research & Development,Research Scientist,2862,10,0.1045,LOW,68.75,11,11,50.0,Active Learning|Ansible software|Apache Hadoop|Apache Kafka|Apache Spark|Docker|Git|GitHub|Learning Strategies|Mathematics|Speaking,Critical Thinking & Complex Decision Making (C-SOFT-01)
1731,Sales,Sales Executive,4978,1,0.1668,LOW,75.0,8,11,42.11,Adobe Acrobat|Adobe InDesign|Adobe Photoshop|Apple macOS|Autodesk AutoCAD|Critical Thinking|Microsoft Excel|Microsoft Office software|Microsoft PowerPoint|Speaking|Writing,Critical Thinking & Complex Decision Making (C-SOFT-01)
1732,Sales,Sales Executive,10368,10,0.1455,LOW,75.0,10,9,52.63,Active Learning|Active Listening|Adobe Illustrator|Adobe InDesign|Adobe Photoshop|Microsoft Excel|Reading Comprehension|Salesforce software|Writing,Executive Communication & Stakeholder Alignment (C-SOFT-02)
1733,Sales,Sales Executive,6134,2,0.3339,LOW,43.75,11,8,57.89,Adobe Creative Cloud software|Adobe Illustrator|Apple macOS|Critical Thinking|Microsoft PowerPoint|Monitoring|Reading Comprehension|Salesforce software,Critical Thinking & Complex Decision Making (C-SOFT-01)
1734,Sales,Sales Executive,6735,0,0.6904,HIGH,37.5,9,10,47.37,Active Listening|Adobe Acrobat|Adobe Creative Cloud software|Adobe Illustrator|Adobe InDesign|Apple macOS|Critical Thinking|Microsoft Office software|Microsoft Outlook|Reading Comprehension,Executive Communication & Stakeholder Alignment (C-SOFT-02)
1735,Research & Development,Laboratory Technician,3295,3,0.2516,LOW,68.75,8,12,40.0,Active Learning|Active Listening|Critical Thinking|Database software|Google Docs|Microsoft Excel|Microsoft Office software|Microsoft Outlook|Microsoft PowerPoint|Microsoft Word|Science|Writing,Executive Communication & Stakeholder Alignment (C-SOFT-02) + Critical Thinking & Complex Decision Making (C-SOFT-01)
1736,Research & Development,Manufacturing Director,5238,5,0.1253,LOW,93.75,10,10,50.0,Adobe Creative Cloud software|Adobe Photoshop|Apache Hadoop|Apple macOS|Atlassian Confluence|Autodesk AutoCAD|Microsoft Excel|Microsoft Office software|Microsoft PowerPoint|Monitoring,Critical Thinking & Complex Decision Making (C-SOFT-01)
1737,Research & Development,Laboratory Technician,6472,9,0.1062,LOW,93.75,10,10,50.0,Active Learning|Commercial plate reader software|Data entry software|Google Docs|MEDITECH software|Microsoft Office software|Microsoft Outlook|Microsoft PowerPoint|Reading Comprehension|Writing,Critical Thinking & Complex Decision Making (C-SOFT-01)
1739,Sales,Sales Executive,9610,4,0.2171,LOW,68.75,9,10,47.37,Active Learning|Active Listening|Adobe Acrobat|Adobe InDesign|Apple macOS|Critical Thinking|Microsoft Office software|Monitoring|Reading Comprehension|Salesforce software,Executive Communication & Stakeholder Alignment (C-SOFT-02)
1740,Sales,Manager,19833,21,0.1163,LOW,56.25,12,8,60.0,Adobe Acrobat|Adobe Creative Cloud software|Amazon Web Services AWS software|Atlassian Confluence|Microsoft Office software|Microsoft PowerPoint|Monitoring|Reading Comprehension,Critical Thinking & Complex Decision Making (C-SOFT-01)
1744,Human Resources,Human Resources,9756,5,0.1126,LOW,62.5,10,10,50.0,Active Learning|Adobe Illustrator|Applicant tracking software|Learning Strategies|Microsoft Excel|Microsoft PowerPoint|Monitoring|Reading Comprehension|Speaking|Workday software,Critical Thinking & Complex Decision Making (C-SOFT-01)
1745,Research & Development,Research Scientist,4968,9,0.1041,LOW,68.75,11,11,50.0,Apache Hadoop|Apache Spark|Bash|C|Critical Thinking|Docker|Git|Go|Learning Strategies|Reading Comprehension|Writing,Critical Thinking & Complex Decision Making (C-SOFT-01)
1746,Human Resources,Human Resources,2145,2,0.202,LOW,75.0,8,12,40.0,Active Listening|Adobe Acrobat|Adobe Illustrator|Adobe InDesign|Adobe Photoshop|Applicant tracking software|Learning Strategies|Microsoft Excel|Microsoft Office software|Microsoft Outlook|Microsoft PowerPoint|Oracle HRIS,Executive Communication & Stakeholder Alignment (C-SOFT-02)
1747,Human Resources,Human Resources,2180,4,0.5598,MEDIUM,75.0,9,11,45.0,Active Learning|Adobe Illustrator|Applicant tracking software|Critical Thinking|Learning Strategies|Microsoft Excel|Microsoft Office software|Monitoring|Speaking|Workday software|Writing,Critical Thinking & Complex Decision Making (C-SOFT-01)
1749,Sales,Sales Executive,8346,5,0.1136,LOW,62.5,8,11,42.11,Active Listening|Adobe Acrobat|Adobe Creative Cloud software|Adobe InDesign|Apple macOS|Autodesk AutoCAD|Microsoft Excel|Microsoft Office software|Microsoft PowerPoint|Monitoring|Speaking,Executive Communication & Stakeholder Alignment (C-SOFT-02)
1751,Research & Development,Research Scientist,3445,6,0.1017,LOW,81.25,10,12,45.45,Active Learning|Amazon Web Services AWS software|Ansible software|Apache Hadoop|Apache Kafka|Apache Spark|Bash|C++|GitHub|Mathematics|Speaking|Writing,Critical Thinking & Complex Decision Making (C-SOFT-01)
1752,Sales,Sales Representative,2760,2,0.7452,HIGH,50.0,8,11,42.11,Active Learning|Adobe Creative Cloud software|Adobe Illustrator|Adobe InDesign|Microsoft Office software|Microsoft Outlook|Monitoring|Reading Comprehension|Salesforce software|Speaking|Writing,Critical Thinking & Complex Decision Making (C-SOFT-01)
1753,Research & Development,Healthcare Representative,6294,3,0.2877,LOW,93.75,9,10,47.37,Active Learning|Apache Hadoop|Critical Thinking|HubSpot software|Intuit QuickBooks|Microsoft Excel|Microsoft Office software|Monitoring|Reading Comprehension|Salesforce software,Critical Thinking & Complex Decision Making (C-SOFT-01)
1754,Sales,Sales Executive,7140,7,0.2033,LOW,43.75,10,9,52.63,Adobe Acrobat|Adobe Creative Cloud software|Microsoft Excel|Microsoft Office software|Microsoft Outlook|Microsoft PowerPoint|Monitoring|Salesforce software|Writing,Critical Thinking & Complex Decision Making (C-SOFT-01)
1755,Research & Development,Research Scientist,2932,5,0.15,LOW,81.25,10,12,45.45,Active Learning|Active Listening|Ansible software|Apache Kafka|Apache Spark|C|Critical Thinking|Docker|Git|GitHub|Go|Learning Strategies,Executive Communication & Stakeholder Alignment (C-SOFT-02)
1756,Sales,Sales Executive,5147,11,0.1777,LOW,81.25,10,9,52.63,Active Learning|Adobe Acrobat|Adobe Creative Cloud software|Adobe Illustrator|Apple macOS|Microsoft Outlook|Monitoring|Salesforce software|Speaking,Critical Thinking & Complex Decision Making (C-SOFT-01)
1757,Sales,Sales Executive,4507,5,0.1669,LOW,87.5,9,10,47.37,Active Listening|Adobe Acrobat|Adobe Creative Cloud software|Adobe Illustrator|Adobe Photoshop|Apple macOS|Microsoft Outlook|Monitoring|Salesforce software|Speaking,Executive Communication & Stakeholder Alignment (C-SOFT-02)
1758,Sales,Sales Executive,8564,0,0.7749,HIGH,50.0,9,10,47.37,Adobe Acrobat|Adobe Creative Cloud software|Adobe Illustrator|Adobe InDesign|Apple macOS|Microsoft Office software|Monitoring|Reading Comprehension|Speaking|Writing,Critical Thinking & Complex Decision Making (C-SOFT-01)
1760,Research & Development,Laboratory Technician,2468,6,0.1716,LOW,56.25,10,10,50.0,Active Learning|Active Listening|Critical Thinking|Database software|MEDITECH software|Microsoft PowerPoint|Monitoring|Reading Comprehension|SAP software|Writing,Executive Communication & Stakeholder Alignment (C-SOFT-02) + Critical Thinking & Complex Decision Making (C-SOFT-01)
1761,Sales,Sales Executive,8161,1,0.6662,HIGH,50.0,9,10,47.37,Active Learning|Active Listening|Adobe Illustrator|Apple macOS|Critical Thinking|Microsoft Office software|Microsoft PowerPoint|Monitoring|Salesforce software|Speaking,Executive Communication & Stakeholder Alignment (C-SOFT-02)
1762,Research & Development,Research Scientist,2109,1,0.4519,MEDIUM,62.5,9,13,40.91,Active Listening|Amazon Web Services AWS software|Apache Hadoop|Apache Kafka|Apache Spark|C|C++|Critical Thinking|Docker|Git|Go|Science|Writing,Executive Communication & Stakeholder Alignment (C-SOFT-02)
1763,Research & Development,Healthcare Representative,5294,7,0.1063,LOW,81.25,9,10,47.37,Active Learning|Active Listening|Apache Hadoop|Critical Thinking|Google Analytics|HubSpot software|Intuit QuickBooks|Monitoring|Reading Comprehension|Speaking,Executive Communication & Stakeholder Alignment (C-SOFT-02)
1764,Research & Development,Research Scientist,2718,7,0.179,LOW,56.25,11,11,50.0,Ansible software|Apache Hadoop|Apache Spark|Bash|C++|Critical Thinking|Docker|Mathematics|Reading Comprehension|Science|Speaking,Critical Thinking & Complex Decision Making (C-SOFT-01)
1766,Research & Development,Healthcare Representative,5811,1,0.2426,LOW,62.5,10,9,52.63,Amazon Web Services AWS software|Apache Hadoop|HubSpot software|IBM SPSS Statistics|Intuit QuickBooks|Linux|Microsoft Office software|Speaking|Writing,Critical Thinking & Complex Decision Making (C-SOFT-01)
1767,Research & Development,Research Scientist,2437,1,0.7264,HIGH,75.0,10,12,45.45,Active Learning|Active Listening|Apache Hadoop|Apache Kafka|Apache Spark|C|Critical Thinking|Git|Go|Mathematics|Reading Comprehension|Writing,Executive Communication & Stakeholder Alignment (C-SOFT-02)
1768,Research & Development,Laboratory Technician,2766,5,0.2801,LOW,56.25,9,11,45.0,Active Learning|Active Listening|Billing software|Data entry software|Microsoft Excel|Microsoft Office software|Microsoft Outlook|Microsoft PowerPoint|Microsoft Word|SAP software|Speaking,Executive Communication & Stakeholder Alignment (C-SOFT-02)
1770,Research & Development,Research Director,19038,1,0.1292,LOW,50.0,17,5,77.27,Active Listening|Critical Thinking|Microsoft SharePoint|Reading Comprehension|Speaking,Executive Communication & Stakeholder Alignment (C-SOFT-02) + Critical Thinking & Complex Decision Making (C-SOFT-01)
1771,Research & Development,Research Scientist,3055,9,0.086,LOW,81.25,11,11,50.0,Active Learning|Active Listening|Ansible software|Apache Kafka|Apache Spark|C++|GitHub|Go|Learning Strategies|Reading Comprehension|Speaking,Executive Communication & Stakeholder Alignment (C-SOFT-02)
1772,Research & Development,Laboratory Technician,2289,5,0.1394,LOW,56.25,9,11,45.0,Active Learning|Billing software|Commercial plate reader software|Critical Thinking|Data entry software|Microsoft Excel|Microsoft Outlook|Microsoft Word|Science|Speaking|Writing,Critical Thinking & Complex Decision Making (C-SOFT-01)
1774,Sales,Sales Executive,4001,15,0.1041,LOW,81.25,10,9,52.63,Adobe Creative Cloud software|Adobe Photoshop|Apple macOS|Microsoft Excel|Microsoft PowerPoint|Monitoring|Salesforce software|Speaking|Writing,Critical Thinking & Complex Decision Making (C-SOFT-01)
1775,Research & Development,Manufacturing Director,12965,3,0.142,LOW,62.5,14,6,70.0,Adobe Creative Cloud software|Apple macOS|Autodesk AutoCAD|Microsoft PowerPoint|Monitoring|Speaking,Critical Thinking & Complex Decision Making (C-SOFT-01)
1778,Human Resources,Human Resources,3539,9,0.0997,LOW,68.75,10,10,50.0,Active Learning|Active Listening|Adobe Illustrator|Adobe InDesign|Adobe Photoshop|Microsoft Excel|Microsoft Office software|Reading Comprehension|Workday software|Writing,Executive Communication & Stakeholder Alignment (C-SOFT-02)
1779,Sales,Sales Executive,6029,2,0.1901,LOW,62.5,8,11,42.11,Active Listening|Adobe Creative Cloud software|Adobe Illustrator|Adobe InDesign|Apple macOS|Critical Thinking|Microsoft Excel|Microsoft PowerPoint|Reading Comprehension|Speaking|Writing,Executive Communication & Stakeholder Alignment (C-SOFT-02)
1780,Sales,Sales Representative,2679,1,0.7451,HIGH,56.25,7,12,36.84,Active Listening|Adobe Acrobat|Adobe Creative Cloud software|Adobe Illustrator|Adobe InDesign|Adobe Photoshop|Apple macOS|Critical Thinking|Microsoft Outlook|Microsoft PowerPoint|Monitoring|Reading Comprehension,Executive Communication & Stakeholder Alignment (C-SOFT-02)
1782,Research & Development,Laboratory Technician,3702,5,0.1091,LOW,68.75,9,11,45.0,Active Learning|Database software|Google Docs|MEDITECH software|Microsoft Office software|Microsoft Outlook|Microsoft Word|SAP software|Science|Speaking|Writing,Critical Thinking & Complex Decision Making (C-SOFT-01)
1783,Research & Development,Laboratory Technician,2398,1,0.8714,HIGH,62.5,8,12,40.0,Billing software|Commercial plate reader software|Database software|Google Docs|MEDITECH software|Microsoft Outlook|Microsoft PowerPoint|Microsoft Word|Monitoring|SAP software|Science|Speaking,Critical Thinking & Complex Decision Making (C-SOFT-01)
1784,Sales,Sales Executive,5468,12,0.24,LOW,50.0,10,9,52.63,Active Learning|Adobe Acrobat|Adobe Creative Cloud software|Adobe Photoshop|Autodesk AutoCAD|Microsoft PowerPoint|Monitoring|Salesforce software|Speaking,Critical Thinking & Complex Decision Making (C-SOFT-01)
1786,Research & Development,Manager,13116,2,0.1091,LOW,68.75,11,9,55.0,Active Learning|Amazon Web Services AWS software|Apache Hadoop|Atlassian Confluence|Atlassian JIRA|Critical Thinking|Monitoring|Speaking|Writing,Critical Thinking & Complex Decision Making (C-SOFT-01)
1787,Sales,Sales Executive,4189,5,0.2082,LOW,43.75,8,11,42.11,Active Listening|Adobe Acrobat|Adobe Creative Cloud software|Adobe InDesign|Autodesk AutoCAD|Critical Thinking|Microsoft Excel|Microsoft PowerPoint|Monitoring|Reading Comprehension|Speaking,Executive Communication & Stakeholder Alignment (C-SOFT-02)
1789,Research & Development,Research Director,19328,2,0.1059,LOW,81.25,14,8,63.64,Active Learning|Adobe Acrobat|Adobe Photoshop|Critical Thinking|Learning Strategies|Microsoft Access|Microsoft PowerPoint|Monitoring,Critical Thinking & Complex Decision Making (C-SOFT-01)
1790,Research & Development,Healthcare Representative,8321,12,0.1301,LOW,75.0,10,9,52.63,Active Learning|Active Listening|Apache Hadoop|Google Analytics|Google Workspace software|Microsoft Excel|Microsoft Outlook|Monitoring|Reading Comprehension,Executive Communication & Stakeholder Alignment (C-SOFT-02)
1792,Research & Development,Research Scientist,2342,5,0.6776,HIGH,68.75,10,12,45.45,Active Listening|Ansible software|Apache Kafka|Apache Spark|Bash|C++|Critical Thinking|Docker|Git|Learning Strategies|Reading Comprehension|Writing,Executive Communication & Stakeholder Alignment (C-SOFT-02)
1794,Human Resources,Human Resources,4071,10,0.1872,LOW,68.75,12,8,60.0,Active Listening|Adobe Acrobat|Adobe Illustrator|Critical Thinking|Microsoft Excel|Monitoring|Workday software|Writing,Executive Communication & Stakeholder Alignment (C-SOFT-02)
1797,Sales,Sales Executive,5813,10,0.5827,MEDIUM,87.5,9,10,47.37,Active Learning|Adobe Creative Cloud software|Adobe Illustrator|Adobe InDesign|Microsoft Excel|Microsoft Office software|Microsoft Outlook|Microsoft PowerPoint|Salesforce software|Speaking,Critical Thinking & Complex Decision Making (C-SOFT-01)
1798,Research & Development,Research Scientist,3143,10,0.1263,LOW,68.75,12,10,54.55,Ansible software|Apache Hadoop|C|Git|GitHub|Go|Learning Strategies|Mathematics|Monitoring|Speaking,Applied Machine Learning & Deep Learning (C-TECH-03)
1799,Research & Development,Research Scientist,2044,5,0.1101,LOW,81.25,10,12,45.45,Active Listening|Amazon Web Services AWS software|Ansible software|Apache Kafka|Apache Spark|C|C++|Mathematics|Monitoring|Reading Comprehension|Speaking|Writing,Executive Communication & Stakeholder Alignment (C-SOFT-02)
1800,Research & Development,Research Director,13464,4,0.1304,LOW,75.0,11,11,50.0,Active Learning|Adobe Photoshop|Critical Thinking|Learning Strategies|Microsoft Access|Microsoft Office software|Microsoft Outlook|Microsoft PowerPoint|Microsoft Project|Monitoring|Writing,Critical Thinking & Complex Decision Making (C-SOFT-01)
1801,Sales,Sales Executive,7991,2,0.2679,LOW,56.25,8,11,42.11,Active Learning|Adobe Illustrator|Adobe InDesign|Adobe Photoshop|Apple macOS|Autodesk AutoCAD|Microsoft Outlook|Reading Comprehension|Salesforce software|Speaking|Writing,Critical Thinking & Complex Decision Making (C-SOFT-01)
1802,Research & Development,Laboratory Technician,3377,4,0.1424,LOW,68.75,9,11,45.0,Active Listening|Critical Thinking|Data entry software|Database software|Google Docs|MEDITECH software|Microsoft Office software|Microsoft PowerPoint|Microsoft Word|Reading Comprehension|Science,Executive Communication & Stakeholder Alignment (C-SOFT-02) + Critical Thinking & Complex Decision Making (C-SOFT-01)
1803,Research & Development,Healthcare Representative,5538,0,0.1407,LOW,62.5,9,10,47.37,Active Learning|Critical Thinking|HubSpot software|IBM SPSS Statistics|Linux|Microsoft Excel|Microsoft Office software|Microsoft Outlook|Reading Comprehension|Salesforce software,Critical Thinking & Complex Decision Making (C-SOFT-01)
1804,Research & Development,Manufacturing Director,5762,7,0.0491,LOW,75.0,11,9,55.0,Active Learning|Adobe Creative Cloud software|Amazon Web Services AWS software|Autodesk AutoCAD|Microsoft Office software|Microsoft PowerPoint|Monitoring|Reading Comprehension|Speaking,Critical Thinking & Complex Decision Making (C-SOFT-01)
1805,Human Resources,Human Resources,2592,11,0.1279,LOW,62.5,10,10,50.0,Active Learning|Adobe Illustrator|Adobe Photoshop|Learning Strategies|Microsoft Excel|Microsoft Outlook|Microsoft PowerPoint|Reading Comprehension|Speaking|Writing,Critical Thinking & Complex Decision Making (C-SOFT-01)
1807,Research & Development,Laboratory Technician,5346,7,0.454,MEDIUM,68.75,10,10,50.0,Active Learning|Billing software|Commercial plate reader software|Critical Thinking|Data entry software|Database software|Microsoft Excel|Monitoring|Science|Speaking,Critical Thinking & Complex Decision Making (C-SOFT-01)
1809,Research & Development,Manufacturing Director,4213,10,0.4246,MEDIUM,62.5,10,10,50.0,Active Learning|Active Listening|Adobe Acrobat|Apache Hadoop|Apple macOS|Atlassian Confluence|Autodesk AutoCAD|Learning Strategies|Microsoft Excel|Microsoft Office software,Executive Communication & Stakeholder Alignment (C-SOFT-02)
1812,Sales,Sales Executive,4127,2,0.1197,LOW,87.5,9,10,47.37,Active Listening|Adobe Acrobat|Adobe Illustrator|Adobe Photoshop|Autodesk AutoCAD|Critical Thinking|Monitoring|Reading Comprehension|Salesforce software|Speaking,Executive Communication & Stakeholder Alignment (C-SOFT-02)
1813,Research & Development,Research Scientist,2438,3,0.1898,LOW,62.5,10,12,45.45,Active Learning|Amazon Web Services AWS software|Ansible software|Bash|C|Git|Go|Learning Strategies|Reading Comprehension|Science|Speaking|Writing,Critical Thinking & Complex Decision Making (C-SOFT-01)
1814,Research & Development,Healthcare Representative,6870,3,0.1806,LOW,56.25,9,10,47.37,Active Listening|Critical Thinking|Google Analytics|Intuit QuickBooks|Linux|Microsoft Outlook|Reading Comprehension|Salesforce software|Speaking|Writing,Executive Communication & Stakeholder Alignment (C-SOFT-02) + Critical Thinking & Complex Decision Making (C-SOFT-01)
1815,Sales,Sales Executive,10447,22,0.16,LOW,81.25,12,7,63.16,Adobe Acrobat|Adobe Creative Cloud software|Adobe Illustrator|Adobe Photoshop|Microsoft Office software|Reading Comprehension|Salesforce software,Critical Thinking & Complex Decision Making (C-SOFT-01)
1816,Research & Development,Manufacturing Director,9667,7,0.273,LOW,56.25,10,10,50.0,Active Learning|Apache Hadoop|Apple macOS|Critical Thinking|Learning Strategies|Microsoft Office software|Microsoft PowerPoint|Monitoring|Reading Comprehension|Speaking,Critical Thinking & Complex Decision Making (C-SOFT-01)
1818,Human Resources,Human Resources,2148,5,0.4316,MEDIUM,75.0,9,11,45.0,Active Learning|Active Listening|Adobe Acrobat|Critical Thinking|Learning Strategies|Microsoft Excel|Microsoft Office software|Microsoft Outlook|Oracle HRIS|Speaking|Writing,Executive Communication & Stakeholder Alignment (C-SOFT-02)
1821,Research & Development,Healthcare Representative,8926,9,0.4412,MEDIUM,81.25,10,9,52.63,Amazon Web Services AWS software|HubSpot software|IBM SPSS Statistics|Microsoft Office software|Monitoring|Reading Comprehension|Salesforce software|Speaking|Writing,Critical Thinking & Complex Decision Making (C-SOFT-01)
1822,Research & Development,Healthcare Representative,6513,5,0.0662,LOW,87.5,10,9,52.63,Active Learning|Amazon Web Services AWS software|Critical Thinking|IBM SPSS Statistics|Linux|Microsoft Excel|Monitoring|Reading Comprehension|Speaking,Critical Thinking & Complex Decision Making (C-SOFT-01)
1823,Sales,Sales Executive,6799,10,0.1026,LOW,75.0,9,10,47.37,Active Listening|Adobe InDesign|Autodesk AutoCAD|Critical Thinking|Microsoft Excel|Microsoft Office software|Microsoft Outlook|Monitoring|Salesforce software|Writing,Executive Communication & Stakeholder Alignment (C-SOFT-02)
1824,Sales,Manager,16291,16,0.0872,LOW,68.75,16,4,80.0,Amazon Web Services AWS software|Autodesk AutoCAD|Critical Thinking|Learning Strategies,Critical Thinking & Complex Decision Making (C-SOFT-01)
1826,Research & Development,Laboratory Technician,2705,5,0.2511,LOW,50.0,9,11,45.0,Billing software|Critical Thinking|Google Docs|MEDITECH software|Microsoft Excel|Microsoft Office software|Microsoft PowerPoint|Monitoring|Reading Comprehension|Speaking|Writing,Critical Thinking & Complex Decision Making (C-SOFT-01)
1827,Research & Development,Manufacturing Director,10333,22,0.1044,LOW,62.5,14,6,70.0,Active Listening|Adobe Creative Cloud software|Apple macOS|Atlassian Confluence|Atlassian JIRA|Speaking,Executive Communication & Stakeholder Alignment (C-SOFT-02)
1829,Research & Development,Healthcare Representative,4448,7,0.1551,LOW,50.0,10,9,52.63,Active Learning|Active Listening|Apache Hadoop|Google Workspace software|IBM SPSS Statistics|Intuit QuickBooks|Linux|Microsoft Excel|Microsoft Office software,Executive Communication & Stakeholder Alignment (C-SOFT-02)
1830,Research & Development,Research Scientist,6854,7,0.1112,LOW,81.25,12,10,54.55,Active Learning|Apache Hadoop|Apache Kafka|Apache Spark|C|C++|Critical Thinking|Reading Comprehension|Speaking|Writing,Critical Thinking & Complex Decision Making (C-SOFT-01)
1833,Sales,Sales Executive,9637,3,0.2139,LOW,56.25,9,10,47.37,Active Learning|Adobe Acrobat|Adobe Creative Cloud software|Adobe Illustrator|Adobe Photoshop|Autodesk AutoCAD|Critical Thinking|Monitoring|Reading Comprehension|Writing,Critical Thinking & Complex Decision Making (C-SOFT-01)
1834,Research & Development,Research Scientist,3591,3,0.1039,LOW,62.5,9,13,40.91,Active Learning|Active Listening|Amazon Web Services AWS software|Ansible software|Apache Spark|Bash|C|Docker|Git|GitHub|Go|Learning Strategies|Reading Comprehension,Executive Communication & Stakeholder Alignment (C-SOFT-02)
1835,Sales,Sales Representative,5405,4,0.2394,LOW,50.0,11,8,57.89,Active Listening|Adobe Illustrator|Adobe Photoshop|Apple macOS|Microsoft Excel|Monitoring|Reading Comprehension|Salesforce software,Executive Communication & Stakeholder Alignment (C-SOFT-02)
1836,Sales,Sales Executive,4684,5,0.1551,LOW,68.75,8,11,42.11,Active Listening|Adobe Acrobat|Adobe Illustrator|Adobe InDesign|Adobe Photoshop|Autodesk AutoCAD|Microsoft Excel|Microsoft Office software|Microsoft PowerPoint|Reading Comprehension|Writing,Executive Communication & Stakeholder Alignment (C-SOFT-02)
1837,Research & Development,Research Director,15787,2,0.1463,LOW,56.25,14,8,63.64,Adobe Acrobat|ESRI ArcGIS software|Learning Strategies|Microsoft Office software|Microsoft PowerPoint|Monitoring|Reading Comprehension|Writing,Critical Thinking & Complex Decision Making (C-SOFT-01)
1839,Research & Development,Research Scientist,1514,0,0.4127,MEDIUM,68.75,8,14,36.36,Active Listening|Amazon Web Services AWS software|Apache Kafka|Apache Spark|C|Docker|Git|GitHub|Go|Learning Strategies|Mathematics|Reading Comprehension|Speaking|Writing,Executive Communication & Stakeholder Alignment (C-SOFT-02)
1842,Human Resources,Human Resources,2956,1,0.7955,HIGH,75.0,8,12,40.0,Active Listening|Adobe Acrobat|Adobe Creative Cloud software|Adobe Illustrator|Adobe InDesign|Adobe Photoshop|Applicant tracking software|Learning Strategies|Microsoft Excel|Microsoft PowerPoint|Oracle HRIS|Writing,Executive Communication & Stakeholder Alignment (C-SOFT-02)
1844,Human Resources,Human Resources,2335,2,0.8221,HIGH,50.0,8,12,40.0,Adobe Acrobat|Adobe Illustrator|Adobe InDesign|Adobe Photoshop|Applicant tracking software|Microsoft Excel|Microsoft Office software|Microsoft PowerPoint|Oracle HRIS|Reading Comprehension|Workday software|Writing,Critical Thinking & Complex Decision Making (C-SOFT-01)
1845,Sales,Sales Executive,5154,8,0.1282,LOW,68.75,9,10,47.37,Active Learning|Active Listening|Adobe Acrobat|Adobe Creative Cloud software|Adobe Illustrator|Autodesk AutoCAD|Critical Thinking|Microsoft Excel|Microsoft Office software|Writing,Executive Communication & Stakeholder Alignment (C-SOFT-02)
1847,Research & Development,Research Scientist,6962,1,0.1422,LOW,81.25,12,10,54.55,Active Learning|Active Listening|Amazon Web Services AWS software|Ansible software|Apache Hadoop|Apache Spark|C|Go|Learning Strategies|Mathematics,Executive Communication & Stakeholder Alignment (C-SOFT-02)
1849,Sales,Sales Executive,5675,7,0.1257,LOW,68.75,9,10,47.37,Active Learning|Adobe Acrobat|Adobe Illustrator|Apple macOS|Microsoft Excel|Microsoft Office software|Microsoft PowerPoint|Salesforce software|Speaking|Writing,Critical Thinking & Complex Decision Making (C-SOFT-01)
1850,Research & Development,Laboratory Technician,2379,5,0.2972,LOW,87.5,9,11,45.0,Active Learning|Active Listening|Billing software|Commercial plate reader software|Critical Thinking|Data entry software|Google Docs|Microsoft Outlook|Microsoft Word|Science|Speaking,Executive Communication & Stakeholder Alignment (C-SOFT-02)
1852,Research & Development,Laboratory Technician,3812,11,0.1398,LOW,81.25,10,10,50.0,Active Learning|Commercial plate reader software|Critical Thinking|Google Docs|MEDITECH software|Microsoft Excel|Microsoft Office software|Microsoft PowerPoint|Microsoft Word|Speaking,Critical Thinking & Complex Decision Making (C-SOFT-01)
1853,Sales,Sales Executive,4648,0,0.241,LOW,87.5,8,11,42.11,Active Listening|Adobe Acrobat|Adobe Creative Cloud software|Apple macOS|Autodesk AutoCAD|Critical Thinking|Microsoft Office software|Microsoft PowerPoint|Monitoring|Speaking|Writing,Executive Communication & Stakeholder Alignment (C-SOFT-02)
1854,Research & Development,Research Scientist,2936,6,0.1045,LOW,68.75,11,11,50.0,Active Learning|Active Listening|Amazon Web Services AWS software|Apache Kafka|Bash|C|C++|Docker|GitHub|Mathematics|Writing,Executive Communication & Stakeholder Alignment (C-SOFT-02)
1856,Research & Development,Laboratory Technician,2105,2,0.1808,LOW,68.75,9,11,45.0,Active Learning|Billing software|Commercial plate reader software|Critical Thinking|Data entry software|Database software|MEDITECH software|Microsoft Excel|Microsoft Outlook|Microsoft Word|Reading Comprehension,Critical Thinking & Complex Decision Making (C-SOFT-01)
1857,Research & Development,Manufacturing Director,8578,9,0.0972,LOW,87.5,10,10,50.0,Active Learning|Adobe Acrobat|Adobe Photoshop|Amazon Web Services AWS software|Apple macOS|Atlassian Confluence|Autodesk AutoCAD|Learning Strategies|Microsoft PowerPoint|Reading Comprehension,Critical Thinking & Complex Decision Making (C-SOFT-01)
1858,Human Resources,Human Resources,2706,3,0.1349,LOW,75.0,8,12,40.0,Active Learning|Adobe Acrobat|Adobe Illustrator|Adobe InDesign|Applicant tracking software|Microsoft Excel|Microsoft Office software|Microsoft Outlook|Oracle HRIS|Reading Comprehension|Speaking|Writing,Critical Thinking & Complex Decision Making (C-SOFT-01)
1859,Research & Development,Healthcare Representative,6384,7,0.121,LOW,75.0,9,10,47.37,Active Listening|Apache Hadoop|Critical Thinking|Google Analytics|HubSpot software|Intuit QuickBooks|Microsoft Excel|Monitoring|Reading Comprehension|Writing,Executive Communication & Stakeholder Alignment (C-SOFT-02) + Critical Thinking & Complex Decision Making (C-SOFT-01)
1860,Research & Development,Laboratory Technician,3968,0,0.185,LOW,87.5,9,11,45.0,Active Learning|Critical Thinking|Database software|MEDITECH software|Microsoft Excel|Microsoft Office software|Microsoft Outlook|Microsoft PowerPoint|Microsoft Word|Science|Writing,Critical Thinking & Complex Decision Making (C-SOFT-01)
1862,Sales,Sales Executive,9907,2,0.7764,HIGH,62.5,9,10,47.37,Active Listening|Adobe Illustrator|Apple macOS|Autodesk AutoCAD|Microsoft Excel|Microsoft Office software|Microsoft Outlook|Monitoring|Salesforce software|Speaking,Executive Communication & Stakeholder Alignment (C-SOFT-02)
1863,Sales,Sales Executive,13225,19,0.106,LOW,62.5,12,7,63.16,Adobe Creative Cloud software|Adobe Illustrator|Adobe InDesign|Autodesk AutoCAD|Critical Thinking|Microsoft PowerPoint|Writing,Critical Thinking & Complex Decision Making (C-SOFT-01)
1864,Sales,Sales Representative,3540,9,0.1631,LOW,68.75,9,10,47.37,Active Learning|Adobe Illustrator|Adobe InDesign|Adobe Photoshop|Microsoft Excel|Microsoft Office software|Reading Comprehension|Salesforce software|Speaking|Writing,Critical Thinking & Complex Decision Making (C-SOFT-01)
1865,Human Resources,Human Resources,2804,1,0.4914,MEDIUM,75.0,8,12,40.0,Active Listening|Adobe Illustrator|Adobe Photoshop|Learning Strategies|Microsoft Excel|Microsoft Office software|Microsoft Outlook|Microsoft PowerPoint|Reading Comprehension|Speaking|Workday software|Writing,Executive Communication & Stakeholder Alignment (C-SOFT-02)
1866,Research & Development,Manager,19392,16,0.1032,LOW,62.5,12,8,60.0,Active Listening|Adobe Acrobat|Adobe Creative Cloud software|Amazon Web Services AWS software|Apple macOS|Critical Thinking|Microsoft Office software|Monitoring,Executive Communication & Stakeholder Alignment (C-SOFT-02)
1867,Research & Development,Research Director,19665,22,0.0862,LOW,75.0,15,7,68.18,Active Learning|ESRI ArcGIS software|Microsoft Excel|Microsoft Office software|Microsoft PowerPoint|Microsoft Visio|Writing,Critical Thinking & Complex Decision Making (C-SOFT-01)
1868,Research & Development,Research Scientist,2439,1,0.9098,HIGH,75.0,9,13,40.91,Amazon Web Services AWS software|Ansible software|Apache Hadoop|Apache Spark|C++|Docker|GitHub|Go|Mathematics|Monitoring|Science|Speaking|Writing,Critical Thinking & Complex Decision Making (C-SOFT-01)
1869,Sales,Sales Executive,7314,8,0.4351,MEDIUM,68.75,10,9,52.63,Active Learning|Adobe Acrobat|Adobe Creative Cloud software|Adobe InDesign|Apple macOS|Autodesk AutoCAD|Critical Thinking|Microsoft Excel|Writing,Critical Thinking & Complex Decision Making (C-SOFT-01)
1870,Research & Development,Research Scientist,4774,7,0.0893,LOW,68.75,10,12,45.45,Amazon Web Services AWS software|Ansible software|Apache Hadoop|Apache Kafka|Apache Spark|Bash|C|C++|Learning Strategies|Reading Comprehension|Speaking|Writing,Critical Thinking & Complex Decision Making (C-SOFT-01)
1871,Research & Development,Research Scientist,3902,2,0.1233,LOW,81.25,10,12,45.45,Active Listening|Apache Hadoop|Apache Spark|Bash|C++|Critical Thinking|Git|GitHub|Learning Strategies|Reading Comprehension|Speaking|Writing,Executive Communication & Stakeholder Alignment (C-SOFT-02)
1873,Research & Development,Research Scientist,2662,5,0.101,LOW,62.5,13,9,59.09,Apache Spark|Bash|Critical Thinking|Docker|Git|Go|Learning Strategies|Mathematics|Speaking,Critical Thinking & Complex Decision Making (C-SOFT-01)
1875,Sales,Sales Representative,2856,1,0.3554,MEDIUM,68.75,7,12,36.84,Active Listening|Adobe Acrobat|Adobe Creative Cloud software|Adobe Illustrator|Adobe InDesign|Adobe Photoshop|Apple macOS|Autodesk AutoCAD|Microsoft PowerPoint|Monitoring|Salesforce software|Speaking,Executive Communication & Stakeholder Alignment (C-SOFT-02)
1876,Sales,Sales Representative,1081,1,0.8417,HIGH,75.0,7,12,36.84,Active Listening|Adobe Acrobat|Adobe Creative Cloud software|Adobe Illustrator|Adobe InDesign|Apple macOS|Critical Thinking|Microsoft Excel|Microsoft Outlook|Microsoft PowerPoint|Reading Comprehension|Salesforce software,Executive Communication & Stakeholder Alignment (C-SOFT-02)
1878,Research & Development,Research Scientist,2472,1,0.8557,HIGH,62.5,9,13,40.91,Active Listening|Apache Kafka|Apache Spark|Docker|Git|GitHub|Go|Learning Strategies|Mathematics|Reading Comprehension|Science|Speaking|Writing,Executive Communication & Stakeholder Alignment (C-SOFT-02)
1880,Sales,Sales Executive,5673,10,0.2425,LOW,50.0,9,10,47.37,Adobe Creative Cloud software|Adobe Illustrator|Adobe InDesign|Apple macOS|Critical Thinking|Microsoft Outlook|Microsoft PowerPoint|Monitoring|Reading Comprehension|Salesforce software,Critical Thinking & Complex Decision Making (C-SOFT-01)
1881,Research & Development,Laboratory Technician,4197,10,0.2145,LOW,56.25,10,10,50.0,Active Learning|Active Listening|Commercial plate reader software|Critical Thinking|Data entry software|Microsoft Excel|Microsoft Word|Science|Speaking|Writing,Executive Communication & Stakeholder Alignment (C-SOFT-02)
1882,Sales,Sales Executive,9713,5,0.2022,LOW,87.5,9,10,47.37,Active Learning|Active Listening|Adobe Creative Cloud software|Adobe Illustrator|Adobe InDesign|Apple macOS|Autodesk AutoCAD|Critical Thinking|Microsoft Excel|Monitoring,Executive Communication & Stakeholder Alignment (C-SOFT-02)
1883,Research & Development,Laboratory Technician,2062,3,0.2149,LOW,62.5,10,10,50.0,Billing software|Data entry software|Database software|Google Docs|Microsoft Office software|Microsoft Outlook|Monitoring|Reading Comprehension|SAP software|Speaking,Critical Thinking & Complex Decision Making (C-SOFT-01)
1885,Research & Development,Research Scientist,4284,5,0.1309,LOW,68.75,12,10,54.55,Active Learning|Active Listening|Amazon Web Services AWS software|Ansible software|Apache Hadoop|Bash|C|C++|GitHub|Reading Comprehension,Executive Communication & Stakeholder Alignment (C-SOFT-02)
1886,Research & Development,Manufacturing Director,4788,3,0.2536,LOW,75.0,8,12,40.0,Active Learning|Active Listening|Adobe Acrobat|Adobe Photoshop|Apple macOS|Atlassian Confluence|Atlassian JIRA|Autodesk AutoCAD|Microsoft Office software|Microsoft PowerPoint|Monitoring|Writing,Executive Communication & Stakeholder Alignment (C-SOFT-02)
1888,Research & Development,Manufacturing Director,5906,9,0.0914,LOW,75.0,10,10,50.0,Active Learning|Amazon Web Services AWS software|Apache Hadoop|Apple macOS|Atlassian JIRA|Autodesk AutoCAD|Critical Thinking|Microsoft Office software|Speaking|Writing,Critical Thinking & Complex Decision Making (C-SOFT-01)
1890,Human Resources,Human Resources,3886,10,0.0842,LOW,75.0,10,10,50.0,Adobe InDesign|Adobe Photoshop|Learning Strategies|Microsoft Excel|Microsoft Office software|Microsoft PowerPoint|Monitoring|Reading Comprehension|Speaking|Writing,Critical Thinking & Complex Decision Making (C-SOFT-01)
1892,Research & Development,Manager,16823,19,0.0726,LOW,37.5,12,8,60.0,Adobe Creative Cloud software|Amazon Web Services AWS software|Apple macOS|Atlassian JIRA|Microsoft Office software|Microsoft PowerPoint|Monitoring|Writing,Critical Thinking & Complex Decision Making (C-SOFT-01)
1893,Research & Development,Research Scientist,2933,1,0.6012,MEDIUM,62.5,9,13,40.91,Active Learning|Active Listening|Ansible software|Apache Kafka|Apache Spark|C++|Critical Thinking|Docker|Go|Learning Strategies|Monitoring|Science|Writing,Executive Communication & Stakeholder Alignment (C-SOFT-02)
1898,Sales,Sales Executive,6500,8,0.1808,LOW,62.5,9,10,47.37,Active Learning|Active Listening|Adobe Acrobat|Adobe Creative Cloud software|Adobe Photoshop|Critical Thinking|Microsoft Excel|Microsoft Office software|Microsoft PowerPoint|Speaking,Executive Communication & Stakeholder Alignment (C-SOFT-02)
1900,Research & Development,Manager,17174,22,0.113,LOW,81.25,13,7,65.0,Active Listening|Adobe Creative Cloud software|Amazon Web Services AWS software|Apple macOS|Atlassian Confluence|Autodesk AutoCAD|Learning Strategies,Executive Communication & Stakeholder Alignment (C-SOFT-02)
1903,Research & Development,Healthcare Representative,5033,2,0.1378,LOW,68.75,9,10,47.37,Apache Hadoop|Google Workspace software|HubSpot software|IBM SPSS Statistics|Linux|Microsoft Office software|Reading Comprehension|Salesforce software|Speaking|Writing,Critical Thinking & Complex Decision Making (C-SOFT-01)
1905,Research & Development,Research Scientist,2307,5,0.8123,HIGH,50.0,10,12,45.45,Active Learning|Active Listening|Amazon Web Services AWS software|Apache Hadoop|Apache Kafka|Apache Spark|C|Critical Thinking|Docker|Learning Strategies|Mathematics|Speaking,Executive Communication & Stakeholder Alignment (C-SOFT-02)
1907,Research & Development,Laboratory Technician,2587,4,0.5358,MEDIUM,75.0,9,11,45.0,Active Learning|Active Listening|Data entry software|Google Docs|MEDITECH software|Microsoft Outlook|Microsoft PowerPoint|Monitoring|Reading Comprehension|SAP software|Science,Executive Communication & Stakeholder Alignment (C-SOFT-02)
1908,Sales,Sales Executive,5507,4,0.2679,LOW,62.5,10,9,52.63,Adobe Acrobat|Adobe Creative Cloud software|Adobe Illustrator|Adobe Photoshop|Autodesk AutoCAD|Critical Thinking|Reading Comprehension|Speaking|Writing,Critical Thinking & Complex Decision Making (C-SOFT-01)
1909,Sales,Sales Executive,4393,5,0.1596,LOW,68.75,10,9,52.63,Active Learning|Adobe Illustrator|Apple macOS|Microsoft Excel|Microsoft Office software|Monitoring|Reading Comprehension|Speaking|Writing,Critical Thinking & Complex Decision Making (C-SOFT-01)
1911,Research & Development,Research Director,13348,13,0.0766,LOW,56.25,13,9,59.09,Active Learning|Active Listening|Critical Thinking|Microsoft Access|Microsoft Excel|Microsoft Office software|Microsoft Visio|Reading Comprehension|Speaking,Executive Communication & Stakeholder Alignment (C-SOFT-02) + Critical Thinking & Complex Decision Making (C-SOFT-01)
1912,Sales,Sales Executive,6583,5,0.229,LOW,87.5,9,10,47.37,Active Learning|Active Listening|Adobe InDesign|Apple macOS|Critical Thinking|Microsoft Excel|Microsoft PowerPoint|Reading Comprehension|Salesforce software|Writing,Executive Communication & Stakeholder Alignment (C-SOFT-02)
1915,Sales,Sales Executive,8103,4,0.2478,LOW,81.25,9,10,47.37,Active Listening|Adobe Acrobat|Adobe Illustrator|Adobe Photoshop|Apple macOS|Autodesk AutoCAD|Microsoft Office software|Monitoring|Salesforce software|Writing,Executive Communication & Stakeholder Alignment (C-SOFT-02)
1916,Research & Development,Laboratory Technician,3978,2,0.2243,LOW,62.5,8,12,40.0,Active Listening|Billing software|Critical Thinking|Data entry software|Database software|Google Docs|MEDITECH software|Microsoft Excel|Microsoft Outlook|Microsoft PowerPoint|Reading Comprehension|Speaking,Executive Communication & Stakeholder Alignment (C-SOFT-02) + Critical Thinking & Complex Decision Making (C-SOFT-01)
1918,Research & Development,Laboratory Technician,2544,7,0.1296,LOW,75.0,9,11,45.0,Active Listening|Billing software|Critical Thinking|Data entry software|MEDITECH software|Microsoft PowerPoint|Reading Comprehension|SAP software|Science|Speaking|Writing,Executive Communication & Stakeholder Alignment (C-SOFT-02) + Critical Thinking & Complex Decision Making (C-SOFT-01)
1922,Research & Development,Healthcare Representative,5399,4,0.1141,LOW,68.75,10,9,52.63,Amazon Web Services AWS software|Apache Hadoop|Google Workspace software|Intuit QuickBooks|Linux|Microsoft Office software|Microsoft Outlook|Salesforce software|Speaking,Critical Thinking & Complex Decision Making (C-SOFT-01)
1924,Sales,Sales Executive,5487,10,0.2036,LOW,62.5,9,10,47.37,Adobe Acrobat|Adobe Creative Cloud software|Adobe Illustrator|Adobe Photoshop|Critical Thinking|Microsoft Excel|Microsoft Office software|Microsoft PowerPoint|Speaking|Writing,Critical Thinking & Complex Decision Making (C-SOFT-01)
1927,Sales,Sales Executive,6834,7,0.2072,LOW,75.0,9,10,47.37,Adobe Creative Cloud software|Adobe Illustrator|Adobe Photoshop|Microsoft Excel|Microsoft Office software|Microsoft Outlook|Monitoring|Reading Comprehension|Salesforce software|Writing,Critical Thinking & Complex Decision Making (C-SOFT-01)
1928,Sales,Sales Representative,1091,1,0.8633,HIGH,75.0,7,12,36.84,Active Learning|Active Listening|Adobe Creative Cloud software|Adobe InDesign|Apple macOS|Autodesk AutoCAD|Microsoft Excel|Microsoft Office software|Microsoft Outlook|Microsoft PowerPoint|Reading Comprehension|Writing,Executive Communication & Stakeholder Alignment (C-SOFT-02)
1929,Sales,Sales Executive,5736,3,0.2852,LOW,50.0,9,10,47.37,Active Learning|Adobe Creative Cloud software|Adobe Illustrator|Adobe InDesign|Adobe Photoshop|Autodesk AutoCAD|Critical Thinking|Microsoft Office software|Reading Comprehension|Speaking,Critical Thinking & Complex Decision Making (C-SOFT-01)
1931,Research & Development,Research Scientist,2226,5,0.1299,LOW,62.5,10,12,45.45,Active Learning|Active Listening|Apache Hadoop|Bash|C++|Docker|GitHub|Go|Learning Strategies|Mathematics|Reading Comprehension|Speaking,Executive Communication & Stakeholder Alignment (C-SOFT-02)
1932,Research & Development,Research Scientist,5747,15,0.1579,LOW,68.75,12,10,54.55,Active Learning|Active Listening|Ansible software|Apache Hadoop|C++|Critical Thinking|Git|Go|Learning Strategies|Writing,Executive Communication & Stakeholder Alignment (C-SOFT-02)
1933,Sales,Sales Executive,9854,2,0.716,HIGH,87.5,8,11,42.11,Adobe Acrobat|Adobe Creative Cloud software|Adobe Photoshop|Apple macOS|Autodesk AutoCAD|Critical Thinking|Microsoft Excel|Microsoft Office software|Microsoft Outlook|Microsoft PowerPoint|Monitoring,Critical Thinking & Complex Decision Making (C-SOFT-01)
1934,Research & Development,Research Scientist,5467,8,0.0994,LOW,68.75,12,10,54.55,Amazon Web Services AWS software|Apache Hadoop|C|Critical Thinking|Docker|GitHub|Go|Mathematics|Science|Writing,Applied Machine Learning & Deep Learning (C-TECH-03)
1935,Sales,Sales Executive,5380,0,0.2065,LOW,62.5,8,11,42.11,Active Learning|Active Listening|Adobe Acrobat|Adobe Creative Cloud software|Adobe Photoshop|Apple macOS|Microsoft Outlook|Monitoring|Reading Comprehension|Salesforce software|Speaking,Executive Communication & Stakeholder Alignment (C-SOFT-02)
1936,Research & Development,Manufacturing Director,5151,10,0.1417,LOW,56.25,10,10,50.0,Active Learning|Active Listening|Adobe Photoshop|Amazon Web Services AWS software|Atlassian Confluence|Atlassian JIRA|Autodesk AutoCAD|Critical Thinking|Microsoft Excel|Monitoring,Executive Communication & Stakeholder Alignment (C-SOFT-02)
1937,Research & Development,Research Scientist,2133,20,0.1067,LOW,68.75,13,9,59.09,Active Learning|Apache Spark|Bash|C++|Critical Thinking|GitHub|Monitoring|Science|Speaking,Critical Thinking & Complex Decision Making (C-SOFT-01)
1938,Sales,Manager,17875,1,0.1309,LOW,87.5,14,6,70.0,Active Learning|Atlassian JIRA|Critical Thinking|Microsoft PowerPoint|Monitoring|Speaking,Critical Thinking & Complex Decision Making (C-SOFT-01)
1939,Research & Development,Research Scientist,2432,4,0.7961,HIGH,56.25,10,12,45.45,Active Learning|Active Listening|Amazon Web Services AWS software|Apache Hadoop|Apache Spark|C|GitHub|Go|Learning Strategies|Monitoring|Reading Comprehension|Writing,Executive Communication & Stakeholder Alignment (C-SOFT-02)
1940,Research & Development,Research Scientist,4771,5,0.0841,LOW,81.25,11,11,50.0,Amazon Web Services AWS software|Ansible software|Bash|C++|Critical Thinking|Git|GitHub|Go|Monitoring|Science|Speaking,Critical Thinking & Complex Decision Making (C-SOFT-01)
1941,Research & Development,Research Director,19161,5,0.0717,LOW,81.25,15,7,68.18,Adobe Acrobat|ESRI ArcGIS software|Microsoft Access|Microsoft Outlook|Microsoft PowerPoint|Microsoft SharePoint|Microsoft Visio,Critical Thinking & Complex Decision Making (C-SOFT-01)
1943,Sales,Sales Executive,5087,0,0.1663,LOW,75.0,10,9,52.63,Active Learning|Active Listening|Adobe Creative Cloud software|Adobe Illustrator|Adobe InDesign|Adobe Photoshop|Microsoft Office software|Speaking|Writing,Executive Communication & Stakeholder Alignment (C-SOFT-02)
1944,Human Resources,Human Resources,2863,1,0.8898,HIGH,37.5,8,12,40.0,Active Learning|Active Listening|Adobe Illustrator|Adobe InDesign|Adobe Photoshop|Critical Thinking|Microsoft Office software|Microsoft PowerPoint|Monitoring|Oracle HRIS|Reading Comprehension|Workday software,Executive Communication & Stakeholder Alignment (C-SOFT-02)
1945,Sales,Sales Executive,5561,5,0.1444,LOW,62.5,8,11,42.11,Active Learning|Active Listening|Adobe Acrobat|Adobe Creative Cloud software|Adobe Photoshop|Apple macOS|Microsoft Excel|Microsoft PowerPoint|Monitoring|Speaking|Writing,Executive Communication & Stakeholder Alignment (C-SOFT-02)
1947,Research & Development,Research Scientist,2144,5,0.0855,LOW,75.0,10,12,45.45,Active Learning|Amazon Web Services AWS software|Ansible software|Apache Hadoop|Bash|C|C++|Critical Thinking|GitHub|Go|Reading Comprehension|Writing,Critical Thinking & Complex Decision Making (C-SOFT-01)
1948,Research & Development,Research Scientist,3065,4,0.3646,MEDIUM,68.75,9,13,40.91,Active Learning|Ansible software|Apache Hadoop|Apache Kafka|Apache Spark|Bash|C|Critical Thinking|Git|GitHub|Monitoring|Science|Speaking,Critical Thinking & Complex Decision Making (C-SOFT-01)
1949,Research & Development,Laboratory Technician,2810,5,0.2027,LOW,56.25,9,11,45.0,Active Listening|Billing software|Commercial plate reader software|Critical Thinking|Google Docs|Microsoft Excel|Microsoft Office software|Microsoft Outlook|Science|Speaking|Writing,Executive Communication & Stakeholder Alignment (C-SOFT-02)
1950,Sales,Sales Executive,9888,14,0.2261,LOW,56.25,10,9,52.63,Active Learning|Adobe InDesign|Critical Thinking|Microsoft Office software|Microsoft Outlook|Monitoring|Reading Comprehension|Speaking|Writing,Critical Thinking & Complex Decision Making (C-SOFT-01)
1951,Sales,Sales Executive,8628,8,0.1194,LOW,81.25,9,10,47.37,Adobe Photoshop|Apple macOS|Critical Thinking|Microsoft Excel|Microsoft Outlook|Microsoft PowerPoint|Monitoring|Reading Comprehension|Salesforce software|Speaking,Critical Thinking & Complex Decision Making (C-SOFT-01)
1952,Research & Development,Laboratory Technician,2867,7,0.0982,LOW,68.75,9,11,45.0,Active Learning|Active Listening|Billing software|Data entry software|Database software|Google Docs|Microsoft Excel|Microsoft Outlook|Monitoring|Science|Speaking,Executive Communication & Stakeholder Alignment (C-SOFT-02)
1954,Research & Development,Healthcare Representative,5373,5,0.1657,LOW,37.5,8,11,42.11,Active Learning|Active Listening|Apache Hadoop|HubSpot software|IBM SPSS Statistics|Microsoft Excel|Microsoft Outlook|Monitoring|Reading Comprehension|Salesforce software|Writing,Executive Communication & Stakeholder Alignment (C-SOFT-02)
1955,Research & Development,Healthcare Representative,6667,5,0.135,LOW,75.0,9,10,47.37,Active Listening|Amazon Web Services AWS software|Apache Hadoop|Google Analytics|Google Workspace software|HubSpot software|Intuit QuickBooks|Microsoft Office software|Microsoft Outlook|Reading Comprehension,Executive Communication & Stakeholder Alignment (C-SOFT-02)
1956,Research & Development,Research Scientist,5003,10,0.1929,LOW,50.0,11,11,50.0,Active Learning|Active Listening|Amazon Web Services AWS software|Apache Kafka|Apache Spark|Bash|C++|Go|Learning Strategies|Reading Comprehension|Writing,Executive Communication & Stakeholder Alignment (C-SOFT-02)
1960,Research & Development,Laboratory Technician,2367,4,0.5817,MEDIUM,62.5,9,11,45.0,Active Learning|Active Listening|Commercial plate reader software|Critical Thinking|Data entry software|MEDITECH software|Microsoft Outlook|Microsoft PowerPoint|Monitoring|SAP software|Writing,Executive Communication & Stakeholder Alignment (C-SOFT-02)
1961,Sales,Sales Representative,2858,1,0.4083,MEDIUM,31.25,11,8,57.89,Adobe Acrobat|Adobe Creative Cloud software|Adobe Illustrator|Adobe InDesign|Adobe Photoshop|Autodesk AutoCAD|Microsoft Office software|Reading Comprehension,Critical Thinking & Complex Decision Making (C-SOFT-01)
1962,Sales,Sales Executive,5204,10,0.1629,LOW,87.5,9,10,47.37,Active Learning|Adobe Creative Cloud software|Adobe Illustrator|Adobe InDesign|Apple macOS|Autodesk AutoCAD|Critical Thinking|Microsoft Excel|Speaking|Writing,Critical Thinking & Complex Decision Making (C-SOFT-01)
1965,Sales,Sales Executive,4105,7,0.1442,LOW,75.0,9,10,47.37,Active Learning|Adobe Acrobat|Adobe Photoshop|Autodesk AutoCAD|Critical Thinking|Microsoft Excel|Microsoft Outlook|Microsoft PowerPoint|Reading Comprehension|Speaking,Critical Thinking & Complex Decision Making (C-SOFT-01)
1966,Research & Development,Manufacturing Director,9679,1,0.1824,LOW,75.0,9,11,45.0,Active Learning|Adobe Photoshop|Apache Hadoop|Apple macOS|Autodesk AutoCAD|Microsoft Excel|Microsoft Office software|Microsoft PowerPoint|Monitoring|Reading Comprehension|Writing,Critical Thinking & Complex Decision Making (C-SOFT-01)
1967,Sales,Sales Executive,5617,10,0.6526,HIGH,68.75,9,10,47.37,Adobe Acrobat|Adobe InDesign|Adobe Photoshop|Autodesk AutoCAD|Microsoft Excel|Microsoft Outlook|Microsoft PowerPoint|Monitoring|Reading Comprehension|Speaking,Critical Thinking & Complex Decision Making (C-SOFT-01)
1968,Sales,Sales Executive,10448,2,0.777,HIGH,43.75,10,9,52.63,Active Learning|Active Listening|Adobe Creative Cloud software|Adobe Photoshop|Microsoft Outlook|Monitoring|Reading Comprehension|Salesforce software|Writing,Executive Communication & Stakeholder Alignment (C-SOFT-02)
1969,Research & Development,Research Scientist,2897,4,0.1337,LOW,62.5,11,11,50.0,Ansible software|Apache Hadoop|Apache Kafka|Apache Spark|Bash|Critical Thinking|Git|Go|Learning Strategies|Speaking|Writing,Critical Thinking & Complex Decision Making (C-SOFT-01)
1970,Research & Development,Healthcare Representative,5968,9,0.0721,LOW,81.25,9,10,47.37,Active Listening|Apache Hadoop|Critical Thinking|Google Workspace software|IBM SPSS Statistics|Intuit QuickBooks|Linux|Microsoft Excel|Salesforce software|Writing,Executive Communication & Stakeholder Alignment (C-SOFT-02) + Critical Thinking & Complex Decision Making (C-SOFT-01)
1971,Research & Development,Healthcare Representative,7510,10,0.1729,LOW,56.25,9,10,47.37,Active Learning|Amazon Web Services AWS software|Critical Thinking|Google Workspace software|HubSpot software|Intuit QuickBooks|Microsoft Excel|Reading Comprehension|Speaking|Writing,Critical Thinking & Complex Decision Making (C-SOFT-01)
1972,Human Resources,Human Resources,2991,6,0.227,LOW,68.75,9,11,45.0,Active Learning|Active Listening|Adobe Acrobat|Adobe Illustrator|Critical Thinking|Microsoft Excel|Microsoft Office software|Monitoring|Oracle HRIS|Reading Comprehension|Writing,Executive Communication & Stakeholder Alignment (C-SOFT-02)
1973,Human Resources,Manager,19636,10,0.121,LOW,62.5,15,5,75.0,Amazon Web Services AWS software|Atlassian Confluence|Microsoft PowerPoint|Monitoring|Speaking,Critical Thinking & Complex Decision Making (C-SOFT-01)
1974,Research & Development,Laboratory Technician,1129,1,0.5957,MEDIUM,75.0,8,12,40.0,Active Learning|Critical Thinking|Data entry software|Database software|Google Docs|MEDITECH software|Microsoft Outlook|Microsoft PowerPoint|Reading Comprehension|SAP software|Science|Speaking,Critical Thinking & Complex Decision Making (C-SOFT-01)
1975,Sales,Sales Executive,13341,20,0.1926,LOW,43.75,12,7,63.16,Active Learning|Adobe Creative Cloud software|Autodesk AutoCAD|Critical Thinking|Microsoft Outlook|Reading Comprehension|Writing,Critical Thinking & Complex Decision Making (C-SOFT-01)
1976,Research & Development,Research Scientist,4332,20,0.0677,LOW,81.25,13,9,59.09,Active Learning|Active Listening|Amazon Web Services AWS software|Apache Spark|Docker|GitHub|Go|Science|Writing,Executive Communication & Stakeholder Alignment (C-SOFT-02)
1979,Research & Development,Research Director,11031,11,0.0984,LOW,75.0,12,10,54.55,Adobe Acrobat|Critical Thinking|ESRI ArcGIS software|Microsoft Excel|Microsoft Office software|Microsoft Outlook|Microsoft Visio|Reading Comprehension|Speaking|Writing,Critical Thinking & Complex Decision Making (C-SOFT-01)
1980,Research & Development,Manufacturing Director,4440,5,0.2164,LOW,68.75,10,10,50.0,Active Learning|Apache Hadoop|Apple macOS|Autodesk AutoCAD|Critical Thinking|Microsoft PowerPoint|Monitoring|Reading Comprehension|Speaking|Writing,Critical Thinking & Complex Decision Making (C-SOFT-01)
1981,Research & Development,Healthcare Representative,4617,4,0.1571,LOW,56.25,8,11,42.11,Active Listening|Amazon Web Services AWS software|Critical Thinking|Google Analytics|IBM SPSS Statistics|Microsoft Excel|Microsoft Office software|Monitoring|Reading Comprehension|Speaking|Writing,Executive Communication & Stakeholder Alignment (C-SOFT-02) + Critical Thinking & Complex Decision Making (C-SOFT-01)
1982,Research & Development,Laboratory Technician,2647,5,0.1096,LOW,87.5,9,11,45.0,Active Listening|Billing software|Commercial plate reader software|Data entry software|Database software|Google Docs|Microsoft Excel|Monitoring|Reading Comprehension|Speaking|Writing,Executive Communication & Stakeholder Alignment (C-SOFT-02)
1985,Research & Development,Laboratory Technician,6323,10,0.1539,LOW,68.75,10,10,50.0,Active Listening|Billing software|Critical Thinking|Data entry software|Database software|MEDITECH software|Microsoft Excel|Microsoft Office software|Monitoring|Science,Executive Communication & Stakeholder Alignment (C-SOFT-02) + Critical Thinking & Complex Decision Making (C-SOFT-01)
1986,Sales,Sales Executive,5677,11,0.1126,LOW,62.5,10,9,52.63,Active Listening|Adobe Acrobat|Adobe Creative Cloud software|Adobe Illustrator|Adobe InDesign|Microsoft Excel|Microsoft Office software|Microsoft Outlook|Monitoring,Executive Communication & Stakeholder Alignment (C-SOFT-02)
1987,Human Resources,Human Resources,2187,2,0.2486,LOW,68.75,9,11,45.0,Active Listening|Adobe Creative Cloud software|Adobe InDesign|Critical Thinking|Learning Strategies|Microsoft Office software|Microsoft Outlook|Microsoft PowerPoint|Monitoring|Reading Comprehension|Speaking,Executive Communication & Stakeholder Alignment (C-SOFT-02)
1989,Research & Development,Laboratory Technician,3748,12,0.0743,LOW,75.0,10,10,50.0,Active Learning|Active Listening|Billing software|Commercial plate reader software|Data entry software|Database software|Microsoft PowerPoint|Reading Comprehension|Science|Writing,Executive Communication & Stakeholder Alignment (C-SOFT-02)
1992,Research & Development,Laboratory Technician,3977,2,0.3288,LOW,81.25,9,11,45.0,Active Learning|Commercial plate reader software|Critical Thinking|Database software|Google Docs|Microsoft Office software|Microsoft Outlook|Microsoft PowerPoint|Microsoft Word|Monitoring|Speaking,Critical Thinking & Complex Decision Making (C-SOFT-01)
1993,Research & Development,Healthcare Representative,8633,17,0.1106,LOW,56.25,12,7,63.16,Apache Hadoop|Google Workspace software|IBM SPSS Statistics|Microsoft Office software|Monitoring|Reading Comprehension|Speaking,Critical Thinking & Complex Decision Making (C-SOFT-01)
1994,Research & Development,Laboratory Technician,2008,1,0.24,LOW,62.5,8,12,40.0,Commercial plate reader software|Critical Thinking|Database software|Google Docs|MEDITECH software|Microsoft Office software|Microsoft Outlook|Microsoft Word|Monitoring|SAP software|Speaking|Writing,Critical Thinking & Complex Decision Making (C-SOFT-01)
1995,Sales,Sales Executive,4440,15,0.1062,LOW,62.5,11,8,57.89,Active Learning|Adobe Acrobat|Adobe Creative Cloud software|Adobe Illustrator|Autodesk AutoCAD|Microsoft PowerPoint|Salesforce software|Speaking,Critical Thinking & Complex Decision Making (C-SOFT-01)
1996,Sales,Sales Representative,3067,2,0.1834,LOW,62.5,8,11,42.11,Active Learning|Active Listening|Adobe Acrobat|Adobe Creative Cloud software|Adobe Photoshop|Apple macOS|Critical Thinking|Microsoft Excel|Microsoft PowerPoint|Monitoring|Salesforce software,Executive Communication & Stakeholder Alignment (C-SOFT-02)
1997,Research & Development,Manufacturing Director,5321,8,0.1445,LOW,62.5,10,10,50.0,Active Listening|Adobe Acrobat|Amazon Web Services AWS software|Apache Hadoop|Apple macOS|Atlassian JIRA|Learning Strategies|Monitoring|Speaking|Writing,Executive Communication & Stakeholder Alignment (C-SOFT-02)
1998,Research & Development,Research Scientist,5410,4,0.2028,LOW,68.75,11,11,50.0,Active Learning|Active Listening|Ansible software|Apache Spark|Critical Thinking|Git|Go|Mathematics|Monitoring|Reading Comprehension|Speaking,Executive Communication & Stakeholder Alignment (C-SOFT-02)
1999,Research & Development,Research Scientist,2782,5,0.0784,LOW,75.0,11,11,50.0,Amazon Web Services AWS software|Ansible software|Apache Hadoop|Apache Kafka|Bash|C|Critical Thinking|Git|Reading Comprehension|Science|Speaking,Critical Thinking & Complex Decision Making (C-SOFT-01)
2000,Research & Development,Research Director,11957,13,0.1046,LOW,56.25,12,10,54.55,Adobe Photoshop|ESRI ArcGIS software|Learning Strategies|Microsoft Access|Microsoft Outlook|Microsoft PowerPoint|Microsoft SharePoint|Microsoft Visio|Science|Writing,Critical Thinking & Complex Decision Making (C-SOFT-01)
2003,Research & Development,Laboratory Technician,2660,2,0.3179,LOW,81.25,9,11,45.0,Billing software|Commercial plate reader software|Critical Thinking|Data entry software|Google Docs|Microsoft Excel|Microsoft Office software|Microsoft Outlook|Microsoft Word|Reading Comprehension|SAP software,Critical Thinking & Complex Decision Making (C-SOFT-01)
2007,Research & Development,Research Scientist,3375,3,0.1214,LOW,87.5,9,13,40.91,Active Learning|Amazon Web Services AWS software|Ansible software|Apache Hadoop|Apache Spark|Bash|Git|GitHub|Go|Mathematics|Monitoring|Science|Writing,Critical Thinking & Complex Decision Making (C-SOFT-01)
2008,Research & Development,Research Scientist,5098,10,0.1016,LOW,62.5,11,11,50.0,Active Learning|Active Listening|Apache Spark|C++|Git|GitHub|Mathematics|Monitoring|Reading Comprehension|Speaking|Writing,Executive Communication & Stakeholder Alignment (C-SOFT-02)
2009,Research & Development,Healthcare Representative,4878,9,0.202,LOW,62.5,9,10,47.37,Active Learning|Amazon Web Services AWS software|Apache Hadoop|Critical Thinking|HubSpot software|Intuit QuickBooks|Microsoft Excel|Microsoft Outlook|Reading Comprehension|Speaking,Critical Thinking & Complex Decision Making (C-SOFT-01)
2010,Research & Development,Laboratory Technician,2837,6,0.2356,LOW,62.5,9,11,45.0,Commercial plate reader software|Critical Thinking|Data entry software|Database software|MEDITECH software|Microsoft Excel|Microsoft PowerPoint|SAP software|Science|Speaking|Writing,Critical Thinking & Complex Decision Making (C-SOFT-01)
2012,Research & Development,Laboratory Technician,2406,1,0.1492,LOW,68.75,9,11,45.0,Active Listening|Critical Thinking|Database software|Google Docs|Microsoft PowerPoint|Microsoft Word|Monitoring|Reading Comprehension|SAP software|Science|Writing,Executive Communication & Stakeholder Alignment (C-SOFT-02) + Critical Thinking & Complex Decision Making (C-SOFT-01)
2013,Sales,Sales Representative,2269,2,0.2353,LOW,50.0,8,11,42.11,Adobe Acrobat|Adobe Creative Cloud software|Adobe Photoshop|Apple macOS|Critical Thinking|Microsoft Excel|Microsoft PowerPoint|Monitoring|Reading Comprehension|Salesforce software|Speaking,Critical Thinking & Complex Decision Making (C-SOFT-01)
2014,Research & Development,Research Scientist,4108,7,0.2058,LOW,56.25,13,9,59.09,Active Learning|Amazon Web Services AWS software|Apache Spark|Bash|C++|Git|Mathematics|Monitoring|Writing,Critical Thinking & Complex Decision Making (C-SOFT-01)
2015,Research & Development,Research Director,13206,18,0.0539,LOW,43.75,13,9,59.09,Active Learning|Adobe Acrobat|Critical Thinking|IBM SPSS Statistics|Microsoft Office software|Microsoft Outlook|Microsoft SharePoint|Microsoft Visio|Monitoring,Critical Thinking & Complex Decision Making (C-SOFT-01)
2016,Sales,Sales Executive,10422,14,0.1823,LOW,81.25,10,9,52.63,Adobe Acrobat|Adobe Illustrator|Apple macOS|Autodesk AutoCAD|Microsoft Excel|Microsoft Office software|Microsoft PowerPoint|Monitoring|Reading Comprehension,Critical Thinking & Complex Decision Making (C-SOFT-01)
2017,Research & Development,Research Director,13744,16,0.072,LOW,75.0,12,10,54.55,Active Listening|ESRI ArcGIS software|IBM SPSS Statistics|Mathematics|Microsoft Access|Microsoft Office software|Microsoft PowerPoint|Reading Comprehension|Science|Speaking,Executive Communication & Stakeholder Alignment (C-SOFT-02)
2018,Sales,Sales Executive,4907,5,0.3328,LOW,56.25,8,11,42.11,Active Learning|Active Listening|Adobe Creative Cloud software|Adobe Illustrator|Adobe InDesign|Adobe Photoshop|Apple macOS|Critical Thinking|Microsoft PowerPoint|Monitoring|Speaking,Executive Communication & Stakeholder Alignment (C-SOFT-02)
2019,Sales,Sales Representative,3482,9,0.2161,LOW,62.5,11,8,57.89,Adobe Illustrator|Adobe Photoshop|Autodesk AutoCAD|Critical Thinking|Microsoft Office software|Microsoft PowerPoint|Reading Comprehension|Writing,Critical Thinking & Complex Decision Making (C-SOFT-01)
2020,Research & Development,Research Scientist,2436,4,0.317,LOW,75.0,10,12,45.45,Active Learning|Active Listening|Apache Hadoop|Apache Kafka|Bash|C++|Critical Thinking|Go|Mathematics|Monitoring|Speaking|Writing,Executive Communication & Stakeholder Alignment (C-SOFT-02)
2021,Sales,Sales Representative,2380,2,0.4324,MEDIUM,68.75,8,11,42.11,Adobe Illustrator|Adobe InDesign|Apple macOS|Autodesk AutoCAD|Microsoft Excel|Microsoft Office software|Microsoft Outlook|Microsoft PowerPoint|Monitoring|Reading Comprehension|Writing,Critical Thinking & Complex Decision Making (C-SOFT-01)
2022,Research & Development,Manager,19431,6,0.0743,LOW,87.5,12,8,60.0,Active Learning|Active Listening|Adobe Acrobat|Apple macOS|Atlassian Confluence|Atlassian JIRA|Learning Strategies|Microsoft Excel,Executive Communication & Stakeholder Alignment (C-SOFT-02)
2023,Sales,Sales Representative,1790,1,0.8452,HIGH,56.25,7,12,36.84,Adobe Acrobat|Adobe Creative Cloud software|Adobe Illustrator|Adobe InDesign|Adobe Photoshop|Apple macOS|Autodesk AutoCAD|Critical Thinking|Microsoft Excel|Microsoft Outlook|Microsoft PowerPoint|Salesforce software,Critical Thinking & Complex Decision Making (C-SOFT-01)
2024,Sales,Sales Executive,7644,9,0.1579,LOW,62.5,9,10,47.37,Active Listening|Adobe Creative Cloud software|Adobe Illustrator|Adobe InDesign|Autodesk AutoCAD|Critical Thinking|Microsoft Office software|Microsoft PowerPoint|Salesforce software|Writing,Executive Communication & Stakeholder Alignment (C-SOFT-02)
2025,Research & Development,Manufacturing Director,5131,4,0.1159,LOW,68.75,12,8,60.0,Active Learning|Adobe Acrobat|Atlassian Confluence|Atlassian JIRA|Critical Thinking|Microsoft Office software|Microsoft PowerPoint|Reading Comprehension,Critical Thinking & Complex Decision Making (C-SOFT-01)
2026,Research & Development,Healthcare Representative,6306,13,0.0507,LOW,62.5,10,9,52.63,Active Learning|Amazon Web Services AWS software|Apache Hadoop|Critical Thinking|Google Analytics|IBM SPSS Statistics|Linux|Microsoft Office software|Salesforce software,Critical Thinking & Complex Decision Making (C-SOFT-01)
2027,Research & Development,Research Scientist,4787,2,0.3908,MEDIUM,62.5,9,13,40.91,Active Listening|Amazon Web Services AWS software|Apache Hadoop|Apache Kafka|Apache Spark|Bash|C|Critical Thinking|Docker|Go|Mathematics|Reading Comprehension|Speaking,Executive Communication & Stakeholder Alignment (C-SOFT-02)
2031,Research & Development,Manager,18880,22,0.1069,LOW,50.0,13,7,65.0,Adobe Acrobat|Adobe Creative Cloud software|Adobe Photoshop|Apache Hadoop|Microsoft Excel|Microsoft Office software|Microsoft PowerPoint,Critical Thinking & Complex Decision Making (C-SOFT-01)
2032,Research & Development,Laboratory Technician,2339,10,0.5912,MEDIUM,87.5,11,9,55.0,Active Learning|Commercial plate reader software|Database software|MEDITECH software|Microsoft Outlook|Microsoft PowerPoint|SAP software|Science|Speaking,Critical Thinking & Complex Decision Making (C-SOFT-01)
2034,Research & Development,Manufacturing Director,13570,20,0.1104,LOW,50.0,12,8,60.0,Active Learning|Adobe Creative Cloud software|Apache Hadoop|Autodesk AutoCAD|Critical Thinking|Microsoft Office software|Reading Comprehension|Speaking,Critical Thinking & Complex Decision Making (C-SOFT-01)
2035,Sales,Sales Executive,6712,8,0.1485,LOW,81.25,9,10,47.37,Active Learning|Active Listening|Adobe Acrobat|Adobe Illustrator|Adobe Photoshop|Apple macOS|Autodesk AutoCAD|Microsoft Excel|Microsoft Office software|Speaking,Executive Communication & Stakeholder Alignment (C-SOFT-02)
2036,Sales,Sales Executive,5406,15,0.1762,LOW,62.5,10,9,52.63,Adobe Creative Cloud software|Adobe Photoshop|Apple macOS|Critical Thinking|Microsoft Excel|Microsoft Office software|Reading Comprehension|Speaking|Writing,Critical Thinking & Complex Decision Making (C-SOFT-01)
2037,Sales,Sales Executive,8938,5,0.1576,LOW,62.5,10,9,52.63,Active Listening|Adobe Acrobat|Adobe InDesign|Autodesk AutoCAD|Critical Thinking|Microsoft Excel|Microsoft PowerPoint|Reading Comprehension|Writing,Executive Communication & Stakeholder Alignment (C-SOFT-02)
2038,Research & Development,Research Scientist,2439,4,0.1432,LOW,75.0,9,13,40.91,Active Learning|Ansible software|Apache Spark|C|C++|Git|GitHub|Go|Learning Strategies|Mathematics|Reading Comprehension|Speaking|Writing,Critical Thinking & Complex Decision Making (C-SOFT-01)
2040,Human Resources,Human Resources,8837,9,0.2735,LOW,81.25,10,10,50.0,Active Listening|Adobe Creative Cloud software|Adobe Illustrator|Learning Strategies|Microsoft Excel|Microsoft Office software|Microsoft PowerPoint|Monitoring|Oracle HRIS|Workday software,Executive Communication & Stakeholder Alignment (C-SOFT-02)
2041,Sales,Sales Executive,5343,10,0.1935,LOW,68.75,9,10,47.37,Active Learning|Active Listening|Adobe Acrobat|Adobe Creative Cloud software|Adobe InDesign|Apple macOS|Microsoft Excel|Microsoft Outlook|Monitoring|Salesforce software,Executive Communication & Stakeholder Alignment (C-SOFT-02)
2044,Sales,Sales Executive,6728,6,0.4245,MEDIUM,75.0,10,9,52.63,Active Learning|Adobe Photoshop|Apple macOS|Autodesk AutoCAD|Critical Thinking|Microsoft Excel|Microsoft Outlook|Reading Comprehension|Speaking,Critical Thinking & Complex Decision Making (C-SOFT-01)
2045,Sales,Sales Executive,6652,6,0.2227,LOW,56.25,9,10,47.37,Adobe Acrobat|Adobe InDesign|Adobe Photoshop|Apple macOS|Microsoft Outlook|Microsoft PowerPoint|Monitoring|Reading Comprehension|Salesforce software|Writing,Critical Thinking & Complex Decision Making (C-SOFT-01)
2046,Sales,Sales Executive,4850,5,0.2575,LOW,81.25,9,10,47.37,Active Learning|Adobe Creative Cloud software|Adobe Illustrator|Apple macOS|Critical Thinking|Microsoft Excel|Microsoft Office software|Reading Comprehension|Salesforce software|Writing,Critical Thinking & Complex Decision Making (C-SOFT-01)
2048,Research & Development,Research Scientist,2809,2,0.1118,LOW,75.0,10,12,45.45,Amazon Web Services AWS software|Apache Hadoop|Apache Spark|C|Docker|GitHub|Go|Learning Strategies|Monitoring|Science|Speaking|Writing,Critical Thinking & Complex Decision Making (C-SOFT-01)
2049,Research & Development,Healthcare Representative,5689,10,0.1295,LOW,81.25,9,10,47.37,Amazon Web Services AWS software|Google Workspace software|HubSpot software|Intuit QuickBooks|Linux|Microsoft Office software|Monitoring|Reading Comprehension|Salesforce software|Speaking,Critical Thinking & Complex Decision Making (C-SOFT-01)
2051,Research & Development,Research Scientist,2001,5,0.1232,LOW,68.75,13,9,59.09,Active Learning|Active Listening|Amazon Web Services AWS software|Apache Spark|Docker|GitHub|Go|Monitoring|Speaking,Executive Communication & Stakeholder Alignment (C-SOFT-02)
2052,Research & Development,Research Scientist,2977,4,0.096,LOW,75.0,9,13,40.91,Active Learning|Amazon Web Services AWS software|Apache Kafka|Apache Spark|Bash|C|Critical Thinking|Git|GitHub|Go|Learning Strategies|Mathematics|Speaking,Critical Thinking & Complex Decision Making (C-SOFT-01)
2053,Research & Development,Laboratory Technician,4025,4,0.2167,LOW,56.25,10,10,50.0,Database software|Microsoft Office software|Microsoft Outlook|Microsoft PowerPoint|Microsoft Word|Monitoring|Reading Comprehension|Science|Speaking|Writing,Critical Thinking & Complex Decision Making (C-SOFT-01)
2054,Research & Development,Research Scientist,3785,5,0.2726,LOW,56.25,10,12,45.45,Active Learning|Active Listening|Amazon Web Services AWS software|Apache Hadoop|Apache Spark|Bash|C|Docker|Go|Learning Strategies|Mathematics|Writing,Executive Communication & Stakeholder Alignment (C-SOFT-02)
2055,Sales,Sales Executive,10854,3,0.72,HIGH,56.25,11,8,57.89,Adobe Illustrator|Adobe InDesign|Critical Thinking|Microsoft Outlook|Microsoft PowerPoint|Monitoring|Reading Comprehension|Salesforce software,Critical Thinking & Complex Decision Making (C-SOFT-01)
2056,Sales,Sales Executive,12031,20,0.2167,LOW,56.25,12,7,63.16,Adobe Acrobat|Adobe Creative Cloud software|Autodesk AutoCAD|Critical Thinking|Microsoft Outlook|Microsoft PowerPoint|Writing,Critical Thinking & Complex Decision Making (C-SOFT-01)
2057,Research & Development,Manufacturing Director,9936,9,0.1504,LOW,50.0,10,10,50.0,Active Learning|Active Listening|Adobe Acrobat|Atlassian Confluence|Autodesk AutoCAD|Critical Thinking|Microsoft Office software|Microsoft PowerPoint|Monitoring|Writing,Executive Communication & Stakeholder Alignment (C-SOFT-02)
2060,Sales,Sales Representative,2966,4,0.1967,LOW,81.25,8,11,42.11,Active Learning|Active Listening|Adobe Acrobat|Adobe Creative Cloud software|Adobe InDesign|Apple macOS|Microsoft Excel|Monitoring|Reading Comprehension|Salesforce software|Writing,Executive Communication & Stakeholder Alignment (C-SOFT-02)
2061,Research & Development,Laboratory Technician,2571,5,0.1033,LOW,87.5,11,9,55.0,Commercial plate reader software|Critical Thinking|Database software|MEDITECH software|Microsoft Excel|Microsoft Outlook|Microsoft Word|Monitoring|Speaking,Critical Thinking & Complex Decision Making (C-SOFT-01)
2062,Research & Development,Healthcare Representative,9991,7,0.1322,LOW,50.0,9,10,47.37,Active Listening|Apache Hadoop|Critical Thinking|Google Analytics|Microsoft Excel|Microsoft Office software|Microsoft Outlook|Reading Comprehension|Speaking|Writing,Executive Communication & Stakeholder Alignment (C-SOFT-02) + Critical Thinking & Complex Decision Making (C-SOFT-01)
2064,Research & Development,Manufacturing Director,6142,6,0.3184,LOW,62.5,9,11,45.0,Active Learning|Active Listening|Adobe Acrobat|Adobe Photoshop|Apache Hadoop|Apple macOS|Autodesk AutoCAD|Critical Thinking|Microsoft Office software|Monitoring|Writing,Executive Communication & Stakeholder Alignment (C-SOFT-02)
2065,Sales,Sales Executive,5390,9,0.1754,LOW,75.0,11,8,57.89,Active Learning|Adobe Illustrator|Critical Thinking|Microsoft Excel|Microsoft Outlook|Reading Comprehension|Speaking|Writing,Critical Thinking & Complex Decision Making (C-SOFT-01)
2068,Research & Development,Laboratory Technician,4404,4,0.2329,LOW,62.5,9,11,45.0,Active Listening|Billing software|Data entry software|Database software|Google Docs|MEDITECH software|Microsoft Excel|Microsoft Outlook|Microsoft PowerPoint|Microsoft Word|Science,Executive Communication & Stakeholder Alignment (C-SOFT-02)
